  EFITD    01/01/2017    #000001     1ms           3 129 129
 4.000000000E+00 7.529411765E+00 4.000000000E+00 1.976470588E+00 0.000000000E+00
 4.409283600E+00-7.375464918E-05-6.024908371E+00-3.172033171E+00 7.000000000E+00
 8.100000004E+06-6.024908371E+00 0.000000000E+00 4.409283600E+00 0.000000000E+00
-7.375464918E-05 0.000000000E+00-3.172033171E+00 0.000000000E+00 0.000000000E+00
 2.752659008E+01 2.754589065E+01 2.756413034E+01 2.758144826E+01 2.759791473E+01
 2.761357686E+01 2.762847936E+01 2.764266153E+01 2.765615967E+01 2.766900772E+01
 2.768123779E+01 2.769287961E+01 2.770396349E+01 2.771451480E+01 2.772454712E+01
 2.773408433E+01 2.774316415E+01 2.775181829E+01 2.776007426E+01 2.776795667E+01
 2.777548752E+01 2.778268673E+01 2.778957226E+01 2.779616025E+01 2.780246568E+01
 2.780850224E+01 2.781428218E+01 2.781981736E+01 2.782511834E+01 2.783019515E+01
 2.783505702E+01 2.783971252E+01 2.784416979E+01 2.784843641E+01 2.785251947E+01
 2.785642572E+01 2.786016141E+01 2.786373256E+01 2.786714486E+01 2.787040356E+01
 2.787351371E+01 2.787648022E+01 2.787930773E+01 2.788200051E+01 2.788456275E+01
 2.788699842E+01 2.788931139E+01 2.789150527E+01 2.789358361E+01 2.789554971E+01
 2.789740676E+01 2.789915784E+01 2.790080605E+01 2.790235412E+01 2.790380493E+01
 2.790516104E+01 2.790642499E+01 2.790759942E+01 2.790868656E+01 2.790968880E+01
 2.791060844E+01 2.791144753E+01 2.791220814E+01 2.791289233E+01 2.791350355E+01
 2.791404684E+01 2.791452959E+01 2.791496029E+01 2.791534793E+01 2.791570106E+01
 2.791602775E+01 2.791633542E+01 2.791663099E+01 2.791692095E+01 2.791721141E+01
 2.791750788E+01 2.791781555E+01 2.791813895E+01 2.791848245E+01 2.791884982E+01
 2.791924454E+01 2.791966973E+01 2.792012802E+01 2.792062165E+01 2.792115274E+01
 2.792172279E+01 2.792233311E+01 2.792298460E+01 2.792367809E+01 2.792441384E+01
 2.792519191E+01 2.792601222E+01 2.792687429E+01 2.792777771E+01 2.792872164E+01
 2.792970526E+01 2.793072792E+01 2.793178862E+01 2.793288705E+01 2.793402294E+01
 2.793519614E+01 2.793640879E+01 2.793766475E+01 2.793896453E+01 2.794030293E+01
 2.794167312E+01 2.794307320E+01 2.794451149E+01 2.794600554E+01 2.794757733E+01
 2.794925272E+01 2.795106415E+01 2.795304927E+01 2.795525015E+01 2.795770987E+01
 2.796046688E+01 2.796354384E+01 2.796693406E+01 2.797059284E+01 2.797443279E+01
 2.797832734E+01 2.798212628E+01 2.798568945E+01 2.798891653E+01 2.799175556E+01
 2.799420944E+01 2.799633809E+01 2.799823551E+01 2.800000000E+01
 1.253072676E+06 1.227402935E+06 1.202479636E+06 1.178282349E+06 1.154790645E+06
 1.131984089E+06 1.109842253E+06 1.088344695E+06 1.067471004E+06 1.047200736E+06
 1.027513345E+06 1.008388983E+06 9.898055370E+05 9.717453179E+05 9.542042685E+05
 9.371642208E+05 9.205886172E+05 9.044469331E+05 8.887133124E+05 8.733641849E+05
 8.583787917E+05 8.437384468E+05 8.294262855E+05 8.154270136E+05 8.017267055E+05
 7.883126836E+05 7.751733188E+05 7.622978449E+05 7.496762607E+05 7.372993581E+05
 7.251586550E+05 7.132461891E+05 7.015544436E+05 6.900764643E+05 6.788057747E+05
 6.677362055E+05 6.568619515E+05 6.461776069E+05 6.356780094E+05 6.253582566E+05
 6.152137743E+05 6.052401894E+05 5.954332890E+05 5.857891163E+05 5.763039560E+05
 5.669742213E+05 5.577964367E+05 5.487672950E+05 5.398836770E+05 5.311426148E+05
 5.225412393E+05 5.140767686E+05 5.057465285E+05 4.975479624E+05 4.894786314E+05
 4.815361859E+05 4.737183535E+05 4.660229390E+05 4.584478220E+05 4.509909542E+05
 4.436503585E+05 4.364241362E+05 4.293104767E+05 4.223076417E+05 4.154139371E+05
 4.086276453E+05 4.019469338E+05 3.953697998E+05 3.888940860E+05 3.825175163E+05
 3.762377400E+05 3.700523512E+05 3.639589109E+05 3.579549617E+05 3.520380610E+05
 3.462058017E+05 3.404558232E+05 3.347857993E+05 3.291934439E+05 3.236765266E+05
 3.182328679E+05 3.128603389E+05 3.075568545E+05 3.023203666E+05 2.971488503E+05
 2.920403050E+05 2.869927415E+05 2.820041618E+05 2.770725237E+05 2.721957276E+05
 2.673715784E+05 2.625977277E+05 2.578716532E+05 2.531905864E+05 2.485513767E+05
 2.439503722E+05 2.393833505E+05 2.348453257E+05 2.303302122E+05 2.258305164E+05
 2.213370045E+05 2.168380683E+05 2.123189159E+05 2.077608538E+05 2.031404588E+05
 1.984282207E+05 1.935866937E+05 1.885684640E+05 1.833139429E+05 1.777487238E+05
 1.717810738E+05 1.653010394E+05 1.581829343E+05 1.502917110E+05 1.414952371E+05
 1.316866891E+05 1.208190755E+05 1.089438300E+05 9.623993139E+04 8.302387214E+04
 6.973211511E+04 5.686890878E+04 4.491441540E+04 3.423292892E+04 2.503377329E+04
 1.737212055E+04 1.111495143E+04 5.972254505E+03 1.630545364E+03
 2.454902146E+01 2.314140805E+01 2.195840279E+01 2.088999955E+01 1.987658225E+01
 1.892122148E+01 1.801529758E+01 1.715439411E+01 1.633573014E+01 1.555671400E+01
 1.481536129E+01 1.410845495E+01 1.344039809E+01 1.279512175E+01 1.215914826E+01
 1.157197388E+01 1.102849310E+01 1.051951733E+01 1.004306366E+01 9.595005805E+00
 9.172530745E+00 8.773176405E+00 8.394782620E+00 8.035519135E+00 7.693719985E+00
 7.367907470E+00 7.056866705E+00 6.759568340E+00 6.475026880E+00 6.202228760E+00
 5.940371605E+00 5.688861395E+00 5.447074465E+00 5.214239765E+00 4.989919760E+00
 4.773686820E+00 4.565019830E+00 4.363455985E+00 4.168768205E+00 3.980497745E+00
 3.798296390E+00 3.621960195E+00 3.451222950E+00 3.285719059E+00 3.125226748E+00
 2.969593662E+00 2.818629797E+00 2.672098940E+00 2.529778251E+00 2.391508416E+00
 2.257166146E+00 2.126617157E+00 1.999710604E+00 1.876293622E+00 1.756232951E+00
 1.639420633E+00 1.525758447E+00 1.415129576E+00 1.307417776E+00 1.202600234E+00
 1.100616398E+00 1.001047348E+00 9.038944915E-01 8.099157570E-01 7.209823600E-01
 6.399679615E-01 5.691809165E-01 5.096618275E-01 4.613114695E-01 4.233749065E-01
 3.950114105E-01 3.756522385E-01 3.647525630E-01 3.617063485E-01 3.659126625E-01
 3.767934625E-01 3.938002670E-01 4.164045200E-01 4.440854530E-01 4.763273200E-01
 5.126400685E-01 5.525449790E-01 5.955750850E-01 6.412831460E-01 6.892397155E-01
 7.390096875E-01 7.901802160E-01 8.423679600E-01 8.952001660E-01 9.483166980E-01
 1.001404033E+00 1.054160761E+00 1.106293689E+00 1.157601984E+00 1.207986360E+00
 1.257316508E+00 1.305562622E+00 1.353041708E+00 1.400247212E+00 1.446804804E+00
 1.494117086E+00 1.545812915E+00 1.602691615E+00 1.655886488E+00 1.699567111E+00
 1.735971412E+00 1.774588249E+00 1.831881411E+00 1.914749179E+00 2.026815105E+00
 2.175072508E+00 2.367972194E+00 2.611358544E+00 2.909300625E+00 3.261255581E+00
 3.655907360E+00 4.064432820E+00 4.443179860E+00 4.739475510E+00 4.899158600E+00
 4.877788475E+00 4.660586525E+00 4.286817745E+00 3.817755865E+00 3.313063061E+00
 2.850806721E+00 2.496590831E+00 2.270356974E+00 2.162905836E+00
-1.168699402E+06-1.134750276E+06-1.101717872E+06-1.069602172E+06-1.038403232E+06
-1.008121002E+06-9.787552479E+05-9.503073793E+05-9.227730850E+05-8.961598119E+05
-8.704692924E+05-8.456368283E+05-8.219306695E+05-7.986856472E+05-7.753435019E+05
-7.537287837E+05-7.336669708E+05-7.147913946E+05-6.970498553E+05-6.802892687E+05
-6.644105584E+05-6.493266911E+05-6.349612163E+05-6.212499659E+05-6.081338903E+05
-5.955604825E+05-5.834876648E+05-5.718805784E+05-5.607050801E+05-5.499242419E+05
-5.395100402E+05-5.294436188E+05-5.197038454E+05-5.102615220E+05-5.011029104E+05
-4.922142157E+05-4.835764578E+05-4.751729461E+05-4.669982237E+05-4.590348397E+05
-4.512704469E+05-4.436995502E+05-4.363132497E+05-4.290972865E+05-4.220443486E+05
-4.151503850E+05-4.084092237E+05-4.018121157E+05-3.953507770E+05-3.890199742E+05
-3.828161356E+05-3.767349635E+05-3.707711487E+05-3.649191717E+05-3.591744352E+05
-3.535333073E+05-3.479923331E+05-3.425482005E+05-3.371975924E+05-3.319372810E+05
-3.267640104E+05-3.216740109E+05-3.166634161E+05-3.117292103E+05-3.068706408E+05
-3.020906951E+05-2.973965638E+05-2.927961752E+05-2.882958012E+05-2.838995080E+05
-2.796101455E+05-2.754296900E+05-2.713593312E+05-2.673992164E+05-2.635481672E+05
-2.598039539E+05-2.561648424E+05-2.526293054E+05-2.491952781E+05-2.458600022E+05
-2.426213796E+05-2.394773032E+05-2.364257702E+05-2.334654251E+05-2.305955556E+05
-2.278148871E+05-2.251232628E+05-2.225221558E+05-2.200136832E+05-2.176008126E+05
-2.152895749E+05-2.130873390E+05-2.110024282E+05-2.090484954E+05-2.072465764E+05
-2.056201293E+05-2.041971226E+05-2.030180961E+05-2.021413064E+05-2.016344785E+05
-2.015864917E+05-2.021212307E+05-2.034005449E+05-2.056127529E+05-2.089938838E+05
-2.138542842E+05-2.205955189E+05-2.297104103E+05-2.417990251E+05-2.575904935E+05
-2.779107996E+05-3.035688019E+05-3.351674961E+05-3.729438684E+05-4.163991905E+05
-4.637613896E+05-5.114334080E+05-5.541802660E+05-5.857917955E+05-6.001385182E+05
-5.925844554E+05-5.616829383E+05-5.110419777E+05-4.474508933E+05-3.780264416E+05
-3.094845641E+05-2.519964648E+05-2.094784752E+05-1.801205999E+05
-2.491420390E+00-2.602525960E+00-2.718276022E+00-2.838798021E+00-2.964171538E+00
-3.094411338E+00-3.229451269E+00-3.369133154E+00-3.513204199E+00-3.661324432E+00
-3.813080886E+00-3.968002929E+00-4.125571698E+00-4.285219986E+00-4.446980036E+00
-4.594413716E+00-4.717723624E+00-4.808647839E+00-4.878991513E+00-4.968705276E+00
-5.086068022E+00-5.235183853E+00-5.422325099E+00-5.629609196E+00-5.799192039E+00
-5.936961010E+00-6.047278026E+00-6.133016410E+00-6.195880770E+00-6.236711203E+00
-6.255742716E+00-6.252814458E+00-6.227454325E+00-6.178812105E+00-6.105526610E+00
-6.005584263E+00-5.876138965E+00-5.713235953E+00-5.511397323E+00-5.263107759E+00
-4.958512424E+00-4.653578608E+00-4.381343947E+00-4.133675325E+00-3.904347167E+00
-3.688732053E+00-3.483344399E+00-3.285470298E+00-3.092906120E+00-2.903777165E+00
-2.716407269E+00-2.529218278E+00-2.340644421E+00-2.149050923E+00-1.952648091E+00
-1.749394698E+00-1.536892973E+00-1.312305296E+00-1.075135402E+00-8.638189954E-01
-6.750979762E-01-5.103356501E-01-3.713081066E-01-2.505661171E-01-1.510893211E-01
-7.628441727E-02-1.989225257E-02 1.368996137E-02 1.941593594E-02 2.097645907E-03
-4.452879297E-02-1.147488639E-01-1.689608972E-01-2.101325475E-01-2.405540806E-01
-2.620618397E-01-2.761063316E-01-2.838360775E-01-2.861686015E-01-2.838449891E-01
-2.774707862E-01-2.675465805E-01-2.544910253E-01-2.386582810E-01-2.203513810E-01
-1.998325528E-01-1.773312719E-01-1.530506029E-01-1.271722278E-01-9.986047347E-02
-7.126555194E-02-4.152618342E-02-1.077172764E-02 2.087608246E-02 5.330173282E-02
 8.639479098E-02 1.200489949E-01 1.541615385E-01 1.886325247E-01 2.233645686E-01
 2.582625284E-01 2.932333600E-01 3.281860739E-01 3.630317774E-01 3.976838198E-01
 4.320579820E-01 4.660727502E-01 4.996496235E-01 5.327134613E-01 5.651928567E-01
 5.970205091E-01 6.281336072E-01 6.584741863E-01 6.879894591E-01 7.166321066E-01
 7.443605143E-01 7.711389586E-01 7.969377168E-01 8.217331197E-01 8.455075186E-01
 8.682491903E-01 8.899521705E-01 9.106160213E-01 9.302455308E-01 9.488503856E-01
 9.664447718E-01 9.830469561E-01 9.986788562E-01 1.013365565E+00-2.532020177E+00
-2.648455997E+00-2.770432698E+00-2.898218865E+00-3.032036329E+00-3.172026118E+00
-3.318209467E+00-3.470455020E+00-3.628470336E+00-3.791829700E+00-3.960029788E+00
-4.132550732E+00-4.309236313E+00-4.478976886E+00-4.625497379E+00-4.745680936E+00
-4.842617149E+00-4.910886478E+00-4.957606425E+00-5.025339936E+00-5.120402862E+00
-5.245268949E+00-5.405279145E+00-5.585415837E+00-5.732553589E+00-5.853207856E+00
-5.950594782E+00-6.026454785E+00-6.081684388E+00-6.116597849E+00-6.131107236E+00
-6.124873331E+00-6.097359039E+00-6.047755983E+00-5.974865550E+00-5.876993420E+00
-5.751836249E+00-5.596302973E+00-5.406173885E+00-5.175305417E+00-4.893418566E+00
-4.610868551E+00-4.355992728E+00-4.120735701E+00-3.900167300E+00-3.690774812E+00
-3.489839953E+00-3.295147311E+00-3.104811333E+00-2.917156806E+00-2.730626793E+00
-2.543704878E+00-2.354842959E+00-2.162389077E+00-1.964512573E+00-1.759129928E+00
-1.543845243E+00-1.315936267E+00-1.076353243E+00-8.605157821E-01-6.691436861E-01
-5.024421362E-01-3.603690666E-01-2.386580155E-01-1.389527200E-01-6.271768811E-02
-7.029085102E-03 2.499287596E-02 3.030096269E-02 1.031658256E-02-3.972328241E-02
-1.114809408E-01-1.683493452E-01-2.116956025E-01-2.437125367E-01-2.662585844E-01
-2.808566934E-01-2.887361182E-01-2.908860125E-01-2.881055892E-01-2.810458184E-01
-2.702423236E-01-2.561407679E-01-2.391163028E-01-2.194885005E-01-1.975328537E-01
-1.734897275E-01-1.475713595E-01-1.199674027E-01-9.084933539E-02-6.037400188E-02
-2.868647222E-02 4.077640465E-03 3.779029553E-02 7.232949711E-02 1.075780602E-01
 1.434226276E-01 1.797528990E-01 2.164610513E-01 2.534413237E-01 2.905897511E-01
 3.278040454E-01 3.649835790E-01 4.020295109E-01 4.388449844E-01 4.753354331E-01
 5.114089589E-01 5.469767679E-01 5.819536509E-01 6.162585030E-01 6.498148462E-01
 6.825513534E-01 7.144023416E-01 7.453082339E-01 7.752159582E-01 8.040792825E-01
 8.318590649E-01 8.585234087E-01 8.840477340E-01 9.084147408E-01 9.316142696E-01
 9.536430807E-01 9.745045320E-01 9.942081979E-01 1.012769390E+00 1.030208664E+00
 1.046551245E+00 1.061826464E+00 1.076067153E+00-2.560377938E+00-2.681292130E+00
-2.808719433E+00-2.943154563E+00-3.085081487E+00-3.234915784E+00-3.392903488E+00
-3.558984839E+00-3.732708368E+00-3.913318793E+00-4.100007563E+00-4.289763989E+00
-4.448491397E+00-4.590926137E+00-4.711295831E+00-4.805471671E+00-4.877212902E+00
-4.921451294E+00-4.946397841E+00-4.990343463E+00-5.056909307E+00-5.143797376E+00
-5.247378037E+00-5.357132999E+00-5.458846884E+00-5.547140437E+00-5.620254948E+00
-5.677415737E+00-5.718152365E+00-5.742056692E+00-5.748676493E+00-5.737462096E+00
-5.707736772E+00-5.658678854E+00-5.589312487E+00-5.498510076E+00-5.385018732E+00
-5.247542821E+00-5.084972224E+00-4.897078447E+00-4.687277354E+00-4.469664997E+00
-4.256310131E+00-4.049891884E+00-3.850347006E+00-3.656837844E+00-3.468279333E+00
-3.283517254E+00-3.101388977E+00-2.920734876E+00-2.740385810E+00-2.559136385E+00
-2.375706815E+00-2.188692354E+00-1.996495878E+00-1.797235756E+00-1.588623641E+00
-1.367834455E+00-1.135521698E+00-9.262193769E-01-7.405054336E-01-5.782449356E-01
-4.392460509E-01-3.195700011E-01-2.207725127E-01-1.441830093E-01-8.711522051E-02
-5.247023242E-02-4.306774851E-02-5.779397899E-02-1.015311771E-01-1.663288127E-01
-2.165380426E-01-2.538605777E-01-2.806350187E-01-2.986681813E-01-3.093563549E-01
-3.137943122E-01-3.128544133E-01-3.072422386E-01-2.975362353E-01-2.842166353E-01
-2.676869583E-01-2.482902771E-01-2.263217019E-01-2.020380750E-01-1.756655681E-01
-1.474057355E-01-1.174403368E-01-8.593524374E-02-5.304361196E-02-1.890847553E-02
 1.633512239E-02 5.255838107E-02 8.963730821E-02 1.274515553E-01 1.658834843E-01
 2.048174422E-01 2.441392161E-01 2.837356728E-01 3.234945354E-01 3.633043366E-01
 4.030544891E-01 4.426355062E-01 4.819393309E-01 5.208597805E-01 5.592930920E-01
 5.971385392E-01 6.342991103E-01 6.706822328E-01 7.062005080E-01 7.407724316E-01
 7.743231012E-01 8.067848556E-01 8.380978253E-01 8.682104127E-01 8.970796316E-01
 9.246713373E-01 9.509603145E-01 9.759302281E-01 9.995734378E-01 1.021890684E+00
 1.042890660E+00 1.062589470E+00 1.081010000E+00 1.098181235E+00 1.114137509E+00
 1.128917744E+00 1.142564673E+00-2.573980047E+00-2.697910779E+00-2.829263682E+00
-2.968844321E+00-3.117574934E+00-3.276486754E+00-3.446623261E+00-3.628561952E+00
-3.821247934E+00-4.017957176E+00-4.196414934E+00-4.355847671E+00-4.492893758E+00
-4.608660136E+00-4.699785583E+00-4.767040440E+00-4.814074298E+00-4.835668479E+00
-4.848111020E+00-4.878238536E+00-4.923970771E+00-4.981577971E+00-5.046974383E+00
-5.115261055E+00-5.181402713E+00-5.241286729E+00-5.292028833E+00-5.331684933E+00
-5.358900235E+00-5.372661916E+00-5.372146599E+00-5.356630937E+00-5.325443181E+00
-5.277944969E+00-5.213540299E+00-5.131716781E+00-5.032133821E+00-4.914785124E+00
-4.780277678E+00-4.630253290E+00-4.467794907E+00-4.297192360E+00-4.122661481E+00
-3.947189802E+00-3.772427715E+00-3.599075316E+00-3.427245362E+00-3.256699261E+00
-3.086985545E+00-2.917517027E+00-2.747611012E+00-2.576505802E+00-2.403361282E+00
-2.227245176E+00-2.047100927E+00-1.861678762E+00-1.669368739E+00-1.467706473E+00
-1.255050730E+00-1.065121073E+00-8.938517664E-01-7.423094262E-01-6.121301985E-01
-4.972324174E-01-4.004860559E-01-3.247004556E-01-2.644551441E-01-2.234426082E-01
-2.054987297E-01-2.062706248E-01-2.317440753E-01-2.780280172E-01-3.106183624E-01
-3.334607294E-01-3.485355767E-01-3.570523707E-01-3.598840872E-01-3.577171953E-01
-3.511155510E-01-3.405534162E-01-3.264355313E-01-3.091109644E-01-2.888834796E-01
-2.660196911E-01-2.407556631E-01-2.133023297E-01-1.838500150E-01-1.525721957E-01
-1.196286758E-01-8.516826561E-02-4.933105224E-02-1.225032668E-02 2.594577738E-02
 6.513289738E-02 1.051892759E-01 1.459947930E-01 1.874301816E-01 2.293764166E-01
 2.717142671E-01 3.143240180E-01 3.570853525E-01 3.998773805E-01 4.425788512E-01
 4.850684966E-01 5.272255369E-01 5.689303200E-01 6.100650909E-01 6.505148559E-01
 6.901683358E-01 7.289189794E-01 7.666659906E-01 8.033153534E-01 8.387808044E-01
 8.729847460E-01 9.058590287E-01 9.373456100E-01 9.673970411E-01 9.959767922E-01
 1.023059365E+00 1.048630228E+00 1.072685555E+00 1.095231776E+00 1.116284985E+00
 1.135870183E+00 1.154020426E+00 1.170775878E+00 1.186182802E+00 1.200292550E+00
 1.213160528E+00-2.570617199E+00-2.695384985E+00-2.828141279E+00-2.969953451E+00
-3.122161044E+00-3.286517439E+00-3.465506984E+00-3.663333902E+00-3.863262311E+00
-4.040987496E+00-4.197819100E+00-4.336105423E+00-4.441999737E+00-4.528258572E+00
-4.591539463E+00-4.626141844E+00-4.643066826E+00-4.660538071E+00-4.683612842E+00
-4.713627001E+00-4.750509938E+00-4.792946118E+00-4.838829785E+00-4.885613096E+00
-4.930624734E+00-4.971363125E+00-5.005678743E+00-5.031819330E+00-5.048387327E+00
-5.054267385E+00-5.048558273E+00-5.030522397E+00-4.999555754E+00-4.955178854E+00
-4.897049052E+00-4.824995964E+00-4.739082314E+00-4.639689542E+00-4.527616878E+00
-4.404158638E+00-4.271091167E+00-4.130503206E+00-3.984493204E+00-3.834874264E+00
-3.683016138E+00-3.529833351E+00-3.375853658E+00-3.221307087E+00-3.066206134E+00
-2.910409154E+00-2.753667964E+00-2.595664371E+00-2.436040750E+00-2.274431532E+00
-2.110505212E+00-1.944038469E+00-1.775084685E+00-1.604484494E+00-1.435617602E+00
-1.275007979E+00-1.126599431E+00-9.917204202E-01-8.709004648E-01-7.644138644E-01
-6.724505694E-01-5.951737046E-01-5.327312185E-01-4.852352332E-01-4.526790442E-01
-4.347089135E-01-4.298610574E-01-4.332477185E-01-4.378117805E-01-4.402534386E-01
-4.395723120E-01-4.354814713E-01-4.279625625E-01-4.171153683E-01-4.030937860E-01
-3.860745780E-01-3.662410696E-01-3.437744916E-01-3.188495853E-01-2.916326397E-01
-2.622809722E-01-2.309432269E-01-1.977601478E-01-1.628655927E-01-1.263876626E-01
-8.844984603E-02-4.917215098E-02-8.672175444E-03 3.293389124E-02 7.553035693E-02
 1.190012084E-01 1.632294001E-01 2.080962577E-01 2.534810043E-01 2.992604307E-01
 3.453087017E-01 3.914973390E-01 4.376953702E-01 4.837696531E-01 5.295853982E-01
 5.750068742E-01 6.198982995E-01 6.641248944E-01 7.075540938E-01 7.500568634E-01
 7.915091136E-01 8.317931477E-01 8.707990931E-01 9.084262915E-01 9.445845691E-01
 9.791953575E-01 1.012192621E+00 1.043523559E+00 1.073149034E+00 1.101043744E+00
 1.127196112E+00 1.151607917E+00 1.174293639E+00 1.195279620E+00 1.214603003E+00
 1.232310527E+00 1.248457226E+00 1.263105055E+00 1.276321510E+00 1.288178270E+00
-2.548994513E+00-2.671871826E+00-2.802691585E+00-2.942549628E+00-3.092811366E+00
-3.255200321E+00-3.431885805E+00-3.625430253E+00-3.815731624E+00-3.976891427E+00
-4.111076263E+00-4.220165949E+00-4.301230367E+00-4.356553329E+00-4.386215153E+00
-4.411549805E+00-4.437246907E+00-4.464205113E+00-4.493155543E+00-4.524494965E+00
-4.558128410E+00-4.593434181E+00-4.629344501E+00-4.664484540E+00-4.697325284E+00
-4.726322453E+00-4.750021323E+00-4.767118511E+00-4.776486090E+00-4.777170860E+00
-4.768382483E+00-4.749480468E+00-4.719965871E+00-4.679481417E+00-4.627821146E+00
-4.564949617E+00-4.491028648E+00-4.406446403E+00-4.311838666E+00-4.208088260E+00
-4.096287496E+00-3.977658375E+00-3.853444058E+00-3.724800703E+00-3.592718444E+00
-3.457983917E+00-3.321179095E+00-3.182703457E+00-3.042807319E+00-2.901628412E+00
-2.759228803E+00-2.615631820E+00-2.470862228E+00-2.324994475E+00-2.178217932E+00
-2.030932293E+00-1.883887557E+00-1.738356868E+00-1.596215788E+00-1.459677956E+00
-1.330752411E+00-1.210919926E+00-1.101159779E+00-1.002090374E+00-9.140810126E-01
-8.373109788E-01-7.717814743E-01-7.172822259E-01-6.733055131E-01-6.388991441E-01
-6.124943864E-01-5.918966854E-01-5.746927549E-01-5.588422475E-01-5.429238464E-01
-5.260421406E-01-5.076599740E-01-4.874690635E-01-4.653060811E-01-4.411000985E-01
-4.148394818E-01-3.865507679E-01-3.562850215E-01-3.241089910E-01-2.900993965E-01
-2.543392866E-01-2.169158004E-01-1.779188613E-01-1.374405309E-01-9.557478494E-02
-5.241759765E-02-8.067214516E-03 3.737544579E-02 8.380632313E-02 1.311177208E-01
 1.791978181E-01 2.279302292E-01 2.771936288E-01 3.268614918E-01 3.768019604E-01
 4.268778754E-01 4.769470104E-01 5.268625057E-01 5.764735607E-01 6.256263651E-01
 6.741652836E-01 7.219342815E-01 7.687785799E-01 8.145464789E-01 8.590913185E-01
 9.022735153E-01 9.439625913E-01 9.840391385E-01 1.022396627E+00 1.058943016E+00
 1.093602055E+00 1.126314287E+00 1.157037650E+00 1.185747717E+00 1.212437501E+00
 1.237116910E+00 1.259811807E+00 1.280562764E+00 1.299423566E+00 1.316459487E+00
 1.331745462E+00 1.345364185E+00 1.357404226E+00 1.367958207E+00-2.509255615E+00
-2.627439313E+00-2.752876116E+00-2.886462547E+00-3.029277099E+00-3.182629514E+00
-3.348099070E+00-3.527549907E+00-3.699173863E+00-3.838884213E+00-3.948149049E+00
-4.029287953E+00-4.078661719E+00-4.119523001E+00-4.157533766E+00-4.193424205E+00
-4.227904800E+00-4.261566245E+00-4.294831059E+00-4.327898458E+00-4.360702793E+00
-4.392903297E+00-4.423910361E+00-4.452939792E+00-4.479081542E+00-4.501369600E+00
-4.518842743E+00-4.530590943E+00-4.535786231E+00-4.533700687E+00-4.523715654E+00
-4.505326610E+00-4.478146865E+00-4.441912520E+00-4.396489448E+00-4.341882317E+00
-4.278243665E+00-4.205880136E+00-4.125251607E+00-4.036958965E+00-3.941717091E+00
-3.840314519E+00-3.733564238E+00-3.622254879E+00-3.507110527E+00-3.388764952E+00
-3.267751045E+00-3.144503803E+00-3.019373044E+00-2.892642990E+00-2.764556340E+00
-2.635342192E+00-2.505248069E+00-2.374577010E+00-2.243730278E+00-2.113254328E+00
-1.983883903E+00-1.856562574E+00-1.732412313E+00-1.612637908E+00-1.498394323E+00
-1.390675787E+00-1.290261615E+00-1.197709450E+00-1.113368482E+00-1.037391433E+00
-9.697347640E-01-9.101442029E-01-8.581289614E-01-8.129372017E-01-7.735582226E-01
-7.387828562E-01-7.073291947E-01-6.779901320E-01-6.497387540E-01-6.217652078E-01
-5.934630597E-01-5.643942096E-01-5.342512329E-01-5.028249902E-01-4.699791939E-01
-4.356312567E-01-3.997381924E-01-3.622863438E-01-3.232839754E-01-2.827559654E-01
-2.407400761E-01-1.972843493E-01-1.524453809E-01-1.062872135E-01-5.888071228E-02
-1.030328959E-02 3.936110967E-02 9.002183540E-02 1.415812331E-01 1.939342724E-01
 2.469681481E-01 3.005619095E-01 3.545861558E-01 4.089028540E-01 4.633653381E-01
 5.178185174E-01 5.720993794E-01 6.260377830E-01 6.794576227E-01 7.321783460E-01
 7.840168426E-01 8.347896631E-01 8.843155419E-01 9.324181273E-01 9.789288576E-01
 1.023689846E+00 1.066556695E+00 1.107401087E+00 1.146113091E+00 1.182603049E+00
 1.216802987E+00 1.248667483E+00 1.278173967E+00 1.305322420E+00 1.330134536E+00
 1.352652327E+00 1.372936295E+00 1.391063222E+00 1.407123700E+00 1.421219516E+00
 1.433460975E+00 1.443964292E+00 1.452849147E+00-2.453054616E+00-2.564178516E+00
-2.681423372E+00-2.805339493E+00-2.936531779E+00-3.075722782E+00-3.223875142E+00
-3.382374713E+00-3.530972709E+00-3.641115970E+00-3.720001309E+00-3.782643839E+00
-3.839229882E+00-3.890661929E+00-3.937893376E+00-3.981710237E+00-4.022748102E+00
-4.061494774E+00-4.098282608E+00-4.133277492E+00-4.166471676E+00-4.197686696E+00
-4.226589052E+00-4.252717179E+00-4.275516426E+00-4.294376567E+00-4.308667903E+00
-4.317772573E+00-4.321109902E+00-4.318155408E+00-4.308454754E+00-4.291633963E+00
-4.267407200E+00-4.235583253E+00-4.196070970E+00-4.148883684E+00-4.094141785E+00
-4.032072064E+00-3.963002594E+00-3.887351690E+00-3.805610912E+00-3.718322646E+00
-3.626054837E+00-3.529375779E+00-3.428832584E+00-3.324935300E+00-3.218148221E+00
-3.108888424E+00-2.997530505E+00-2.884416590E+00-2.769870430E+00-2.654214735E+00
-2.537790909E+00-2.420980161E+00-2.304224482E+00-2.188044208E+00-2.073047762E+00
-1.959927297E+00-1.849435805E+00-1.742346319E+00-1.639401511E+00-1.541265858E+00
-1.448489836E+00-1.361488405E+00-1.280530187E+00-1.205732086E+00-1.137055352E+00
-1.074301946E+00-1.017113279E+00-9.649763239E-01-9.172434760E-01-8.731702669E-01
-8.319681293E-01-7.928614826E-01-7.551355867E-01-7.181664698E-01-6.814322680E-01
-6.445107491E-01-6.070691355E-01-5.688509279E-01-5.296626840E-01-4.893621212E-01
-4.478480792E-01-4.050523482E-01-3.609332075E-01-3.154704097E-01-2.686613564E-01
-2.205182552E-01-1.710660700E-01-1.203411000E-01-6.839006394E-02-1.526960270E-02
 3.895389492E-02 9.420420587E-02 1.503949864E-01 2.074293442E-01 2.651993163E-01
 3.235853271E-01 3.824556700E-01 4.416660997E-01 5.010596028E-01 5.604664296E-01
 6.197044891E-01 6.785801511E-01 7.368895718E-01 7.944205614E-01 8.509550048E-01
 9.062718533E-01 9.601505810E-01 1.012375032E+00 1.062737510E+00 1.111042926E+00
 1.157112864E+00 1.200789353E+00 1.241938190E+00 1.280451681E+00 1.316250673E+00
 1.349285788E+00 1.379537811E+00 1.407017224E+00 1.431762884E+00 1.453839940E+00
 1.473337087E+00 1.490363264E+00 1.505044046E+00 1.517517796E+00 1.527931884E+00
 1.536439028E+00 1.543193961E+00-2.383093971E+00-2.485542076E+00-2.592921669E+00
-2.705373893E+00-2.822835773E+00-2.945048100E+00-3.071634453E+00-3.202575532E+00
-3.316761489E+00-3.406117880E+00-3.485360786E+00-3.556293080E+00-3.620377096E+00
-3.678725860E+00-3.732216905E+00-3.781548913E+00-3.827271092E+00-3.869797318E+00
-3.909412338E+00-3.946274599E+00-3.980419563E+00-4.011766638E+00-4.040130599E+00
-4.065238190E+00-4.086748100E+00-4.104273348E+00-4.117403410E+00-4.125725359E+00
-4.128842253E+00-4.126388833E+00-4.118044271E+00-4.103542422E+00-4.082679826E+00
-4.055321965E+00-4.021407687E+00-3.980952047E+00-3.934046893E+00-3.880859236E+00
-3.821626447E+00-3.756648659E+00-3.686278012E+00-3.610905791E+00-3.530948216E+00
-3.446832476E+00-3.358984385E+00-3.267818788E+00-3.173733517E+00-3.077107106E+00
-2.978300318E+00-2.877660781E+00-2.775530306E+00-2.672254156E+00-2.568191275E+00
-2.463724534E+00-2.359269401E+00-2.255279455E+00-2.152246760E+00-2.050695217E+00
-1.951166610E+00-1.854199834E+00-1.760306693E+00-1.669947395E+00-1.583509258E+00
-1.501290227E+00-1.423487398E+00-1.350189847E+00-1.281374987E+00-1.216908372E+00
-1.156547596E+00-1.099951533E+00-1.046696074E+00-9.962963178E-01-9.482334749E-01
-9.019828947E-01-8.570392421E-01-8.129356399E-01-7.692555643E-01-7.256380033E-01
-6.817774217E-01-6.374204050E-01-5.923605010E-01-5.464324479E-01-4.995064709E-01
-4.514830954E-01-4.022886223E-01-3.518713572E-01-3.001985296E-01-2.472538915E-01
-1.930359020E-01-1.375564328E-01-8.083992988E-02-2.292297799E-02 3.614578848E-02
 9.630547275E-02 1.574824460E-01 2.195896648E-01 2.825258306E-01 3.461744443E-01
 4.104028324E-01 4.750612327E-01 5.399820540E-01 6.049794287E-01 6.698491892E-01
 7.343694574E-01 7.983019408E-01 8.613940734E-01 9.233820797E-01 9.839949334E-01
 1.042959161E+00 1.100004303E+00 1.154868828E+00 1.207306203E+00 1.257090839E+00
 1.304023615E+00 1.347936759E+00 1.388697820E+00 1.426212621E+00 1.460427040E+00
 1.491327524E+00 1.518940353E+00 1.543329605E+00 1.564593989E+00 1.582862627E+00
 1.598290090E+00 1.611050909E+00 1.621333914E+00 1.629336697E+00 1.635260459E+00
 1.639305445E+00-2.302217705E+00-2.394981395E+00-2.492123743E+00-2.593535170E+00
-2.698437547E+00-2.805376446E+00-2.912348421E+00-3.016424653E+00-3.113755967E+00
-3.202529821E+00-3.283282926E+00-3.356950597E+00-3.424390641E+00-3.486339081E+00
-3.543415676E+00-3.596133379E+00-3.644905445E+00-3.690049990E+00-3.731793069E+00
-3.770271482E+00-3.805536368E+00-3.837558970E+00-3.866238585E+00-3.891413085E+00
-3.912871413E+00-3.930367460E+00-3.943634422E+00-3.952398771E+00-3.956393431E+00
-3.955369445E+00-3.949106126E+00-3.937419624E+00-3.920169725E+00-3.897265221E+00
-3.868667610E+00-3.834393246E+00-3.794513805E+00-3.749154851E+00-3.698492756E+00
-3.642749697E+00-3.582187015E+00-3.517097614E+00-3.447797575E+00-3.374618035E+00
-3.297897783E+00-3.217977237E+00-3.135194336E+00-3.049882328E+00-2.962369752E+00
-2.872982107E+00-2.782045044E+00-2.689888556E+00-2.596851513E+00-2.503285628E+00
-2.409558505E+00-2.316054259E+00-2.223171477E+00-2.131317642E+00-2.040900274E+00
-1.952315153E+00-1.865932888E+00-1.782085051E+00-1.701051501E+00-1.623049587E+00
-1.548226009E+00-1.476651446E+00-1.408318112E+00-1.343140295E+00-1.280958105E+00
-1.221544597E+00-1.164616248E+00-1.109846340E+00-1.056880259E+00-1.005351250E+00
-9.548951225E-01-9.051625301E-01-8.558281578E-01-8.065965852E-01-7.572052208E-01
-7.074248850E-01-6.570587485E-01-6.059402588E-01-5.539305262E-01-5.009155781E-01
-4.468037024E-01-3.915230428E-01-3.350195156E-01-2.772551183E-01-2.182066237E-01
-1.578646489E-01-9.623311087E-02-3.332904507E-02 3.081723269E-02 9.616162580E-02
 1.626454430E-01 2.301942860E-01 2.987166746E-01 3.681024554E-01 4.382210513E-01
 5.089196698E-01 5.800215967E-01 6.513247438E-01 7.226007222E-01 7.935946466E-01
 8.640260172E-01 9.335908855E-01 1.001965535E+00 1.068811735E+00 1.133783456E+00
 1.196534832E+00 1.256728910E+00 1.314046712E+00 1.368196094E+00 1.418919929E+00
 1.466003241E+00 1.509279012E+00 1.548632460E+00 1.584003612E+00 1.615388089E+00
 1.642835976E+00 1.666448777E+00 1.686374544E+00 1.702801373E+00 1.715949673E+00
 1.726063686E+00 1.733402856E+00 1.738233576E+00 1.740821802E+00 1.741426830E+00
-2.211981127E+00-2.293341783E+00-2.380749702E+00-2.473748728E+00-2.572137279E+00
-2.670200003E+00-2.766180302E+00-2.859104997E+00-2.947827134E+00-3.031520839E+00
-3.109846799E+00-3.182838361E+00-3.250725611E+00-3.313815327E+00-3.372426071E+00
-3.426854621E+00-3.477358270E+00-3.524145475E+00-3.567370868E+00-3.607133445E+00
-3.643477057E+00-3.676392889E+00-3.705824105E+00-3.731672097E+00-3.753804188E+00
-3.772062378E+00-3.786272601E+00-3.796254126E+00-3.801828626E+00-3.802828603E+00
-3.799104894E+00-3.790533271E+00-3.777019831E+00-3.758505320E+00-3.734968113E+00
-3.706426057E+00-3.672937107E+00-3.634598538E+00-3.591545080E+00-3.543945893E+00
-3.492000565E+00-3.435934508E+00-3.375993910E+00-3.312440847E+00-3.245548615E+00
-3.175597813E+00-3.102873539E+00-3.027663272E+00-2.950256274E+00-2.870943493E+00
-2.790018688E+00-2.707779510E+00-2.624529096E+00-2.540576938E+00-2.456239156E+00
-2.371837467E+00-2.287696556E+00-2.204139770E+00-2.121483228E+00-2.040028496E+00
-1.960054527E+00-1.881809335E+00-1.805502245E+00-1.731297112E+00-1.659307058E+00
-1.589590984E+00-1.522152056E+00-1.456938291E+00-1.393845271E+00-1.332720966E+00
-1.273372473E+00-1.215574285E+00-1.159077573E+00-1.103619754E+00-1.048933650E+00
-9.947556163E-01-9.408322010E-01-8.869251283E-01-8.328146478E-01-7.783014129E-01
-7.232071809E-01-6.673746131E-01-6.106664961E-01-5.529645921E-01-4.941683610E-01
-4.341936534E-01-3.729715294E-01-3.104472388E-01-2.465794558E-01-1.813397740E-01
-1.147125119E-01-4.669483770E-02 2.270275150E-02 9.345558179E-02 1.655235637E-01
 2.388495452E-01 3.133572468E-01 3.889487809E-01 4.655018021E-01 5.428663408E-01
 6.208614937E-01 6.992721783E-01 7.778462956E-01 8.562927756E-01 9.342810322E-01
 1.011442446E+00 1.087374383E+00 1.161647049E+00 1.233813164E+00 1.303419931E+00
 1.370022537E+00 1.433198118E+00 1.492559205E+00 1.547765886E+00 1.598536135E+00
 1.644654104E+00 1.685976192E+00 1.722434855E+00 1.754039910E+00 1.780877156E+00
 1.803104037E+00 1.820942275E+00 1.834667692E+00 1.844597822E+00 1.851078287E+00
 1.854469106E+00 1.855132048E+00 1.853419880E+00 1.849668011E+00-2.125172388E+00
-2.197520958E+00-2.276804033E+00-2.362708091E+00-2.454854735E+00-2.546441165E+00
-2.635566541E+00-2.721843474E+00-2.804794007E+00-2.884004573E+00-2.959197653E+00
-3.030243981E+00-3.097134837E+00-3.159941821E+00-3.218780285E+00-3.273781586E+00
-3.325073536E+00-3.372767361E+00-3.416949384E+00-3.457676091E+00-3.494972014E+00
-3.528829653E+00-3.559211338E+00-3.586052448E+00-3.609265940E+00-3.628747604E+00
-3.644382068E+00-3.656048902E+00-3.663628745E+00-3.667009246E+00-3.666090439E+00
-3.660789525E+00-3.651045060E+00-3.636820111E+00-3.618104853E+00-3.594918004E+00
-3.567307543E+00-3.535350591E+00-3.499152269E+00-3.458844069E+00-3.414581417E+00
-3.366540936E+00-3.314917423E+00-3.259920637E+00-3.201772504E+00-3.140704368E+00
-3.076954937E+00-3.010768518E+00-2.942393990E+00-2.872084130E+00-2.800095297E+00
-2.726687261E+00-2.652123125E+00-2.576668861E+00-2.500592318E+00-2.424161619E+00
-2.347642696E+00-2.271295939E+00-2.195372069E+00-2.120107294E+00-2.045718173E+00
-1.972396404E+00-1.900303919E+00-1.829568666E+00-1.760281228E+00-1.692492654E+00
-1.626213529E+00-1.561414443E+00-1.498027826E+00-1.435951105E+00-1.375051027E+00
-1.315168888E+00-1.256126395E+00-1.197731742E+00-1.139785573E+00-1.082086471E+00
-1.024435719E+00-9.666412097E-01-9.085203986E-01-8.499023870E-01-7.906292141E-01
-7.305564853E-01-6.695535053E-01-6.075030619E-01-5.443009678E-01-4.798555225E-01
-4.140869445E-01-3.469268731E-01-2.783180197E-01-2.082139895E-01-1.365793663E-01
-6.339008321E-02 1.136585663E-02 8.768725005E-02 1.655580907E-01 2.449454223E-01
 3.257965675E-01 4.080356659E-01 4.915594450E-01 5.762322317E-01 6.618802419E-01
 7.482853451E-01 8.351787236E-01 9.222350951E-01 1.009068558E+00 1.095231365E+00
 1.180217064E+00 1.263469091E+00 1.344395141E+00 1.422386413E+00 1.496839798E+00
 1.567180540E+00 1.632883137E+00 1.693489135E+00 1.748621385E+00 1.797994990E+00
 1.841425429E+00 1.878834108E+00 1.910251131E+00 1.935814644E+00 1.955765683E+00
 1.970437625E+00 1.980240105E+00 1.985638311E+00 1.987129578E+00 1.985220520E+00
 1.980406768E+00 1.973157229E+00 1.963903491E+00-2.046067408E+00-2.111985143E+00
-2.184786713E+00-2.264483045E+00-2.349901182E+00-2.435729960E+00-2.519479026E+00
-2.600756902E+00-2.679261539E+00-2.754726693E+00-2.826942666E+00-2.895766104E+00
-2.961117174E+00-3.022968030E+00-3.081327975E+00-3.136228612E+00-3.187711117E+00
-3.235816105E+00-3.280576111E+00-3.322010549E+00-3.360122522E+00-3.394897611E+00
-3.426303942E+00-3.454293556E+00-3.478804814E+00-3.499765439E+00-3.517096199E+00
-3.530714837E+00-3.540540125E+00-3.546495870E+00-3.548514680E+00-3.546541387E+00
-3.540536036E+00-3.530476382E+00-3.516359673E+00-3.498204144E+00-3.476049498E+00
-3.449957218E+00-3.420009988E+00-3.386310854E+00-3.348981797E+00-3.308162215E+00
-3.264006951E+00-3.216684432E+00-3.166374729E+00-3.113267740E+00-3.057561536E+00
-2.999461071E+00-2.939176858E+00-2.876924158E+00-2.812921990E+00-2.747392399E+00
-2.680559615E+00-2.612648938E+00-2.543885395E+00-2.474491997E+00-2.404687590E+00
-2.334684141E+00-2.264683812E+00-2.194875529E+00-2.125431596E+00-2.056504277E+00
-1.988222566E+00-1.920689496E+00-1.853979965E+00-1.788139335E+00-1.723182881E+00
-1.659096095E+00-1.595835918E+00-1.533332780E+00-1.471493394E+00-1.410204140E+00
-1.349334853E+00-1.288742800E+00-1.228276659E+00-1.167780277E+00-1.107096079E+00
-1.046067990E+00-9.845438419E-01-9.223772343E-01-8.594288667E-01-7.955674414E-01
-7.306701633E-01-6.646229456E-01-5.973204055E-01-5.286657193E-01-4.585704127E-01
-3.869541539E-01-3.137446234E-01-2.388775045E-01-1.622966606E-01-8.395458090E-02
-3.813142583E-03 7.815519668E-02 1.619656809E-01 2.476188739E-01 3.350974563E-01
 4.243619892E-01 5.153454353E-01 6.079461788E-01 7.020193154E-01 7.973661207E-01
 8.937218212E-01 9.907423444E-01 1.087991630E+00 1.184932174E+00 1.280922712E+00
 1.375227051E+00 1.467036408E+00 1.555503811E+00 1.639784991E+00 1.719078373E+00
 1.792658339E+00 1.859899603E+00 1.920293731E+00 1.973460501E+00 2.019156734E+00
 2.057284072E+00 2.087895958E+00 2.111201763E+00 2.127564828E+00 2.137490101E+00
 2.141598815E+00 2.140590873E+00 2.135200883E+00 2.126155701E+00 2.114140523E+00
 2.099776698E+00 2.083610835E+00-1.972317345E+00-2.032678505E+00-2.100181196E+00
-2.174753005E+00-2.255854104E+00-2.337074489E+00-2.416393315E+00-2.493583715E+00
-2.568414771E+00-2.640680969E+00-2.710209484E+00-2.776863900E+00-2.840544213E+00
-2.901182990E+00-2.958739189E+00-3.013190896E+00-3.064528169E+00-3.112746552E+00
-3.157841802E+00-3.199805761E+00-3.238623624E+00-3.274272197E+00-3.306719469E+00
-3.335924786E+00-3.361840036E+00-3.384411291E+00-3.403581002E+00-3.419290417E+00
-3.431482179E+00-3.440103020E+00-3.445106203E+00-3.446454060E+00-3.444119906E+00
-3.438089965E+00-3.428364761E+00-3.414960144E+00-3.397907911E+00-3.377256158E+00
-3.353069118E+00-3.325426743E+00-3.294424078E+00-3.260170331E+00-3.222787773E+00
-3.182410572E+00-3.139183590E+00-3.093261149E+00-3.044805744E+00-2.993986984E+00
-2.940980388E+00-2.885966414E+00-2.829129379E+00-2.770656388E+00-2.710736233E+00
-2.649558054E+00-2.587309965E+00-2.524177367E+00-2.460341030E+00-2.395974998E+00
-2.331244365E+00-2.266302716E+00-2.201289874E+00-2.136329390E+00-2.071526538E+00
-2.006966347E+00-1.942712296E+00-1.878805240E+00-1.815263173E+00-1.752081328E+00
-1.689233015E+00-1.626670931E+00-1.564328997E+00-1.502124549E+00-1.439960850E+00
-1.377729724E+00-1.315314254E+00-1.252591371E+00-1.189434274E+00-1.125714583E+00
-1.061304183E+00-9.960767261E-01-9.299088061E-01-8.626808100E-01-7.942774959E-01
-7.245883134E-01-6.535075540E-01-5.809343463E-01-5.067725581E-01-4.309306749E-01
-3.533216720E-01-2.738629561E-01-1.924764362E-01-1.090887609E-01-2.363184421E-02
 6.395625561E-02 1.537299548E-01 2.457340902E-01 3.400009578E-01 4.365461243E-01
 5.353625617E-01 6.364125600E-01 7.396165857E-01 8.448382256E-01 9.518641525E-01
 1.060378432E+00 1.169931751E+00 1.279909120E+00 1.389505071E+00 1.497721225E+00
 1.603401034E+00 1.705302976E+00 1.802192252E+00 1.892921532E+00 1.976483048E+00
 2.052032745E+00 2.118897190E+00 2.176574729E+00 2.224738702E+00 2.263247073E+00
 2.292159911E+00 2.311761655E+00 2.322579848E+00 2.325384440E+00 2.321151208E+00
 2.310984185E+00 2.296015792E+00 2.277316598E+00 2.255837110E+00 2.232384097E+00
 2.207621265E+00-1.905216675E+00-1.961110970E+00-2.024260194E+00-2.094580905E+00
-2.171942599E+00-2.249267167E+00-2.324883754E+00-2.398645694E+00-2.470363751E+00
-2.539867037E+00-2.607006309E+00-2.671655383E+00-2.733711095E+00-2.793091731E+00
-2.849733988E+00-2.903589459E+00-2.954620515E+00-3.002796617E+00-3.048090774E+00
-3.090476709E+00-3.129926810E+00-3.166410558E+00-3.199893907E+00-3.230339015E+00
-3.257704742E+00-3.281947452E+00-3.303022287E+00-3.320884523E+00-3.335491300E+00
-3.346803222E+00-3.354786051E+00-3.359412291E+00-3.360662602E+00-3.358527045E+00
-3.353006143E+00-3.344111560E+00-3.331866782E+00-3.316307347E+00-3.297480961E+00
-3.275447460E+00-3.250278580E+00-3.222057506E+00-3.190878450E+00-3.156846010E+00
-3.120074433E+00-3.080686901E+00-3.038814480E+00-2.994595388E+00-2.948173810E+00
-2.899699009E+00-2.849324219E+00-2.797205406E+00-2.743500244E+00-2.688366616E+00
-2.631961401E+00-2.574438743E+00-2.515948662E+00-2.456635089E+00-2.396634228E+00
-2.336072651E+00-2.275065592E+00-2.213715150E+00-2.152108814E+00-2.090318239E+00
-2.028398109E+00-1.966385570E+00-1.904299898E+00-1.842142658E+00-1.779898138E+00
-1.717534246E+00-1.655003675E+00-1.592245372E+00-1.529186183E+00-1.465742624E+00
-1.401822715E+00-1.337327757E+00-1.272154040E+00-1.206194378E+00-1.139339470E+00
-1.071479038E+00-1.002502740E+00-9.323008509E-01-8.607647361E-01-7.877871308E-01
-7.132622358E-01-6.370856839E-01-5.591543787E-01-4.793662627E-01-3.976200244E-01
-3.138147939E-01-2.278498682E-01-1.396245029E-01-4.903783604E-02 4.401097163E-02
 1.396222786E-01 2.378950262E-01 3.389250912E-01 4.428026148E-01 5.496077428E-01
 6.594040537E-01 7.722283718E-01 8.880750486E-01 1.006871584E+00 1.128440797E+00
 1.252442924E+00 1.378291331E+00 1.505046075E+00 1.631325833E+00 1.755332256E+00
 1.875054741E+00 1.988557752E+00 2.094172435E+00 2.190545257E+00 2.276608634E+00
 2.351534289E+00 2.414697077E+00 2.465657852E+00 2.504170137E+00 2.530214574E+00
 2.544067250E+00 2.546398574E+00 2.538366217E+00 2.521606987E+00 2.498038021E+00
 2.469542334E+00 2.437736523E+00 2.403899095E+00 2.368999565E+00 2.333757700E+00
-1.845580137E+00-1.898146074E+00-1.957716285E+00-2.024474040E+00-2.097403286E+00
-2.171294065E+00-2.243792304E+00-2.314649589E+00-2.383705689E+00-2.450815275E+00
-2.515848172E+00-2.578689996E+00-2.639241846E+00-2.697419568E+00-2.753152086E+00
-2.806379543E+00-2.857051056E+00-2.905122425E+00-2.950554043E+00-2.993309055E+00
-3.033351845E+00-3.070646934E+00-3.105158397E+00-3.136849398E+00-3.165682422E+00
-3.191619588E+00-3.214623302E+00-3.234657060E+00-3.251686466E+00-3.265680130E+00
-3.276610788E+00-3.284456291E+00-3.289200401E+00-3.290833722E+00-3.289354217E+00
-3.284767895E+00-3.277089016E+00-3.266340620E+00-3.252554505E+00-3.235771557E+00
-3.216041846E+00-3.193424687E+00-3.167988634E+00-3.139811488E+00-3.108979942E+00
-3.075589273E+00-3.039742588E+00-3.001550239E+00-2.961128761E+00-2.918599978E+00
-2.874089918E+00-2.827727693E+00-2.779644213E+00-2.729970992E+00-2.678838749E+00
-2.626376108E+00-2.572708072E+00-2.517954644E+00-2.462229296E+00-2.405637614E+00
-2.348275864E+00-2.290229713E+00-2.231573085E+00-2.172367289E+00-2.112660108E+00
-2.052485473E+00-1.991863128E+00-1.930798624E+00-1.869283711E+00-1.807296805E+00
-1.744803781E+00-1.681758925E+00-1.618106014E+00-1.553779507E+00-1.488705783E+00
-1.422804336E+00-1.355988968E+00-1.288168843E+00-1.219249451E+00-1.149133401E+00
-1.077721062E+00-1.004911032E+00-9.306004352E-01-8.546850408E-01-7.770592302E-01
-6.976158068E-01-6.162456714E-01-5.328373531E-01-4.472764354E-01-3.594448651E-01
-2.692201802E-01-1.764746331E-01-8.107427283E-02 1.712203102E-02 1.182635607E-01
 2.225086754E-01 3.300255887E-01 4.409928576E-01 5.555993010E-01 6.740429226E-01
 7.965279925E-01 9.232587635E-01 1.054426773E+00 1.190185236E+00 1.330595776E+00
 1.475511270E+00 1.624305485E+00 1.775297711E+00 1.925147181E+00 2.069684778E+00
 2.205583214E+00 2.330626486E+00 2.443309899E+00 2.542541511E+00 2.627478862E+00
 2.697440999E+00 2.751863349E+00 2.790285221E+00 2.812374992E+00 2.818023106E+00
 2.807584842E+00 2.782434079E+00 2.745684496E+00 2.701602148E+00 2.653720288E+00
 2.604299784E+00 2.554736374E+00 2.505911485E+00 2.458388839E+00-1.790836370E+00
-1.840221023E+00-1.896782005E+00-1.960601448E+00-2.031147361E+00-2.102349268E+00
-2.172207911E+00-2.240587612E+00-2.307354882E+00-2.372386500E+00-2.435570215E+00
-2.496804742E+00-2.555999532E+00-2.613074267E+00-2.667958007E+00-2.720588028E+00
-2.770908620E+00-2.818869849E+00-2.864426237E+00-2.907535657E+00-2.948158347E+00
-2.986256194E+00-3.021792185E+00-3.054730126E+00-3.085034594E+00-3.112671039E+00
-3.137606134E+00-3.159808158E+00-3.179247463E+00-3.195897135E+00-3.209733475E+00
-3.220736526E+00-3.228890572E+00-3.234184529E+00-3.236612216E+00-3.236172645E+00
-3.232870195E+00-3.226714768E+00-3.217721963E+00-3.205913520E+00-3.191317769E+00
-3.173970248E+00-3.153914536E+00-3.131202621E+00-3.105895369E+00-3.078062419E+00
-3.047781844E+00-3.015139289E+00-2.980227203E+00-2.943143790E+00-2.903991942E+00
-2.862878001E+00-2.819910655E+00-2.775199557E+00-2.728854093E+00-2.680982154E+00
-2.631688764E+00-2.581074879E+00-2.529236144E+00-2.476261694E+00-2.422233069E+00
-2.367223203E+00-2.311295499E+00-2.254503167E+00-2.196888526E+00-2.138482696E+00
-2.079305345E+00-2.019364631E+00-1.958657395E+00-1.897169461E+00-1.834876171E+00
-1.771742926E+00-1.707725947E+00-1.642773031E+00-1.576824368E+00-1.509813355E+00
-1.441667362E+00-1.372308453E+00-1.301654013E+00-1.229617248E+00-1.156107585E+00
-1.081030918E+00-1.004289702E+00-9.257829005E-01-8.454057711E-01-7.630494873E-01
-6.786005766E-01-5.919402104E-01-5.029432819E-01-4.114772999E-01-3.174010494E-01
-2.205630223E-01-1.207995507E-01-1.793261633E-02 8.823274392E-02 1.979115125E-01
 3.113423803E-01 4.287922054E-01 5.505615042E-01 6.769913323E-01 8.084721608E-01
 9.454557276E-01 1.088471692E+00 1.238152660E+00 1.395275650E+00 1.560841136E+00
 1.736262962E+00 1.924107474E+00 2.118215521E+00 2.299046574E+00 2.465317415E+00
 2.614565766E+00 2.745922641E+00 2.860377514E+00 2.957840941E+00 3.037328310E+00
 3.096587723E+00 3.134808343E+00 3.152751092E+00 3.149773946E+00 3.123900047E+00
 3.070866904E+00 2.992698461E+00 2.915853594E+00 2.841323272E+00 2.769785190E+00
 2.701625885E+00 2.637040349E+00 2.576092681E+00-1.741980887E+00-1.788708975E+00
-1.842755214E+00-1.904113752E+00-1.972903698E+00-2.041814314E+00-2.109417282E+00
-2.175665185E+00-2.240449046E+00-2.303667020E+00-2.365224933E+00-2.425036053E+00
-2.483020758E+00-2.539106173E+00-2.593225794E+00-2.645318912E+00-2.695329993E+00
-2.743208055E+00-2.788905974E+00-2.832379917E+00-2.873588651E+00-2.912493265E+00
-2.949056673E+00-2.983243452E+00-3.015019731E+00-3.044353210E+00-3.071213251E+00
-3.095571042E+00-3.117399862E+00-3.136675217E+00-3.153375114E+00-3.167480255E+00
-3.178974051E+00-3.187842765E+00-3.194075333E+00-3.197663325E+00-3.198600656E+00
-3.196883491E+00-3.192510201E+00-3.185481678E+00-3.175802339E+00-3.163481797E+00
-3.148536753E+00-3.130992612E+00-3.110884620E+00-3.088258489E+00-3.063169965E+00
-3.035683363E+00-3.005870610E+00-2.973810165E+00-2.939585929E+00-2.903285935E+00
-2.865000925E+00-2.824823153E+00-2.782845107E+00-2.739158325E+00-2.693852136E+00
-2.647012631E+00-2.598721525E+00-2.549055222E+00-2.498083828E+00-2.445870397E+00
-2.392470192E+00-2.337930029E+00-2.282287887E+00-2.225572520E+00-2.167803269E+00
-2.108989976E+00-2.049133127E+00-1.988223942E+00-1.926244692E+00-1.863169139E+00
-1.798962914E+00-1.733584051E+00-1.666983492E+00-1.599105601E+00-1.529888661E+00
-1.459265304E+00-1.387162887E+00-1.313503778E+00-1.238205519E+00-1.161180894E+00
-1.082337847E+00-1.001579251E+00-9.188025354E-01-8.338991100E-01-7.467536365E-01
-6.572430408E-01-5.652353373E-01-4.705881348E-01-3.731468540E-01-2.727425531E-01
-1.691892989E-01-6.228096019E-02 4.821269949E-02 1.625508555E-01 2.810276562E-01
 4.039798669E-01 5.317967316E-01 6.649329841E-01 8.039264645E-01 9.494228122E-01
 1.102211455E+00 1.263280689E+00 1.433906477E+00 1.615802183E+00 1.811366224E+00
 2.023974071E+00 2.259042868E+00 2.478451875E+00 2.672664003E+00 2.846529373E+00
 3.000585606E+00 3.134844908E+00 3.244781027E+00 3.330394951E+00 3.395059972E+00
 3.438109614E+00 3.458295928E+00 3.449325271E+00 3.409441644E+00 3.339038386E+00
 3.233066544E+00 3.119864269E+00 3.016565118E+00 2.921736656E+00 2.834438915E+00
 2.753990167E+00 2.679826597E+00-1.700657950E+00-1.745647986E+00-1.797645482E+00
-1.856894490E+00-1.922476809E+00-1.989218901E+00-2.054863690E+00-2.119248304E+00
-2.182287272E+00-2.243901456E+00-2.304016138E+00-2.362560476E+00-2.419467327E+00
-2.474673174E+00-2.528118159E+00-2.579745954E+00-2.629503815E+00-2.677342251E+00
-2.723214912E+00-2.767078336E+00-2.808891599E+00-2.848616197E+00-2.886215837E+00
-2.921656202E+00-2.954904952E+00-2.985931684E+00-3.014707798E+00-3.041206688E+00
-3.065403668E+00-3.087275970E+00-3.106802743E+00-3.123964941E+00-3.138745104E+00
-3.151127092E+00-3.161095499E+00-3.168635134E+00-3.173730126E+00-3.176362979E+00
-3.176513636E+00-3.174158884E+00-3.169273146E+00-3.161833808E+00-3.151825174E+00
-3.139242012E+00-3.124092346E+00-3.106399601E+00-3.086202436E+00-3.063547898E+00
-3.038490843E+00-3.011094131E+00-2.981427599E+00-2.949565594E+00-2.915585453E+00
-2.879566331E+00-2.841588042E+00-2.801729857E+00-2.760069268E+00-2.716681049E+00
-2.671636354E+00-2.625001821E+00-2.576838896E+00-2.527202995E+00-2.476143087E+00
-2.423701044E+00-2.369911377E+00-2.314800925E+00-2.258388617E+00-2.200685539E+00
-2.141694790E+00-2.081411701E+00-2.019823909E+00-1.956911648E+00-1.892648015E+00
-1.826999223E+00-1.759924952E+00-1.691378642E+00-1.621307770E+00-1.549654096E+00
-1.476353841E+00-1.401337790E+00-1.324531309E+00-1.245854255E+00-1.165220752E+00
-1.082538848E+00-9.977100039E-01-9.106284014E-01-8.211800703E-01-7.292417700E-01
-6.346796119E-01-5.373473819E-01-4.370844800E-01-3.337134212E-01-2.270368006E-01
-1.168335638E-01-2.854449323E-03 1.151836663E-01 2.376048105E-01 3.647827812E-01
 4.971524227E-01 6.352241102E-01 7.796025545E-01 9.310113957E-01 1.090325414E+00
 1.258612161E+00 1.437183291E+00 1.627649745E+00 1.831959000E+00 2.052366633E+00
 2.291273891E+00 2.540373808E+00 2.763330057E+00 2.961245993E+00 3.134640983E+00
 3.282654350E+00 3.404358491E+00 3.501606231E+00 3.574900194E+00 3.623331958E+00
 3.644494901E+00 3.635871540E+00 3.597559964E+00 3.528044296E+00 3.424401628E+00
 3.287926198E+00 3.160593999E+00 3.045595344E+00 2.941556916E+00 2.847305545E+00
 2.761810054E+00-1.664027562E+00-1.707239384E+00-1.757520680E+00-1.815027033E+00
-1.879191705E+00-1.944217999E+00-2.008116460E+00-2.070822043E+00-2.132281113E+00
-2.192440847E+00-2.251247881E+00-2.308648017E+00-2.364586765E+00-2.419010065E+00
-2.471864861E+00-2.523099842E+00-2.572665694E+00-2.620515427E+00-2.666604454E+00
-2.710890688E+00-2.753334444E+00-2.793898422E+00-2.832547646E+00-2.869249309E+00
-2.903972778E+00-2.936689528E+00-2.967373052E+00-2.995998818E+00-3.022544155E+00
-3.046988194E+00-3.069311576E+00-3.089496263E+00-3.107525066E+00-3.123381030E+00
-3.137046735E+00-3.148502998E+00-3.157727496E+00-3.164692424E+00-3.169361215E+00
-3.171683355E+00-3.171584900E+00-3.168996595E+00-3.163858527E+00-3.156124985E+00
-3.145769888E+00-3.132794979E+00-3.117247015E+00-3.099157464E+00-3.078563862E+00
-3.055517265E+00-3.030082162E+00-3.002324861E+00-2.972313201E+00-2.940117271E+00
-2.905808725E+00-2.869458505E+00-2.831135593E+00-2.790906491E+00-2.748834602E+00
-2.704979471E+00-2.659395975E+00-2.612133874E+00-2.563237290E+00-2.512744260E+00
-2.460686583E+00-2.407089487E+00-2.351971632E+00-2.295344916E+00-2.237214572E+00
-2.177579164E+00-2.116430691E+00-2.053754735E+00-1.989530505E+00-1.923731176E+00
-1.856323883E+00-1.787269982E+00-1.716525155E+00-1.644039505E+00-1.569757604E+00
-1.493618482E+00-1.415555533E+00-1.335496313E+00-1.253362258E+00-1.169068244E+00
-1.082522033E+00-9.936235289E-01-9.022638635E-01-8.083242530E-01-7.116745952E-01
-6.121717683E-01-5.096575792E-01-4.039562635E-01-2.948714704E-01-1.821826082E-01
-6.564039826E-02 5.503854317E-02 1.801783378E-01 3.101519792E-01 4.453913282E-01
 5.863993495E-01 7.337650353E-01 8.881812529E-01 1.050465465E+00 1.221582303E+00
 1.402665193E+00 1.595031405E+00 1.800181745E+00 2.019775563E+00 2.255577960E+00
 2.509741653E+00 2.756830860E+00 2.974467089E+00 3.160601401E+00 3.320108778E+00
 3.454388639E+00 3.563823781E+00 3.646182884E+00 3.698407147E+00 3.724103125E+00
 3.723109057E+00 3.694183643E+00 3.633274962E+00 3.535869821E+00 3.404154527E+00
 3.259022195E+00 3.128832504E+00 3.012339211E+00 2.908077326E+00 2.814658242E+00
-1.632970991E+00-1.674717503E+00-1.723594607E+00-1.779630714E+00-1.843146470E+00
-1.906599317E+00-1.968840753E+00-2.029945434E+00-2.089902716E+00-2.148690295E+00
-2.206275889E+00-2.262619660E+00-2.317676941E+00-2.371400473E+00-2.423742201E+00
-2.474654358E+00-2.524090383E+00-2.572005437E+00-2.618356753E+00-2.663103815E+00
-2.706208526E+00-2.747635098E+00-2.787350239E+00-2.825322967E+00-2.861524623E+00
-2.895928814E+00-2.928511358E+00-2.959250126E+00-2.988125005E+00-3.015117644E+00
-3.040211206E+00-3.063390129E+00-3.084639493E+00-3.103944476E+00-3.121289420E+00
-3.136656711E+00-3.150025132E+00-3.161367903E+00-3.170650262E+00-3.177827039E+00
-3.182676155E+00-3.185065475E+00-3.184874068E+00-3.181996966E+00-3.176345849E+00
-3.167840883E+00-3.156751430E+00-3.143016897E+00-3.126631684E+00-3.107635922E+00
-3.086129500E+00-3.062172138E+00-3.035819410E+00-3.007134699E+00-2.976189777E+00
-2.943051244E+00-2.907781495E+00-2.870440734E+00-2.831087286E+00-2.789775834E+00
-2.746556662E+00-2.701475305E+00-2.654572127E+00-2.605882201E+00-2.555435017E+00
-2.503254547E+00-2.449359062E+00-2.393761176E+00-2.336467848E+00-2.277480393E+00
-2.216794511E+00-2.154400357E+00-2.090282644E+00-2.024420598E+00-1.956788177E+00
-1.887353981E+00-1.816081418E+00-1.742928616E+00-1.667848424E+00-1.590788320E+00
-1.511690254E+00-1.430490407E+00-1.347118869E+00-1.261499201E+00-1.173547886E+00
-1.083173617E+00-9.902764515E-01-8.947467471E-01-7.964639026E-01-6.952948354E-01
-5.910921456E-01-4.836919527E-01-3.729112916E-01-2.585450184E-01-1.403621276E-01
-1.810135885E-02 1.085340145E-01 2.398823673E-01 3.763310004E-01 5.183246237E-01
 6.663750829E-01 8.210722209E-01 9.830955289E-01 1.153225872E+00 1.332356207E+00
 1.521499945E+00 1.721796038E+00 1.934511067E+00 2.161040465E+00 2.402909271E+00
 2.658795690E+00 2.887937033E+00 3.086227956E+00 3.256520836E+00 3.399902151E+00
 3.516276138E+00 3.603959718E+00 3.664588476E+00 3.699594735E+00 3.708461783E+00
 3.689391767E+00 3.639056216E+00 3.557682151E+00 3.445224966E+00 3.301029016E+00
 3.161303338E+00 3.037840197E+00 2.928749445E+00 2.832185990E+00-1.610293591E+00
-1.651637480E+00-1.699506585E+00-1.754120660E+00-1.814712428E+00-1.876253978E+00
-1.936732550E+00-1.996171233E+00-2.054607679E+00-2.112042829E+00-2.168454090E+00
-2.223805498E+00-2.278053957E+00-2.331153118E+00-2.383055662E+00-2.433714619E+00
-2.483084432E+00-2.531121367E+00-2.577783881E+00-2.623032889E+00-2.666831729E+00
-2.709146414E+00-2.749945417E+00-2.789199848E+00-2.826883294E+00-2.862971845E+00
-2.897443953E+00-2.930280454E+00-2.961464393E+00-2.990980850E+00-3.018816764E+00
-3.044960703E+00-3.069402320E+00-3.092131983E+00-3.113139947E+00-3.132415457E+00
-3.149945376E+00-3.165712282E+00-3.179691607E+00-3.191692717E+00-3.201507521E+00
-3.208940233E+00-3.213812678E+00-3.215972379E+00-3.215301038E+00-3.211723820E+00
-3.205225146E+00-3.195783449E+00-3.183384274E+00-3.168008980E+00-3.150147092E+00
-3.129723136E+00-3.106738275E+00-3.081247172E+00-3.053369694E+00-3.023164728E+00
-2.990680349E+00-2.955969534E+00-2.919091635E+00-2.880098970E+00-2.839038201E+00
-2.795951820E+00-2.750877188E+00-2.703846527E+00-2.654887316E+00-2.604022148E+00
-2.551268869E+00-2.496640617E+00-2.440145783E+00-2.381788105E+00-2.321566616E+00
-2.259475734E+00-2.195505113E+00-2.129639792E+00-2.061860125E+00-1.992141713E+00
-1.920455503E+00-1.846767649E+00-1.771039462E+00-1.693227287E+00-1.613282329E+00
-1.531150403E+00-1.446771651E+00-1.360080125E+00-1.271003324E+00-1.179461593E+00
-1.085367403E+00-9.886245057E-01-8.891269146E-01-7.867577035E-01-6.813876075E-01
-5.728733730E-01-4.610558594E-01-3.457578217E-01-2.267813630E-01-1.039050076E-01
 2.311960794E-02 1.545714827E-01 2.907643956E-01 4.320514190E-01 5.788297326E-01
 7.315455673E-01 8.906991989E-01 1.056849870E+00 1.230620968E+00 1.412706520E+00
 1.603881736E+00 1.805023203E+00 2.017148698E+00 2.241490995E+00 2.479684030E+00
 2.716017420E+00 2.921846447E+00 3.098023629E+00 3.243050433E+00 3.360832443E+00
 3.454213334E+00 3.523926669E+00 3.569160814E+00 3.586222502E+00 3.577268761E+00
 3.543421354E+00 3.483892830E+00 3.396301642E+00 3.275279964E+00 3.133643466E+00
 3.010296025E+00 2.903336316E+00 2.810020706E+00-1.593464849E+00-1.634924052E+00
-1.682160187E+00-1.735226220E+00-1.793808827E+00-1.852998577E+00-1.911303962E+00
-1.968869567E+00-2.025711718E+00-2.081798702E+00-2.137082890E+00-2.191511441E+00
-2.245030583E+00-2.297587300E+00-2.349130417E+00-2.399611026E+00-2.448982776E+00
-2.497202012E+00-2.544227925E+00-2.590022536E+00-2.634550713E+00-2.677780136E+00
-2.719681390E+00-2.760227754E+00-2.799395355E+00-2.837163015E+00-2.873512246E+00
-2.908427258E+00-2.941894815E+00-2.973904260E+00-3.004447300E+00-3.033518024E+00
-3.061112556E+00-3.087228961E+00-3.111866790E+00-3.135026724E+00-3.156710253E+00
-3.176919588E+00-3.195550904E+00-3.212362433E+00-3.227106652E+00-3.239540357E+00
-3.249437553E+00-3.256606929E+00-3.260900327E+00-3.262212044E+00-3.260472828E+00
-3.255639272E+00-3.247695546E+00-3.236666084E+00-3.222641282E+00-3.205671906E+00
-3.185788592E+00-3.162997716E+00-3.137914289E+00-3.110410461E+00-3.080464122E+00
-3.048116274E+00-3.013474209E+00-2.976583095E+00-2.937480446E+00-2.896209008E+00
-2.852802671E+00-2.807289747E+00-2.759695424E+00-2.710040728E+00-2.658342710E+00
-2.604614721E+00-2.548866430E+00-2.491103826E+00-2.431329096E+00-2.369540750E+00
-2.305733362E+00-2.239897553E+00-2.172019992E+00-2.102083278E+00-2.030065902E+00
-1.955942209E+00-1.879682273E+00-1.801251805E+00-1.720611965E+00-1.637719169E+00
-1.552524838E+00-1.464975091E+00-1.375010378E+00-1.282565049E+00-1.187566837E+00
-1.089936270E+00-9.895859754E-01-8.864198998E-01-7.803324224E-01-6.712073500E-01
-5.589168224E-01-4.433200994E-01-3.242622779E-01-2.015729262E-01-7.506473902E-02
 5.546778918E-02 1.902495007E-01 3.295254292E-01 4.735611612E-01 6.226425243E-01
 7.770743502E-01 9.371782397E-01 1.103289435E+00 1.275753492E+00 1.454924732E+00
 1.641171199E+00 1.834897775E+00 2.036619084E+00 2.247179161E+00 2.467723322E+00
 2.668850945E+00 2.838091994E+00 2.979254605E+00 3.097099939E+00 3.193151255E+00
 3.267591842E+00 3.318244249E+00 3.345177730E+00 3.350956659E+00 3.335680401E+00
 3.298483729E+00 3.236206516E+00 3.148044244E+00 3.035079513E+00 2.922681603E+00
 2.828364388E+00 2.746974046E+00-1.584384941E+00-1.627967534E+00-1.675120889E+00
-1.726058558E+00-1.780056595E+00-1.835524841E+00-1.891313969E+00-1.946970098E+00
-2.002284360E+00-2.057126090E+00-2.111397511E+00-2.165018190E+00-2.217918425E+00
-2.270035958E+00-2.321314345E+00-2.371701866E+00-2.421151087E+00-2.469618292E+00
-2.517063372E+00-2.563449586E+00-2.608743433E+00-2.652914547E+00-2.695935665E+00
-2.737782605E+00-2.778434109E+00-2.817872003E+00-2.856081074E+00-2.893049116E+00
-2.928766981E+00-2.963228626E+00-2.996431103E+00-3.028374685E+00-3.059062937E+00
-3.088502718E+00-3.116704318E+00-3.143681185E+00-3.169449401E+00-3.194025456E+00
-3.217165547E+00-3.238586090E+00-3.257980246E+00-3.275051759E+00-3.289558646E+00
-3.301314907E+00-3.310185791E+00-3.316081952E+00-3.318947446E+00-3.318746273E+00
-3.315453201E+00-3.309049630E+00-3.299522364E+00-3.286857547E+00-3.271052197E+00
-3.252138129E+00-3.230236374E+00-3.205445503E+00-3.177826884E+00-3.147399837E+00
-3.114775031E+00-3.079796210E+00-3.042446012E+00-3.002817041E+00-2.960928149E+00
-2.916794840E+00-2.870443369E+00-2.821892628E+00-2.771157520E+00-2.718251568E+00
-2.663185606E+00-2.605967828E+00-2.546603740E+00-2.485096033E+00-2.421444340E+00
-2.355645019E+00-2.287691073E+00-2.217572097E+00-2.145274314E+00-2.070780460E+00
-1.994069702E+00-1.915117550E+00-1.833895737E+00-1.750372045E+00-1.664510136E+00
-1.576269365E+00-1.485604543E+00-1.392465698E+00-1.296797778E+00-1.198540358E+00
-1.097627291E+00-9.939863624E-01-8.875389271E-01-7.781995549E-01-6.658757121E-01
-5.504675230E-01-4.318676304E-01-3.099612731E-01-1.846266370E-01-5.573561935E-02
 7.684480443E-02 2.132504047E-01 3.536164064E-01 4.980726790E-01 6.467369428E-01
 7.997052426E-01 9.570387657E-01 1.118745437E+00 1.284753641E+00 1.454872691E+00
 1.628727908E+00 1.805637599E+00 1.984319967E+00 2.161844908E+00 2.329895347E+00
 2.480338087E+00 2.611722361E+00 2.724062915E+00 2.817536235E+00 2.892309683E+00
 2.948514538E+00 2.986261852E+00 3.005682574E+00 3.006978480E+00 2.990484058E+00
 2.956779131E+00 2.906964108E+00 2.843570151E+00 2.774271895E+00 2.708679618E+00
 2.648739543E+00-1.572665600E+00-1.616201690E+00-1.663051524E+00-1.713300596E+00
-1.766535163E+00-1.820597107E+00-1.874870627E+00-1.929165206E+00-1.983311289E+00
-2.037173290E+00-2.090642865E+00-2.143630743E+00-2.196061102E+00-2.247868000E+00
-2.298993035E+00-2.349383909E+00-2.398993417E+00-2.447778893E+00-2.495701639E+00
-2.542726699E+00-2.588822702E+00-2.633961531E+00-2.678118422E+00-2.721271809E+00
-2.763403322E+00-2.804497769E+00-2.844543291E+00-2.883531247E+00-2.921456540E+00
-2.958317600E+00-2.994116656E+00-3.028860064E+00-3.062558558E+00-3.095227873E+00
-3.126889556E+00-3.157572149E+00-3.187314060E+00-3.215995787E+00-3.243297705E+00
-3.268848006E+00-3.292279762E+00-3.313289993E+00-3.331646406E+00-3.347199640E+00
-3.359870037E+00-3.369626497E+00-3.376464930E+00-3.380390918E+00-3.381407327E+00
-3.379506021E+00-3.374662699E+00-3.366833686E+00-3.355956936E+00-3.341958428E+00
-3.324763424E+00-3.304304687E+00-3.280549952E+00-3.253537160E+00-3.223424352E+00
-3.190358522E+00-3.154374084E+00-3.116264902E+00-3.075783878E+00-3.032884061E+00
-2.987656930E+00-2.940106962E+00-2.890237799E+00-2.838067366E+00-2.783607928E+00
-2.726869290E+00-2.667860985E+00-2.606590765E+00-2.543063784E+00-2.477282328E+00
-2.409245758E+00-2.338950740E+00-2.266391250E+00-2.191558624E+00-2.114441392E+00
-2.035025273E+00-1.953292983E+00-1.869224180E+00-1.782795377E+00-1.693979846E+00
-1.602747554E+00-1.509065094E+00-1.412895633E+00-1.314198868E+00-1.212931029E+00
-1.109044920E+00-1.002490015E+00-8.932126824E-01-7.811565254E-01-6.662629163E-01
-5.484718109E-01-4.277228961E-01-3.039572302E-01-1.771194958E-01-4.716110281E-02
 8.595562367E-02 2.222517963E-01 3.617243983E-01 5.043361376E-01 6.500017913E-01
 7.985696401E-01 9.497957877E-01 1.103307756E+00 1.258551210E+00 1.414709458E+00
 1.570580333E+00 1.724400931E+00 1.873686264E+00 2.015379640E+00 2.146577661E+00
 2.265207809E+00 2.370044653E+00 2.460423848E+00 2.536015864E+00 2.596706455E+00
 2.642548385E+00 2.673758096E+00 2.690747682E+00 2.694194046E+00 2.685156963E+00
 2.665257741E+00 2.636868260E+00 2.603032731E+00 2.566767518E+00 2.530257262E+00
-1.562076498E+00-1.605367820E+00-1.651887446E+00-1.701712696E+00-1.754327447E+00
-1.807700383E+00-1.861186101E+00-1.914676448E+00-1.968070239E+00-2.021270666E+00
-2.074189639E+00-2.126748758E+00-2.178878480E+00-2.230516991E+00-2.281609143E+00
-2.332105448E+00-2.381961376E+00-2.431136913E+00-2.479596039E+00-2.527306469E+00
-2.574239527E+00-2.620369846E+00-2.665675455E+00-2.710137614E+00-2.753740803E+00
-2.796472891E+00-2.838325082E+00-2.879292086E+00-2.919372352E+00-2.958568185E+00
-2.996886137E+00-3.034337387E+00-3.070938173E+00-3.106710411E+00-3.141682275E+00
-3.175888354E+00-3.209359206E+00-3.241764274E+00-3.272685013E+00-3.301678635E+00
-3.328366743E+00-3.352465617E+00-3.373807313E+00-3.392321495E+00-3.408004363E+00
-3.420886959E+00-3.431011062E+00-3.438413680E+00-3.443118979E+00-3.445134688E+00
-3.444450480E+00-3.441037232E+00-3.434846190E+00-3.425807867E+00-3.413829835E+00
-3.398793603E+00-3.380555546E+00-3.358955939E+00-3.333842555E+00-3.305108025E+00
-3.272760235E+00-3.236991621E+00-3.198025774E+00-3.155978087E+00-3.111804299E+00
-3.065188000E+00-3.016068404E+00-2.964538347E+00-2.910600097E+00-2.854257218E+00
-2.795528778E+00-2.734430007E+00-2.670972900E+00-2.605165401E+00-2.537012587E+00
-2.466517830E+00-2.393682912E+00-2.318507931E+00-2.240991103E+00-2.161128612E+00
-2.078914450E+00-1.994340382E+00-1.907395952E+00-1.818068562E+00-1.726343486E+00
-1.632204012E+00-1.535631583E+00-1.436605999E+00-1.335105675E+00-1.231108015E+00
-1.124589870E+00-1.015528185E+00-9.039008249E-01-7.896876603E-01-6.728719994E-01
-5.534424194E-01-4.313951648E-01-3.067372000E-01-1.794901562E-01-4.969534929E-02
 8.257978768E-02 2.172335161E-01 3.541193464E-01 4.930327139E-01 6.336939673E-01
 7.757267015E-01 9.186303770E-01 1.061746552E+00 1.204219867E+00 1.344959985E+00
 1.482621871E+00 1.615636704E+00 1.742325047E+00 1.861077426E+00 1.970522671E+00
 2.069610563E+00 2.157609545E+00 2.234065279E+00 2.298758475E+00 2.351678436E+00
 2.393015892E+00 2.423173713E+00 2.442792180E+00 2.452780603E+00 2.454337675E+00
 2.448926505E+00 2.438167103E+00 2.423650973E+00 2.406755812E+00-1.552658959E+00
-1.595703072E+00-1.641947562E+00-1.691487007E+00-1.744228256E+00-1.797200491E+00
-1.850220030E+00-1.903236600E+00-1.956180936E+00-2.008983394E+00-2.061576850E+00
-2.113898328E+00-2.165889678E+00-2.217497708E+00-2.268674015E+00-2.319374729E+00
-2.369560089E+00-2.419194303E+00-2.468245168E+00-2.516684006E+00-2.564485431E+00
-2.611627297E+00-2.658090594E+00-2.703859568E+00-2.748921567E+00-2.793267230E+00
-2.836890591E+00-2.879789188E+00-2.921964241E+00-2.963421002E+00-3.004169063E+00
-3.044222879E+00-3.083602311E+00-3.122333636E+00-3.160450956E+00-3.197999053E+00
-3.234799327E+00-3.270402015E+00-3.304288197E+00-3.335999776E+00-3.365192925E+00
-3.391674181E+00-3.415379543E+00-3.436330287E+00-3.454587062E+00-3.470217340E+00
-3.483277664E+00-3.493806633E+00-3.501823372E+00-3.507328850E+00-3.510308011E+00
-3.510731828E+00-3.508558699E+00-3.503735142E+00-3.496195275E+00-3.485859109E+00
-3.472629331E+00-3.456386386E+00-3.436982018E+00-3.414231253E+00-3.387911291E+00
-3.357778873E+00-3.323622148E+00-3.285390096E+00-3.243337835E+00-3.197811986E+00
-3.149056080E+00-3.098103172E+00-3.044619607E+00-2.988552078E+00-2.929997799E+00
-2.868977622E+00-2.805512822E+00-2.739612642E+00-2.671284039E+00-2.600536293E+00
-2.527379327E+00-2.451822713E+00-2.373874918E+00-2.293542898E+00-2.210831983E+00
-2.125746048E+00-2.038287457E+00-1.948457412E+00-1.856256066E+00-1.761682858E+00
-1.664736768E+00-1.565416730E+00-1.463722092E+00-1.359653194E+00-1.253212081E+00
-1.144403413E+00-1.033235575E+00-9.197220728E-01-8.038832728E-01-6.857485251E-01
-5.653588183E-01-4.427700282E-01-3.180569063E-01-1.913179559E-01-6.268136484E-02
 6.768781619E-02 1.995790491E-01 3.327260637E-01 4.667948866E-01 6.013702558E-01
 7.359409705E-01 8.698855568E-01 1.002461112E+00 1.132800170E+00 1.259922365E+00
 1.382767260E+00 1.500249537E+00 1.611327880E+00 1.715070738E+00 1.810703678E+00
 1.897633219E+00 1.975452280E+00 2.043936346E+00 2.103037893E+00 2.152883242E+00
 2.193772562E+00 2.226180556E+00 2.250753027E+00 2.268291859E+00 2.279720606E+00
 2.286027989E+00 2.288196836E+00 2.287135491E+00-1.546016260E+00-1.588957357E+00
-1.635058279E+00-1.684382153E+00-1.736520283E+00-1.789221175E+00-1.841973873E+00
-1.894727311E+00-1.947429705E+00-2.000028878E+00-2.052473653E+00-2.104714832E+00
-2.156705871E+00-2.208403327E+00-2.259767012E+00-2.310759992E+00-2.361348551E+00
-2.411502131E+00-2.461193257E+00-2.510397356E+00-2.559092902E+00-2.607261157E+00
-2.654886367E+00-2.701955684E+00-2.748459208E+00-2.794390118E+00-2.839744789E+00
-2.884522931E+00-2.928727781E+00-2.972366353E+00-3.015449749E+00-3.057993550E+00
-3.100018179E+00-3.141549174E+00-3.182617248E+00-3.223223178E+00-3.262929019E+00
-3.301167349E+00-3.337405880E+00-3.371232573E+00-3.402418896E+00-3.430901426E+00
-3.456723278E+00-3.479970776E+00-3.500731410E+00-3.519073561E+00-3.535040227E+00
-3.548649564E+00-3.559898433E+00-3.568766585E+00-3.575220401E+00-3.579215992E+00
-3.580701716E+00-3.579619889E+00-3.575907942E+00-3.569498752E+00-3.560320390E+00
-3.548294633E+00-3.533334107E+00-3.515337005E+00-3.494179100E+00-3.469701229E+00
-3.441692781E+00-3.409877437E+00-3.373917996E+00-3.333481597E+00-3.288457268E+00
-3.239210616E+00-3.186312357E+00-3.130118973E+00-3.071610793E+00-3.010540913E+00
-2.946984130E+00-2.880915679E+00-2.812328913E+00-2.741244199E+00-2.667683452E+00
-2.591668471E+00-2.513219098E+00-2.432353392E+00-2.349087864E+00-2.263437899E+00
-2.175418048E+00-2.085042497E+00-1.992325351E+00-1.897281029E+00-1.799924740E+00
-1.700272915E+00-1.598343821E+00-1.494158247E+00-1.387740344E+00-1.279118642E+00
-1.168327283E+00-1.055407501E+00-9.404094029E-01-8.233940972E-01-7.044362270E-01
-5.836269755E-01-4.610775967E-01-3.369235388E-01-2.113292327E-01-8.449354660E-02
 4.334408933E-02 1.718969770E-01 3.008241116E-01 4.297232451E-01 5.581248448E-01
 6.854881445E-01 8.112009730E-01 9.345854184E-01 1.054911206E+00 1.171417706E+00
 1.283343517E+00 1.389960136E+00 1.490604861E+00 1.584708280E+00 1.671813920E+00
 1.751590067E+00 1.823835475E+00 1.888481104E+00 1.945589379E+00 1.995351327E+00
 2.038081033E+00 2.074205412E+00 2.104247707E+00 2.128803493E+00 2.148509661E+00
 2.164010151E+00 2.175923075E+00-1.541184183E+00-1.584102535E+00-1.630132039E+00
-1.679349658E+00-1.731233365E+00-1.783796849E+00-1.836423413E+00-1.889059535E+00
-1.941665406E+00-1.994201448E+00-2.046628842E+00-2.098909938E+00-2.151008792E+00
-2.202891397E+00-2.254525916E+00-2.305882779E+00-2.356934763E+00-2.407657044E+00
-2.458027183E+00-2.508025185E+00-2.557633473E+00-2.606836952E+00-2.655623009E+00
-2.703981702E+00-2.751905630E+00-2.799390220E+00-2.846433747E+00-2.893037489E+00
-2.939205866E+00-2.984946743E+00-3.030271574E+00-3.075195801E+00-3.119739344E+00
-3.163927433E+00-3.207792446E+00-3.251081473E+00-3.293209730E+00-3.333573794E+00
-3.371684991E+00-3.407264814E+00-3.440238931E+00-3.470666541E+00-3.498656969E+00
-3.524315839E+00-3.547720875E+00-3.568916138E+00-3.587914981E+00-3.604706048E+00
-3.619258666E+00-3.631527239E+00-3.641455167E+00-3.648978195E+00-3.654027244E+00
-3.656530638E+00-3.656415673E+00-3.653609666E+00-3.648040651E+00-3.639637725E+00
-3.628330743E+00-3.614049096E+00-3.596719015E+00-3.576258843E+00-3.552571909E+00
-3.525536039E+00-3.494986430E+00-3.460687961E+00-3.422301957E+00-3.379373210E+00
-3.331429265E+00-3.278348028E+00-3.220707731E+00-3.159268426E+00-3.095654151E+00
-3.029388343E+00-2.960419363E+00-2.888869403E+00-2.814778555E+00-2.738186871E+00
-2.659125218E+00-2.577621675E+00-2.493702536E+00-2.407393359E+00-2.318719588E+00
-2.227707051E+00-2.134382430E+00-2.038773708E+00-1.940910530E+00-1.840824834E+00
-1.738551408E+00-1.634128590E+00-1.527599141E+00-1.419011250E+00-1.308419743E+00
-1.195887493E+00-1.081487077E+00-9.653027031E-01-8.474324169E-01-7.279906331E-01
-6.071109805E-01-4.849494937E-01-3.616881127E-01-2.375384205E-01-1.127455664E-01
 1.240787181E-02 1.375983055E-01 2.624582829E-01 3.865749021E-01 5.094901838E-01
 6.307041971E-01 7.496816382E-01 8.658623540E-01 9.786756988E-01 1.087557973E+00
 1.191971495E+00 1.291423398E+00 1.385482484E+00 1.473792837E+00 1.556083725E+00
 1.632175890E+00 1.701984565E+00 1.765519648E+00 1.822883107E+00 1.874263512E+00
 1.919927342E+00 1.960206851E+00 1.995484584E+00 2.026175452E+00 2.052707748E+00
 2.075504999E+00-1.537912254E+00-1.580796012E+00-1.626822270E+00-1.676056284E+00
-1.728363656E+00-1.780930726E+00-1.833533069E+00-1.886154304E+00-1.938764839E+00
-1.991335507E+00-2.043837968E+00-2.096244783E+00-2.148529600E+00-2.200667325E+00
-2.252634181E+00-2.304407887E+00-2.355967745E+00-2.407294671E+00-2.458371399E+00
-2.509182408E+00-2.559714173E+00-2.609955067E+00-2.659895635E+00-2.709528531E+00
-2.758848681E+00-2.807853390E+00-2.856542406E+00-2.904918112E+00-2.952985509E+00
-3.000752424E+00-3.048229611E+00-3.095430732E+00-3.142372277E+00-3.189073138E+00
-3.235498533E+00-3.281105689E+00-3.325240587E+00-3.367339585E+00-3.407057052E+00
-3.444290754E+00-3.479107156E+00-3.511636219E+00-3.542001705E+00-3.570291026E+00
-3.596549910E+00-3.620788338E+00-3.642987067E+00-3.663104127E+00-3.681081949E+00
-3.696851374E+00-3.710332163E+00-3.721436963E+00-3.730075399E+00-3.736157038E+00
-3.739593481E+00-3.740299779E+00-3.738195380E+00-3.733204927E+00-3.725258372E+00
-3.714290860E+00-3.700241390E+00-3.683050262E+00-3.662655507E+00-3.638989481E+00
-3.611979770E+00-3.581540670E+00-3.547553534E+00-3.509840770E+00-3.468125691E+00
-3.421976750E+00-3.370791704E+00-3.314048260E+00-3.252015704E+00-3.185678627E+00
-3.115839206E+00-3.043629666E+00-2.968816224E+00-2.891489700E+00-2.811668811E+00
-2.729388340E+00-2.644680396E+00-2.557578500E+00-2.468117143E+00-2.376332329E+00
-2.282261785E+00-2.185945331E+00-2.087425403E+00-1.986747286E+00-1.883959854E+00
-1.779116055E+00-1.672273783E+00-1.563496765E+00-1.452855660E+00-1.340429318E+00
-1.226306220E+00-1.110586105E+00-9.933817852E-01-8.748211391E-01-7.550492673E-01
-6.342308000E-01-5.125522774E-01-3.902245442E-01-2.674850251E-01-1.445997354E-01
-2.186477642E-02 1.003929325E-01 2.218160271E-01 3.420185157E-01 4.605893736E-01
 5.770981506E-01 6.911026289E-01 8.021583875E-01 9.098297794E-01 1.013701633E+00
 1.113390849E+00 1.208557090E+00 1.298911891E+00 1.384225782E+00 1.464333211E+00
 1.539135224E+00 1.608599938E+00 1.672760833E+00 1.731712890E+00 1.785606610E+00
 1.834640053E+00 1.879049221E+00 1.919097304E+00 1.955063552E+00 1.987232606E+00
-1.537492764E+00-1.580505585E+00-1.626625850E+00-1.675918061E+00-1.728020250E+00
-1.780621220E+00-1.833268533E+00-1.885942381E+00-1.938622475E+00-1.991289603E+00
-2.043925340E+00-2.096511956E+00-2.149032282E+00-2.201469733E+00-2.253808263E+00
-2.306032642E+00-2.358128376E+00-2.410081960E+00-2.461881030E+00-2.513514386E+00
-2.564972263E+00-2.616246367E+00-2.667330012E+00-2.718218298E+00-2.768908161E+00
-2.819398478E+00-2.869690198E+00-2.919786422E+00-2.969692460E+00-3.019415887E+00
-3.068966566E+00-3.118356783E+00-3.167601594E+00-3.216719795E+00-3.265393794E+00
-3.312948161E+00-3.358748681E+00-3.402363457E+00-3.443638868E+00-3.482635098E+00
-3.519499258E+00-3.554374372E+00-3.587359922E+00-3.618506793E+00-3.647824188E+00
-3.675288565E+00-3.700855181E+00-3.724456952E+00-3.746005229E+00-3.765397099E+00
-3.782522693E+00-3.797272822E+00-3.809540872E+00-3.819223117E+00-3.826219280E+00
-3.830433387E+00-3.831774519E+00-3.830157630E+00-3.825503856E+00-3.817740590E+00
-3.806801193E+00-3.792624706E+00-3.775155826E+00-3.754346381E+00-3.730157423E+00
-3.702553163E+00-3.671487405E+00-3.636891981E+00-3.598679363E+00-3.556729337E+00
-3.510840108E+00-3.460659419E+00-3.405583729E+00-3.344770325E+00-3.277822112E+00
-3.205731064E+00-3.129821824E+00-3.051645127E+00-2.970893921E+00-2.887676545E+00
-2.802016368E+00-2.713956271E+00-2.623538264E+00-2.530807361E+00-2.435811073E+00
-2.338599859E+00-2.239227239E+00-2.137750104E+00-2.034229182E+00-1.928729398E+00
-1.821320579E+00-1.712078259E+00-1.601084606E+00-1.488429515E+00-1.374211808E+00
-1.258540566E+00-1.141536546E+00-1.023333693E+00-9.040807147E-01-7.839426630E-01
-6.631024797E-01-5.417624393E-01-4.201453772E-01-2.984955773E-01-1.770791880E-01
-5.618397880E-02 6.388171516E-02 1.827910430E-01 3.002017985E-01 4.157607496E-01
 5.291091230E-01 6.398890381E-01 7.477506962E-01 8.523598743E-01 9.534053713E-01
 1.050605918E+00 1.143716254E+00 1.232532002E+00 1.316893231E+00 1.396686534E+00
 1.471845630E+00 1.542350456E+00 1.608224852E+00 1.669532885E+00 1.726374017E+00
 1.778877357E+00 1.827195318E+00 1.871497094E+00 1.911962376E+00-1.539263428E+00
-1.582497193E+00-1.628776810E+00-1.678184366E+00-1.730201026E+00-1.782875501E+00
-1.835606588E+00-1.888366986E+00-1.941146912E+00-1.993938035E+00-2.046732587E+00
-2.099522779E+00-2.152300667E+00-2.205057938E+00-2.257786065E+00-2.310476291E+00
-2.363120011E+00-2.415708778E+00-2.468234666E+00-2.520690370E+00-2.573069495E+00
-2.625366635E+00-2.677577586E+00-2.729699518E+00-2.781731017E+00-2.833672296E+00
-2.885525273E+00-2.937293553E+00-2.988982619E+00-3.040599679E+00-3.092153492E+00
-3.143653882E+00-3.195110635E+00-3.246463158E+00-3.297087740E+00-3.346297246E+00
-3.393565102E+00-3.438661398E+00-3.481620567E+00-3.522601019E+00-3.561766430E+00
-3.599232271E+00-3.635058649E+00-3.669258489E+00-3.701812257E+00-3.732670854E+00
-3.761748379E+00-3.788932252E+00-3.814101849E+00-3.837136296E+00-3.857913284E+00
-3.876310428E+00-3.892207859E+00-3.905489354E+00-3.916043319E+00-3.923763278E+00
-3.928548681E+00-3.930305182E+00-3.928945099E+00-3.924387552E+00-3.916558577E+00
-3.905391441E+00-3.890826810E+00-3.872813160E+00-3.851306873E+00-3.826271075E+00
-3.797673348E+00-3.765484412E+00-3.729684756E+00-3.690258179E+00-3.647154068E+00
-3.600271701E+00-3.549456545E+00-3.494414959E+00-3.434588648E+00-3.369035687E+00
-3.296900808E+00-3.218914879E+00-3.136801013E+00-3.052517564E+00-2.965708321E+00
-2.876498190E+00-2.784922746E+00-2.691037661E+00-2.594899206E+00-2.496567604E+00
-2.396106549E+00-2.293583280E+00-2.189068678E+00-2.082637442E+00-1.974368651E+00
-1.864346344E+00-1.752660508E+00-1.639407929E+00-1.524693245E+00-1.408629999E+00
-1.291341741E+00-1.172963134E+00-1.053641077E+00-9.335357594E-01-8.128216382E-01
-6.916882649E-01-5.703408941E-01-4.490007801E-01-3.279050954E-01-2.073063535E-01
-8.747124720E-02 3.132114588E-02 1.487818609E-01 2.646152343E-01 3.785227358E-01
 4.902073298E-01 5.993782118E-01 7.057557013E-01 8.090760598E-01 9.090960147E-01
 1.005596749E+00 1.098387213E+00 1.187306598E+00 1.272225916E+00 1.353048654E+00
 1.429710482E+00 1.502178108E+00 1.570447324E+00 1.634540415E+00 1.694503051E+00
 1.750400894E+00 1.802316099E+00 1.850343955E+00-1.542845031E+00-1.586283597E+00
-1.632775477E+00-1.682380258E+00-1.734917834E+00-1.787725206E+00-1.840543127E+00
-1.893385537E+00-1.946257193E+00-1.999163280E+00-2.052108354E+00-2.105095496E+00
-2.158126159E+00-2.211200072E+00-2.264315549E+00-2.317469799E+00-2.370659181E+00
-2.423879624E+00-2.477126884E+00-2.530396894E+00-2.583686010E+00-2.636991208E+00
-2.690310262E+00-2.743641968E+00-2.796986270E+00-2.850344368E+00-2.903718860E+00
-2.957113871E+00-3.010535197E+00-3.063990453E+00-3.117489190E+00-3.171042417E+00
-3.224659878E+00-3.277976819E+00-3.330272778E+00-3.380929351E+00-3.429613619E+00
-3.476306361E+00-3.521165830E+00-3.564376747E+00-3.606074774E+00-3.646333774E+00
-3.685175413E+00-3.722587463E+00-3.758510572E+00-3.792838223E+00-3.825444949E+00
-3.856201913E+00-3.884974829E+00-3.911627496E+00-3.936024119E+00-3.958030879E+00
-3.977517406E+00-3.994358079E+00-4.008432681E+00-4.019627042E+00-4.027833251E+00
-4.032949927E+00-4.034882275E+00-4.033542151E+00-4.028848208E+00-4.020726076E+00
-4.009108479E+00-3.993935792E+00-3.975156183E+00-3.952725799E+00-3.926608911E+00
-3.896778195E+00-3.863214934E+00-3.825907269E+00-3.784845589E+00-3.740021426E+00
-3.691434159E+00-3.639033312E+00-3.582684465E+00-3.522149279E+00-3.456929683E+00
-3.386049611E+00-3.308308938E+00-3.224178143E+00-3.135731646E+00-3.045202298E+00
-2.952231039E+00-2.856953104E+00-2.759421877E+00-2.659709052E+00-2.557888166E+00
-2.454036689E+00-2.348234940E+00-2.240565736E+00-2.131114898E+00-2.019972125E+00
-1.907231903E+00-1.792994444E+00-1.677366553E+00-1.560462478E+00-1.442404752E+00
-1.323324992E+00-1.203364675E+00-1.082675835E+00-9.614216725E-01-8.397770231E-01
-7.179286209E-01-5.960751554E-01-4.744269988E-01-3.532056202E-01-2.326425982E-01
-1.129782148E-01 5.540356299E-03 1.226612862E-01 2.381306815E-01 3.516954610E-01
 4.631064263E-01 5.721213899E-01 6.785082444E-01 7.820478245E-01 8.825364858E-01
 9.797882328E-01 1.073636408E+00 1.163934848E+00 1.250558520E+00 1.333403666E+00
 1.412387500E+00 1.487447517E+00 1.558540525E+00 1.625641484E+00 1.688742265E+00
 1.747850416E+00 1.802988035E+00-1.549457447E+00-1.593274918E+00-1.640052819E+00
-1.689852632E+00-1.742371442E+00-1.795243007E+00-1.848098048E+00-1.900966410E+00
-1.953873813E+00-2.006843399E+00-2.059894273E+00-2.113041005E+00-2.166294040E+00
-2.219660238E+00-2.273143532E+00-2.326745628E+00-2.380466680E+00-2.434305738E+00
-2.488261273E+00-2.542331521E+00-2.596514776E+00-2.650809702E+00-2.705215524E+00
-2.759732202E+00-2.814360551E+00-2.869102372E+00-2.923960554E+00-2.978939222E+00
-3.034043958E+00-3.089282610E+00-3.144667134E+00-3.200219812E+00-3.255855366E+00
-3.310895266E+00-3.364653852E+00-3.416679344E+00-3.466865846E+00-3.515352681E+00
-3.562342940E+00-3.607996678E+00-3.652406248E+00-3.695606489E+00-3.737592653E+00
-3.778295856E+00-3.817595939E+00-3.855362010E+00-3.891454397E+00-3.925727405E+00
-3.958032700E+00-3.988221738E+00-4.016148028E+00-4.041668972E+00-4.064647070E+00
-4.084950868E+00-4.102455441E+00-4.117042530E+00-4.128600581E+00-4.137024512E+00
-4.142215460E+00-4.144080551E+00-4.142532664E+00-4.137490552E+00-4.128878779E+00
-4.116628227E+00-4.100676501E+00-4.080968570E+00-4.057457561E+00-4.030105572E+00
-3.998884371E+00-3.963775762E+00-3.924771394E+00-3.881872448E+00-3.835088072E+00
-3.784429019E+00-3.729903970E+00-3.671521140E+00-3.609191300E+00-3.542700911E+00
-3.471582480E+00-3.394813146E+00-3.310923034E+00-3.220306876E+00-3.125418616E+00
-3.028519723E+00-2.929304756E+00-2.827915380E+00-2.724427903E+00-2.618933630E+00
-2.511523712E+00-2.402287225E+00-2.291313749E+00-2.178695327E+00-2.064527837E+00
-1.948911864E+00-1.831953452E+00-1.713764675E+00-1.594464302E+00-1.474178300E+00
-1.353040349E+00-1.231192315E+00-1.108784616E+00-9.859765041E-01-8.629361874E-01
-7.398407989E-01-6.168761539E-01-4.942362740E-01-3.721226837E-01-2.507434453E-01
-1.303119368E-01-1.104543103E-02 1.068365415E-01 2.231139540E-01 3.375681260E-01
 4.499835704E-01 5.601497719E-01 6.678628460E-01 7.729269805E-01 8.751556897E-01
 9.743727887E-01 1.070413147E+00 1.163123226E+00 1.252361459E+00 1.337998521E+00
 1.419917578E+00 1.498014579E+00 1.572198642E+00 1.642392611E+00 1.708533767E+00
 1.770574726E+00-1.558970267E+00-1.603332272E+00-1.650458942E+00-1.700427207E+00
-1.752749738E+00-1.805552019E+00-1.858309073E+00-1.911071151E+00-1.963895624E+00
-2.016828044E+00-2.069902403E+00-2.123143037E+00-2.176566765E+00-2.230184731E+00
-2.284003851E+00-2.338028116E+00-2.392259427E+00-2.446698325E+00-2.501344598E+00
-2.556197625E+00-2.611256806E+00-2.666521733E+00-2.721992504E+00-2.777669700E+00
-2.833554696E+00-2.889649509E+00-2.945956889E+00-3.002480033E+00-3.059221965E+00
-3.116183596E+00-3.173358220E+00-3.230941005E+00-3.288363289E+00-3.344907903E+00
-3.400008493E+00-3.453440573E+00-3.505294887E+00-3.555784526E+00-3.605097080E+00
-3.653348269E+00-3.700589713E+00-3.746826821E+00-3.791985918E+00-3.835940842E+00
-3.878554691E+00-3.919678358E+00-3.959155723E+00-3.996826788E+00-4.032531070E+00
-4.066110375E+00-4.097410848E+00-4.126284778E+00-4.152591466E+00-4.176197869E+00
-4.196978674E+00-4.214816030E+00-4.229599062E+00-4.241223189E+00-4.249589356E+00
-4.254603430E+00-4.256175518E+00-4.254219762E+00-4.248654137E+00-4.239400689E+00
-4.226386076E+00-4.209542303E+00-4.188807809E+00-4.164128783E+00-4.135460504E+00
-4.102768770E+00-4.066031122E+00-4.025237874E+00-3.980392396E+00-3.931510655E+00
-3.878619682E+00-3.821754123E+00-3.760945661E+00-3.696223399E+00-3.627556529E+00
-3.554739031E+00-3.477292310E+00-3.394079682E+00-3.303393359E+00-3.205919682E+00
-3.104481669E+00-3.001111134E+00-2.895601708E+00-2.788112615E+00-2.678752191E+00
-2.567606956E+00-2.454762945E+00-2.340309971E+00-2.224342109E+00-2.106957797E+00
-1.988260138E+00-1.868357042E+00-1.747361642E+00-1.625392511E+00-1.502574012E+00
-1.379036582E+00-1.254916990E+00-1.130358533E+00-1.005511129E+00-8.805313041E-01
-7.555820617E-01-6.308325999E-01-5.064578943E-01-3.826381525E-01-2.595581359E-01
-1.374063790E-01-1.637434997E-02 1.033444350E-01 2.215552842E-01 3.380631543E-01
 4.526733938E-01 5.651923665E-01 6.754279499E-01 7.831899087E-01 8.882901758E-01
 9.905430735E-01 1.089765590E+00 1.185777730E+00 1.278403127E+00 1.367469941E+00
 1.452812189E+00 1.534271514E+00 1.611699441E+00 1.684960079E+00 1.753933147E+00
-1.571238660E+00-1.616287868E+00-1.663823532E+00-1.713883711E+00-1.766335593E+00
-1.818814189E+00-1.871185387E+00-1.923597855E+00-1.976146912E+00-2.028894765E+00
-2.081881578E+00-2.135133044E+00-2.188665323E+00-2.242488260E+00-2.296607474E+00
-2.351025891E+00-2.405744615E+00-2.460763684E+00-2.516082655E+00-2.571700925E+00
-2.627617990E+00-2.683833736E+00-2.740348587E+00-2.797163493E+00-2.854280180E+00
-2.911701107E+00-2.969429589E+00-3.027470256E+00-3.085830317E+00-3.144523045E+00
-3.203577700E+00-3.262936886E+00-3.321884617E+00-3.379752653E+00-3.436166956E+00
-3.491124136E+00-3.544827167E+00-3.597490419E+00-3.649257478E+00-3.700200349E+00
-3.750339261E+00-3.799603410E+00-3.847863978E+00-3.894978522E+00-3.940789990E+00
-3.985132166E+00-4.027833852E+00-4.068722824E+00-4.107629279E+00-4.144388551E+00
-4.178843258E+00-4.210844526E+00-4.240252916E+00-4.266938311E+00-4.290779740E+00
-4.311664446E+00-4.329486824E+00-4.344147217E+00-4.355550580E+00-4.363605337E+00
-4.368222392E+00-4.369314334E+00-4.366795109E+00-4.360580039E+00-4.350586073E+00
-4.336732662E+00-4.318942896E+00-4.297144963E+00-4.271274010E+00-4.241274093E+00
-4.207100393E+00-4.168721210E+00-4.126119820E+00-4.079295953E+00-4.028266408E+00
-3.973064670E+00-3.913738657E+00-3.850346890E+00-3.782948216E+00-3.711588559E+00
-3.636273345E+00-3.556791111E+00-3.472592282E+00-3.382301099E+00-3.284044545E+00
-3.179392540E+00-3.071265279E+00-2.961369387E+00-2.849726469E+00-2.736344548E+00
-2.621291114E+00-2.504652008E+00-2.386519001E+00-2.266987756E+00-2.146157506E+00
-2.024131064E+00-1.901014822E+00-1.776918942E+00-1.651957471E+00-1.526248584E+00
-1.399914797E+00-1.273083170E+00-1.145885440E+00-1.018458095E+00-8.909423784E-01
-7.634842082E-01-6.362340498E-01-5.093467192E-01-3.829811709E-01-2.573002644E-01
-1.324705712E-01-8.662219671E-03 1.139511557E-01 2.351923576E-01 3.548804329E-01
 4.728303206E-01 5.888523801E-01 7.027518090E-01 8.143280285E-01 9.233741370E-01
 1.029676550E+00 1.133014995E+00 1.233163066E+00 1.329889467E+00 1.422960157E+00
 1.512141453E+00 1.597204140E+00 1.677928481E+00 1.754109929E+00-1.588086469E+00
-1.634515560E+00-1.682579344E+00-1.732273262E+00-1.783685070E+00-1.835068048E+00
-1.886528482E+00-1.938241171E+00-1.990281448E+00-2.042687507E+00-2.095479327E+00
-2.148667139E+00-2.202255554E+00-2.256245910E+00-2.310637606E+00-2.365428955E+00
-2.420617808E+00-2.476201935E+00-2.532179283E+00-2.588548224E+00-2.645307693E+00
-2.702457320E+00-2.759997475E+00-2.817929262E+00-2.876254541E+00-2.934975696E+00
-2.994095264E+00-3.053615009E+00-3.113533769E+00-3.173842513E+00-3.234773827E+00
-3.295748138E+00-3.356055042E+00-3.415177478E+00-3.472975989E+00-3.529610610E+00
-3.585315671E+00-3.640266901E+00-3.694561033E+00-3.748238021E+00-3.801239560E+00
-3.853436288E+00-3.904681791E+00-3.954812080E+00-4.003651502E+00-4.051017794E+00
-4.096726796E+00-4.140596808E+00-4.182451945E+00-4.222124844E+00-4.259458572E+00
-4.294307643E+00-4.326538336E+00-4.356028285E+00-4.382665431E+00-4.406346669E+00
-4.426976003E+00-4.444462633E+00-4.458719186E+00-4.469660036E+00-4.477199845E+00
-4.481252598E+00-4.481730943E+00-4.478545996E+00-4.471607576E+00-4.460824786E+00
-4.446106998E+00-4.427365348E+00-4.404514597E+00-4.377475336E+00-4.346176645E+00
-4.310558746E+00-4.270575928E+00-4.226199300E+00-4.177419269E+00-4.124247211E+00
-4.066716221E+00-4.004880188E+00-3.938810865E+00-3.868592097E+00-3.794308698E+00
-3.716024767E+00-3.633754353E+00-3.547239992E+00-3.455750389E+00-3.357448493E+00
-3.250610627E+00-3.138207446E+00-3.024230549E+00-2.908350757E+00-2.790763914E+00
-2.671595740E+00-2.550943449E+00-2.428900828E+00-2.305563327E+00-2.181028454E+00
-2.055395593E+00-1.928765831E+00-1.801242155E+00-1.672929729E+00-1.543936184E+00
-1.414371890E+00-1.284350199E+00-1.153987615E+00-1.023403939E+00-8.927223626E-01
-7.620695687E-01-6.315758303E-01-5.013751637E-01-3.716055344E-01-2.424091958E-01
-1.139331562E-01 1.367017556E-02 1.402421173E-01 2.656166151E-01 3.896189013E-01
 5.120639089E-01 6.327545257E-01 7.514797304E-01 8.680127947E-01 9.821097312E-01
 1.093508262E+00 1.201927640E+00 1.307069670E+00 1.408621281E+00 1.506258892E+00
 1.599654694E+00 1.688484729E+00 1.772438382E+00-1.609337007E+00-1.658154524E+00
-1.706877351E+00-1.755480641E+00-1.804110399E+00-1.853427627E+00-1.903521427E+00
-1.954296235E+00-2.005694275E+00-2.057680199E+00-2.110229785E+00-2.163325052E+00
-2.216951756E+00-2.271098234E+00-2.325754815E+00-2.380913323E+00-2.436566956E+00
-2.492710192E+00-2.549338710E+00-2.606449312E+00-2.664040022E+00-2.722109968E+00
-2.780659441E+00-2.839689932E+00-2.899204039E+00-2.959205500E+00-3.019699316E+00
-3.080691745E+00-3.142190868E+00-3.204207535E+00-3.266747037E+00-3.329097727E+00
-3.390618339E+00-3.450994497E+00-3.510289293E+00-3.568736299E+00-3.626544518E+00
-3.683840772E+00-3.740687690E+00-3.797051399E+00-3.852805193E+00-3.907800603E+00
-3.961868042E+00-4.014823289E+00-4.066473271E+00-4.116621755E+00-4.165074486E+00
-4.211643485E+00-4.256150599E+00-4.298429940E+00-4.338329572E+00-4.375712091E+00
-4.410454336E+00-4.442446342E+00-4.471589536E+00-4.497794475E+00-4.520978242E+00
-4.541061664E+00-4.557967075E+00-4.571616174E+00-4.581928565E+00-4.588820634E+00
-4.592205107E+00-4.591990873E+00-4.588083275E+00-4.580384515E+00-4.568794201E+00
-4.553210428E+00-4.533531214E+00-4.509656496E+00-4.481490646E+00-4.448945132E+00
-4.411941611E+00-4.370416022E+00-4.324322538E+00-4.273636997E+00-4.218359590E+00
-4.158516847E+00-4.094162093E+00-4.025373689E+00-3.952250884E+00-3.874905409E+00
-3.793447557E+00-3.707957415E+00-3.618433470E+00-3.524518505E+00-3.425152531E+00
-3.317955006E+00-3.202787635E+00-3.083691989E+00-2.963106317E+00-2.841047380E+00
-2.717528781E+00-2.592624113E+00-2.466423599E+00-2.339020440E+00-2.210507222E+00
-2.080975385E+00-1.950515925E+00-1.819219918E+00-1.687179150E+00-1.554486512E+00
-1.421236367E+00-1.287524798E+00-1.153449839E+00-1.019111685E+00-8.846129251E-01
-7.500588457E-01-6.155578306E-01-4.812218837E-01-3.471673669E-01-2.135159474E-01
-8.039585104E-02 5.205655925E-02 1.836948082E-01 3.143599200E-01 4.438775939E-01
 5.720549534E-01 6.986769661E-01 8.235026771E-01 9.462614940E-01 1.066649965E+00
 1.184329576E+00 1.298926259E+00 1.410032392E+00 1.517212017E+00 1.620009684E+00
 1.717962960E+00 1.810617907E+00-1.629049070E+00-1.679668589E+00-1.728992993E+00
-1.776962810E+00-1.823827422E+00-1.871705513E+00-1.920739778E+00-1.970747001E+00
-2.021608913E+00-2.073247056E+00-2.125607114E+00-2.178649927E+00-2.232346176E+00
-2.286673384E+00-2.341613918E+00-2.397153827E+00-2.453282104E+00-2.509990126E+00
-2.567271441E+00-2.625121379E+00-2.683537052E+00-2.742517143E+00-2.802061982E+00
-2.862173390E+00-2.922854757E+00-2.984111142E+00-3.045949423E+00-3.108379037E+00
-3.171413470E+00-3.235074812E+00-3.299055278E+00-3.362635333E+00-3.425322430E+00
-3.487023502E+00-3.547932183E+00-3.608285669E+00-3.668246264E+00-3.727900894E+00
-3.787252155E+00-3.846183261E+00-3.904545725E+00-3.962166256E+00-4.018853428E+00
-4.074404053E+00-4.128609824E+00-4.181263446E+00-4.232163881E+00-4.281120961E+00
-4.327958624E+00-4.372517359E+00-4.414655325E+00-4.454248468E+00-4.491189459E+00
-4.525385772E+00-4.556756584E+00-4.585229813E+00-4.610738336E+00-4.633215709E+00
-4.652592484E+00-4.668794563E+00-4.681742771E+00-4.691353088E+00-4.697536651E+00
-4.700199983E+00-4.699245193E+00-4.694570453E+00-4.686070389E+00-4.673636974E+00
-4.657160224E+00-4.636529030E+00-4.611631720E+00-4.582356858E+00-4.548595834E+00
-4.510248739E+00-4.467230237E+00-4.419473417E+00-4.366933869E+00-4.309594810E+00
-4.247470425E+00-4.180607588E+00-4.109085531E+00-4.033013135E+00-3.952522475E+00
-3.867757464E+00-3.778854810E+00-3.685907676E+00-3.588847313E+00-3.487092949E+00
-3.378878646E+00-3.261525976E+00-3.137866370E+00-3.012853074E+00-2.886193340E+00
-2.758094696E+00-2.628691001E+00-2.498083983E+00-2.366360609E+00-2.233600866E+00
-2.099881373E+00-1.965277099E+00-1.829862424E+00-1.693711557E+00-1.556898967E+00
-1.419499555E+00-1.281588872E+00-1.143243313E+00-1.004540386E+00-8.655590588E-01
-7.263802630E-01-5.870875934E-01-4.477682472E-01-3.085142854E-01-1.694243040E-01
-3.060555599E-02 1.078233334E-01 2.457289960E-01 3.829591895E-01 5.193378342E-01
 6.546591892E-01 7.886812280E-01 9.211184008E-01 1.051634264E+00 1.179834719E+00
 1.305263155E+00 1.427399118E+00 1.545662505E+00 1.659424935E+00 1.768029012E+00
 1.870814456E+00-1.645348492E+00-1.696928736E+00-1.746775710E+00-1.794791393E+00
-1.841110756E+00-1.888542928E+00-1.937133466E+00-1.986766547E+00-2.037354408E+00
-2.088826760E+00-2.141128299E+00-2.194215776E+00-2.248055125E+00-2.302619374E+00
-2.357887092E+00-2.413841188E+00-2.470468233E+00-2.527757763E+00-2.585701952E+00
-2.644295236E+00-2.703534245E+00-2.763417467E+00-2.823945348E+00-2.885120078E+00
-2.946945628E+00-3.009427482E+00-3.072572462E+00-3.136387446E+00-3.200876213E+00
-3.266098987E+00-3.331378574E+00-3.396097251E+00-3.459969592E+00-3.523089381E+00
-3.585701644E+00-3.648008291E+00-3.710125603E+00-3.772098167E+00-3.833833827E+00
-3.895186129E+00-3.955980911E+00-4.016021611E+00-4.075096321E+00-4.132985188E+00
-4.189467698E+00-4.244329057E+00-4.297365805E+00-4.348390234E+00-4.397233763E+00
-4.443748952E+00-4.487810217E+00-4.529313232E+00-4.568172833E+00-4.604320407E+00
-4.637698422E+00-4.668251809E+00-4.695922087E+00-4.720646068E+00-4.742355718E+00
-4.760978101E+00-4.776434954E+00-4.788642469E+00-4.797511338E+00-4.802946807E+00
-4.804848734E+00-4.803111997E+00-4.797626923E+00-4.788279826E+00-4.774953763E+00
-4.757529373E+00-4.735885916E+00-4.709902361E+00-4.679459095E+00-4.644439543E+00
-4.604730428E+00-4.560222364E+00-4.510818621E+00-4.456448628E+00-4.397072700E+00
-4.332685974E+00-4.263322572E+00-4.189056902E+00-4.110001954E+00-4.026304374E+00
-3.938134738E+00-3.845671103E+00-3.749069882E+00-3.648418563E+00-3.543457880E+00
-3.433105287E+00-3.314549722E+00-3.187603477E+00-3.057050812E+00-2.925271380E+00
-2.792294574E+00-2.658168025E+00-2.522945581E+00-2.386682835E+00-2.249435574E+00
-2.111259275E+00-1.972208911E+00-1.832338871E+00-1.691702907E+00-1.550354071E+00
-1.408344719E+00-1.265726570E+00-1.122550823E+00-9.788684280E-01-8.347305066E-01
-6.901890015E-01-5.452976224E-01-4.001131482E-01-2.546972100E-01-1.091186549E-01
 3.654334992E-02 1.821952889E-01 3.277241437E-01 4.729908507E-01 6.178221140E-01
 7.620003012E-01 9.052512543E-01 1.047230106E+00 1.187505686E+00 1.325545122E+00
 1.460701744E+00 1.592211228E+00 1.719202052E+00 1.840724988E+00 1.955801163E+00
-1.658642606E+00-1.710831881E+00-1.761139675E+00-1.809469483E+00-1.856365071E+00
-1.903829667E+00-1.952374447E+00-2.001957952E+00-2.052526455E+00-2.104030605E+00
-2.156427150E+00-2.209679178E+00-2.263755723E+00-2.318631053E+00-2.374283989E+00
-2.430697284E+00-2.487857163E+00-2.545752850E+00-2.604376246E+00-2.663721733E+00
-2.723785938E+00-2.784567679E+00-2.846067770E+00-2.908289099E+00-2.971236664E+00
-3.034917830E+00-3.099343156E+00-3.164528590E+00-3.230502461E+00-3.297056174E+00
-3.363478918E+00-3.429285564E+00-3.494394768E+00-3.559011754E+00-3.623373387E+00
-3.687634588E+00-3.751877129E+00-3.816057237E+00-3.880032955E+00-3.943633279E+00
-4.006659535E+00-4.068893168E+00-4.130104113E+00-4.190059051E+00-4.248529038E+00
-4.305296257E+00-4.360159845E+00-4.412940368E+00-4.463483081E+00-4.511659668E+00
-4.557368340E+00-4.600532947E+00-4.641098552E+00-4.679019253E+00-4.714247457E+00
-4.746731449E+00-4.776415635E+00-4.803239731E+00-4.827138381E+00-4.848040817E+00
-4.865870480E+00-4.880544786E+00-4.891974909E+00-4.900065708E+00-4.904715878E+00
-4.905817974E+00-4.903258909E+00-4.896920368E+00-4.886679460E+00-4.872409556E+00
-4.853981293E+00-4.831263798E+00-4.804125965E+00-4.772437988E+00-4.736072731E+00
-4.694907538E+00-4.648826494E+00-4.597721146E+00-4.541490713E+00-4.480060127E+00
-4.413397863E+00-4.341517736E+00-4.264482275E+00-4.182402513E+00-4.095433661E+00
-4.003766486E+00-3.907612064E+00-3.807177129E+00-3.702614685E+00-3.593912039E+00
-3.480389594E+00-3.359758231E+00-3.229262051E+00-3.093689326E+00-2.956963098E+00
-2.819120105E+00-2.680196739E+00-2.540229661E+00-2.399255707E+00-2.257311460E+00
-2.114432808E+00-1.970654455E+00-1.826009577E+00-1.680529398E+00-1.534242927E+00
-1.387176740E+00-1.239354846E+00-1.090798707E+00-9.415274012E-01-7.915580100E-01
-6.409062732E-01-4.895876094E-01-3.376185899E-01-1.850190356E-01-3.181489730E-02
 1.219578066E-01 2.762476783E-01 4.309807978E-01 5.860511341E-01 7.413077431E-01
 8.965376659E-01 1.051443366E+00 1.205613469E+00 1.358486504E+00 1.509310060E+00
 1.657104214E+00 1.800648508E+00 1.938519194E+00 2.069191145E+00-1.670827694E+00
-1.723593000E+00-1.774360339E+00-1.823038804E+00-1.870063893E+00-1.917729567E+00
-1.966449107E+00-2.016193927E+00-2.066931806E+00-2.118630464E+00-2.171259225E+00
-2.224790032E+00-2.279197965E+00-2.334461362E+00-2.390561736E+00-2.447483701E+00
-2.505214740E+00-2.563745010E+00-2.623067147E+00-2.683176191E+00-2.744069390E+00
-2.805746104E+00-2.868207767E+00-2.931457772E+00-2.995501290E+00-3.060344911E+00
-3.125994893E+00-3.192452321E+00-3.259887192E+00-3.327651997E+00-3.395131416E+00
-3.462029074E+00-3.528435250E+00-3.594596983E+00-3.660714109E+00-3.726900819E+00
-3.793179358E+00-3.859425885E+00-3.925476044E+00-3.991132615E+00-4.056173437E+00
-4.120360365E+00-4.183448435E+00-4.245194635E+00-4.305366170E+00-4.363747449E+00
-4.420146154E+00-4.474397888E+00-4.526369337E+00-4.575959662E+00-4.623100889E+00
-4.667749069E+00-4.709865835E+00-4.749410129E+00-4.786337866E+00-4.820601262E+00
-4.852148329E+00-4.880922350E+00-4.906861356E+00-4.929897586E+00-4.949957116E+00
-4.966959452E+00-4.980817243E+00-4.991436083E+00-4.998714455E+00-5.002543770E+00
-5.002808559E+00-4.999386940E+00-4.992151042E+00-4.980967900E+00-4.965700363E+00
-4.946208177E+00-4.922349387E+00-4.893981802E+00-4.860964628E+00-4.823160210E+00
-4.780435931E+00-4.732666012E+00-4.679733475E+00-4.621532792E+00-4.557968645E+00
-4.488968700E+00-4.414516197E+00-4.334653473E+00-4.249482181E+00-4.159159820E+00
-4.063890915E+00-3.963911945E+00-3.859467081E+00-3.750767496E+00-3.637912963E+00
-3.520500922E+00-3.396788125E+00-3.263106339E+00-3.122494389E+00-2.980800941E+00
-2.838042331E+00-2.694236927E+00-2.549403992E+00-2.403562824E+00-2.256731792E+00
-2.108927330E+00-1.960163272E+00-1.810450072E+00-1.659794107E+00-1.508197216E+00
-1.355656185E+00-1.202162386E+00-1.047701535E+00-8.922535826E-01-7.357928244E-01
-5.782882494E-01-4.197042483E-01-2.600017935E-01-9.914026522E-02 6.291983280E-02
 2.262129146E-01 3.907626015E-01 5.565734860E-01 7.236192014E-01 8.918249190E-01
 1.061041293E+00 1.231004921E+00 1.401277445E+00 1.571151975E+00 1.739517215E+00
 1.904699678E+00 2.064403338E+00 2.215955208E+00-1.681870778E+00-1.735141026E+00
-1.786378861E+00-1.835418354E+00-1.882415461E+00-1.930387465E+00-1.979408127E+00
-2.029446743E+00-2.080483612E+00-2.132497749E+00-2.185467936E+00-2.239373711E+00
-2.294196122E+00-2.349918060E+00-2.406524603E+00-2.464003023E+00-2.522342951E+00
-2.581536210E+00-2.641576872E+00-2.702461176E+00-2.764187419E+00-2.826755928E+00
-2.890169049E+00-2.954431336E+00-3.019549918E+00-3.085536113E+00-3.152409570E+00
-3.220209797E+00-3.288873509E+00-3.357696714E+00-3.426171092E+00-3.494183441E+00
-3.561929082E+00-3.629645968E+00-3.697489484E+00-3.765538572E+00-3.833720761E+00
-3.901880241E+00-3.969825777E+00-4.037335773E+00-4.104167045E+00-4.170064997E+00
-4.234773578E+00-4.298044645E+00-4.359646699E+00-4.419372288E+00-4.477044421E+00
-4.532521354E+00-4.585699787E+00-4.636516338E+00-4.684934383E+00-4.730921564E+00
-4.774443214E+00-4.815462439E+00-4.853939302E+00-4.889830284E+00-4.923087599E+00
-4.953658716E+00-4.981485658E+00-5.006504501E+00-5.028644789E+00-5.047829052E+00
-5.063972457E+00-5.076982361E+00-5.086758198E+00-5.093191338E+00-5.096165152E+00
-5.095555313E+00-5.091230137E+00-5.083051347E+00-5.070874854E+00-5.054551958E+00
-5.033930530E+00-5.008856617E+00-4.979176113E+00-4.944736540E+00-4.905389060E+00
-4.860990574E+00-4.811405617E+00-4.756508642E+00-4.696185927E+00-4.630337949E+00
-4.558879488E+00-4.481751618E+00-4.398965558E+00-4.310605658E+00-4.216825423E+00
-4.117838253E+00-4.013901575E+00-3.905292501E+00-3.792268689E+00-3.674992307E+00
-3.553281500E+00-3.425782057E+00-3.288675300E+00-3.143069157E+00-2.996406630E+00
-2.848691128E+00-2.699927922E+00-2.550122400E+00-2.399278475E+00-2.247397193E+00
-2.094475513E+00-1.940505257E+00-1.785472144E+00-1.629354834E+00-1.472124117E+00
-1.313742101E+00-1.154161430E+00-9.933245664E-01-8.311631012E-01-6.675971637E-01
-5.025349373E-01-3.358723452E-01-1.674930229E-01 2.731352216E-03 1.749401234E-01
 3.492818707E-01 5.259113138E-01 7.049842015E-01 8.866489456E-01 1.071032757E+00
 1.258217793E+00 1.448197394E+00 1.640787539E+00 1.835420999E+00 2.030584125E+00
 2.222380792E+00 2.404164058E+00-1.690802607E+00-1.744474740E+00-1.796108125E+00
-1.845603584E+00-1.893510586E+00-1.941892603E+00-1.991291909E+00-2.041710472E+00
-2.093135873E+00-2.145553830E+00-2.198949229E+00-2.253307053E+00-2.308612963E+00
-2.364853802E+00-2.422017885E+00-2.480095311E+00-2.539078037E+00-2.598959903E+00
-2.659736800E+00-2.721406442E+00-2.783968479E+00-2.847424307E+00-2.911776891E+00
-2.977030223E+00-3.043188255E+00-3.110252324E+00-3.178215319E+00-3.247395103E+00
-3.317197650E+00-3.386997232E+00-3.456450311E+00-3.525607424E+00-3.594709642E+00
-3.663961586E+00-3.733481575E+00-3.803282785E+00-3.873226610E+00-3.943133697E+00
-4.012787660E+00-4.081944404E+00-4.150342688E+00-4.217715145E+00-4.283798904E+00
-4.348345647E+00-4.411130793E+00-4.471961462E+00-4.530683197E+00-4.587185066E+00
-4.641403045E+00-4.693304698E+00-4.742862779E+00-4.790048476E+00-4.834831463E+00
-4.877179167E+00-4.917056127E+00-4.954423397E+00-4.989237899E+00-5.021451773E+00
-5.051011673E+00-5.077858190E+00-5.101925149E+00-5.123139073E+00-5.141418558E+00
-5.156673888E+00-5.168806569E+00-5.177709193E+00-5.183265188E+00-5.185349066E+00
-5.183826563E+00-5.178555278E+00-5.169385365E+00-5.156160548E+00-5.138719474E+00
-5.116897127E+00-5.090526610E+00-5.059441069E+00-5.023475718E+00-4.982470154E+00
-4.936270425E+00-4.884731416E+00-4.827719017E+00-4.765112393E+00-4.696805841E+00
-4.622711214E+00-4.542757630E+00-4.456914068E+00-4.365239413E+00-4.267877697E+00
-4.165047803E+00-4.057026206E+00-3.944120789E+00-3.826631529E+00-3.704781672E+00
-3.578535621E+00-3.446788393E+00-3.305805157E+00-3.155223269E+00-3.003575676E+00
-2.850859994E+00-2.697073260E+00-2.542209755E+00-2.386259308E+00-2.229205758E+00
-2.071025678E+00-1.911687151E+00-1.751148548E+00-1.589357385E+00-1.426249072E+00
-1.261745623E+00-1.095754240E+00-9.281657935E-01-7.588531264E-01-5.876691911E-01
-4.144449763E-01-2.389871599E-01-6.107548482E-02 1.195402770E-01 3.031438621E-01
 4.900568061E-01 6.806438713E-01 8.753204246E-01 1.074563305E+00 1.278928562E+00
 1.489083895E+00 1.705876550E+00 1.930503323E+00 2.165066574E+00 2.411928894E+00
 2.637030156E+00-1.699212887E+00-1.753312336E+00-1.805358974E+00-1.855259431E+00
-1.903488270E+00-1.952284634E+00-2.002114151E+00-2.052973448E+00-2.104853030E+00
-2.157741852E+00-2.211628055E+00-2.266499820E+00-2.322345810E+00-2.379155756E+00
-2.436920628E+00-2.495632966E+00-2.555286995E+00-2.615878666E+00-2.677405769E+00
-2.739867878E+00-2.803266486E+00-2.867604925E+00-2.932888504E+00-2.999124626E+00
-3.066322998E+00-3.134495770E+00-3.203656972E+00-3.273961949E+00-3.344734671E+00
-3.415427385E+00-3.485852385E+00-3.556168426E+00-3.626615264E+00-3.697356498E+00
-3.768476634E+00-3.839897484E+00-3.911453334E+00-3.982938322E+00-4.054112540E+00
-4.124712282E+00-4.194461716E+00-4.263084698E+00-4.330316147E+00-4.395912764E+00
-4.459662718E+00-4.521394270E+00-4.580982785E+00-4.638356742E+00-4.693484653E+00
-4.746343441E+00-4.796909271E+00-4.845157553E+00-4.891062226E+00-4.934595192E+00
-4.975725719E+00-5.014419723E+00-5.050639147E+00-5.084341265E+00-5.115477885E+00
-5.143994732E+00-5.169830671E+00-5.192917030E+00-5.213176880E+00-5.230524440E+00
-5.244864529E+00-5.256092161E+00-5.264092235E+00-5.268739421E+00-5.269898273E+00
-5.267423596E+00-5.261161052E+00-5.250948028E+00-5.236614896E+00-5.217986466E+00
-5.194883831E+00-5.167126220E+00-5.134533348E+00-5.096927643E+00-5.054136764E+00
-5.005996044E+00-4.952350931E+00-4.893059391E+00-4.827994134E+00-4.757044808E+00
-4.680119856E+00-4.597148706E+00-4.508081946E+00-4.412942868E+00-4.311861976E+00
-4.205062264E+00-4.092839369E+00-3.975533049E+00-3.853486087E+00-3.726975770E+00
-3.596056393E+00-3.459776576E+00-3.314448883E+00-3.158874353E+00-3.002213481E+00
-2.844462353E+00-2.685611707E+00-2.525645323E+00-2.364538439E+00-2.202256543E+00
-2.038754060E+00-1.873973058E+00-1.707841911E+00-1.540273691E+00-1.371164457E+00
-1.200391279E+00-1.027809922E+00-8.532521830E-01-6.765227363E-01-4.973954123E-01
-3.156087452E-01-1.308606014E-01 5.719839709E-02 2.489730644E-01 4.449340930E-01
 6.456317625E-01 8.517145799E-01 1.063955760E+00 1.283292628E+00 1.510887995E+00
 1.748228635E+00 1.997279936E+00 2.260686167E+00 2.539755153E+00 2.798171842E+00
-1.706941282E+00-1.761399689E+00-1.813919706E+00-1.864149968E+00-1.912328241E+00
-1.961558873E+00-2.011860592E+00-2.063210577E+00-2.115598868E+00-2.169014555E+00
-2.223446516E+00-2.278884094E+00-2.335317581E+00-2.392738489E+00-2.451139862E+00
-2.510516293E+00-2.570864083E+00-2.632181235E+00-2.694467457E+00-2.757724224E+00
-2.821954790E+00-2.887164271E+00-2.953359953E+00-3.020552028E+00-3.088755590E+00
-3.157995424E+00-3.228318015E+00-3.299645331E+00-3.371302370E+00-3.442852775E+00
-3.514256902E+00-3.585731466E+00-3.657490660E+00-3.729662394E+00-3.802272537E+00
-3.875179344E+00-3.948194217E+00-4.021087325E+00-4.093597617E+00-4.165444880E+00
-4.236342372E+00-4.306009337E+00-4.374183214E+00-4.440630837E+00-4.505158940E+00
-4.567623161E+00-4.627936440E+00-4.686063142E+00-4.741983211E+00-4.795676767E+00
-4.847123928E+00-4.896304155E+00-4.943195726E+00-4.987775136E+00-5.030016440E+00
-5.069890610E+00-5.107364880E+00-5.142401910E+00-5.174959186E+00-5.204988072E+00
-5.232433129E+00-5.257231247E+00-5.279310865E+00-5.298591219E+00-5.314981606E+00
-5.328380758E+00-5.338676407E+00-5.345744886E+00-5.349451020E+00-5.349648357E+00
-5.346179457E+00-5.338876747E+00-5.327563604E+00-5.312055712E+00-5.292162981E+00
-5.267691446E+00-5.238445747E+00-5.204231549E+00-5.164858220E+00-5.120141619E+00
-5.069906713E+00-5.013990209E+00-4.952243194E+00-4.884533343E+00-4.810747239E+00
-4.730792183E+00-4.644597971E+00-4.552118292E+00-4.453348127E+00-4.348401124E+00
-4.237504343E+00-4.120973982E+00-3.999183070E+00-3.872516379E+00-3.741298691E+00
-3.605640125E+00-3.464657741E+00-3.314563887E+00-3.153968462E+00-2.992282046E+00
-2.829498010E+00-2.665598992E+00-2.500555986E+00-2.334327582E+00-2.166858923E+00
-1.998080465E+00-1.827906545E+00-1.656233685E+00-1.482938643E+00-1.307876024E+00
-1.130875464E+00-9.517382591E-01-7.702332972E-01-5.860921749E-01-3.990032902E-01
-2.086046370E-01-1.447502810E-02 1.838767321E-01 3.870252623E-01 5.956453409E-01
 8.105329318E-01 1.032631583E+00 1.263065328E+00 1.503178361E+00 1.754578690E+00
 2.019175258E+00 2.299183242E+00 2.596669135E+00 2.876342339E+00-1.712389776E+00
-1.767186233E+00-1.819999946E+00-1.870735655E+00-1.919927547E+00-1.969671781E+00
-2.020491529E+00-2.072384075E+00-2.125335504E+00-2.179331983E+00-2.234360819E+00
-2.290410987E+00-2.347473340E+00-2.405540631E+00-2.464607610E+00-2.524670788E+00
-2.585728537E+00-2.647780936E+00-2.710829689E+00-2.774878129E+00-2.839931003E+00
-2.905994223E+00-2.973074491E+00-3.041178145E+00-3.110308750E+00-3.180461636E+00
-3.251980709E+00-3.324277794E+00-3.396771111E+00-3.469169171E+00-3.541557019E+00
-3.614171269E+00-3.687192653E+00-3.760721138E+00-3.834698901E+00-3.908955715E+00
-3.983278140E+00-4.057414234E+00-4.131084772E+00-4.203996462E+00-4.275855372E+00
-4.346380357E+00-4.415315815E+00-4.482443731E+00-4.547594771E+00-4.610658270E+00
-4.671585863E+00-4.730358619E+00-4.786959524E+00-4.841372360E+00-4.893580927E+00
-4.943568756E+00-4.991318386E+00-5.036810848E+00-5.080025041E+00-5.120937110E+00
-5.159519657E+00-5.195741038E+00-5.229564631E+00-5.260947884E+00-5.289841597E+00
-5.316188919E+00-5.339924471E+00-5.360973456E+00-5.379250771E+00-5.394660169E+00
-5.407093622E+00-5.416430605E+00-5.422537880E+00-5.425269323E+00-5.424466082E+00
-5.419957152E+00-5.411560271E+00-5.399083374E+00-5.382326179E+00-5.361082414E+00
-5.335142245E+00-5.304294965E+00-5.268331920E+00-5.227049514E+00-5.180252194E+00
-5.127755391E+00-5.069388451E+00-5.004997074E+00-4.934445910E+00-4.857620692E+00
-4.774430076E+00-4.684807560E+00-4.588712878E+00-4.486135100E+00-4.377169913E+00
-4.262050093E+00-4.141114934E+00-4.014772269E+00-3.883448044E+00-3.747508451E+00
-3.607095698E+00-3.461303089E+00-3.306040105E+00-3.140438882E+00-2.973779607E+00
-2.806046508E+00-2.637209143E+00-2.467222480E+00-2.296026353E+00-2.123544318E+00
-1.949682300E+00-1.774326902E+00-1.597343428E+00-1.418573460E+00-1.237831830E+00
-1.054902955E+00-8.695363842E-01-6.814413907E-01-4.902804437E-01-2.956612933E-01
-9.712742137E-02 1.058535268E-01 3.139036111E-01 5.277511211E-01 7.482498674E-01
 9.764009478E-01 1.213375869E+00 1.460538267E+00 1.719459148E+00 1.991917520E+00
 2.279876825E+00 2.586121487E+00 2.882469882E+00-1.717217391E+00-1.772304135E+00
-1.825469902E+00-1.876624419E+00-1.926261608E+00-1.976544919E+00-2.027947707E+00
-2.080450807E+00-2.134030754E+00-2.188667668E+00-2.244345813E+00-2.301053273E+00
-2.358781542E+00-2.417524864E+00-2.477280003E+00-2.538045777E+00-2.599822943E+00
-2.662613979E+00-2.726422976E+00-2.791255629E+00-2.857119089E+00-2.924021863E+00
-2.991973774E+00-3.060985694E+00-3.131069248E+00-3.202236936E+00-3.274706613E+00
-3.347827131E+00-3.421083095E+00-3.494307900E+00-3.567664974E+00-3.641381282E+00
-3.715603837E+00-3.790391178E+00-3.865615726E+00-3.941087236E+00-4.016569655E+00
-4.091791297E+00-4.166457686E+00-4.240265763E+00-4.312918090E+00-4.384137049E+00
-4.453678237E+00-4.521343327E+00-4.586991643E+00-4.650550655E+00-4.711997207E+00
-4.771316399E+00-4.828494453E+00-4.883518444E+00-4.936375875E+00-4.987054054E+00
-5.035539745E+00-5.081818436E+00-5.125873810E+00-5.167687092E+00-5.207236327E+00
-5.244495684E+00-5.279434569E+00-5.312016880E+00-5.342200008E+00-5.369933882E+00
-5.395160022E+00-5.417810453E+00-5.437806716E+00-5.455058804E+00-5.469464291E+00
-5.480907416E+00-5.489258527E+00-5.494373575E+00-5.496094054E+00-5.494247294E+00
-5.488647120E+00-5.479095089E+00-5.465382123E+00-5.447290597E+00-5.424597013E+00
-5.397074796E+00-5.364497522E+00-5.326642278E+00-5.283292911E+00-5.234243499E+00
-5.179301376E+00-5.118290248E+00-5.051052734E+00-4.977452941E+00-4.897378541E+00
-4.810742646E+00-4.717485343E+00-4.617575084E+00-4.511009525E+00-4.397873152E+00
-4.278408526E+00-4.152981935E+00-4.022038259E+00-3.886043538E+00-3.745398298E+00
-3.600252828E+00-3.449562835E+00-3.288707117E+00-3.118226453E+00-2.946764316E+00
-2.774288365E+00-2.600751535E+00-2.426091934E+00-2.250230793E+00-2.073071015E+00
-1.894495847E+00-1.714367312E+00-1.532523996E+00-1.348778238E+00-1.162912573E+00
-9.746754018E-01-7.837757268E-01-5.898768197E-01-3.925885852E-01-1.914583798E-01
 1.404000334E-02 2.245195017E-01 4.406953406E-01 6.634030854E-01 8.936189749E-01
 1.132481553E+00 1.381312505E+00 1.641632588E+00 1.915166125E+00 2.203825550E+00
 2.510076025E+00 2.808354134E+00-1.721261713E+00-1.776398396E+00-1.830143233E+00
-1.881496417E+00-1.931152546E+00-1.982067934E+00-2.034167466E+00-2.087383704E+00
-2.141678203E+00-2.197024825E+00-2.253406652E+00-2.310813182E+00-2.369238525E+00
-2.428680083E+00-2.489137819E+00-2.550613727E+00-2.613111568E+00-2.676636651E+00
-2.741195834E+00-2.806797431E+00-2.873451325E+00-2.941169199E+00-3.009964830E+00
-3.079854536E+00-3.150857575E+00-3.222995341E+00-3.296319648E+00-3.370184404E+00
-3.444159939E+00-3.518194826E+00-3.592494657E+00-3.667262447E+00-3.742618004E+00
-3.818555206E+00-3.894907892E+00-3.971463593E+00-4.047965871E+00-4.124126046E+00
-4.199637473E+00-4.274190583E+00-4.347487898E+00-4.419258873E+00-4.489274104E+00
-4.557358710E+00-4.623405207E+00-4.687374511E+00-4.749252399E+00-4.809026469E+00
-4.866685929E+00-4.922221033E+00-4.975622691E+00-5.026881932E+00-5.075989475E+00
-5.122935109E+00-5.167707167E+00-5.210291853E+00-5.250672581E+00-5.288829276E+00
-5.324737484E+00-5.358367615E+00-5.389683920E+00-5.418643535E+00-5.445195383E+00
-5.469279026E+00-5.490823563E+00-5.509746331E+00-5.525951839E+00-5.539330608E+00
-5.549758234E+00-5.557094602E+00-5.561183532E+00-5.561852606E+00-5.558913594E+00
-5.552163463E+00-5.541385808E+00-5.526352985E+00-5.506828750E+00-5.482571313E+00
-5.453336853E+00-5.418883192E+00-5.378973600E+00-5.333380493E+00-5.281889093E+00
-5.224300709E+00-5.160435828E+00-5.090136858E+00-5.013270406E+00-4.929729412E+00
-4.839434760E+00-4.742336689E+00-4.638416075E+00-4.527685008E+00-4.410229057E+00
-4.286307471E+00-4.156319070E+00-4.020748689E+00-3.880101163E+00-3.734802671E+00
-3.584978837E+00-3.429293780E+00-3.262429359E+00-3.087352587E+00-2.911403474E+00
-2.734533016E+00-2.556684496E+00-2.377781625E+00-2.197728410E+00-2.016410021E+00
-1.833692376E+00-1.649420497E+00-1.463416127E+00-1.275474523E+00-1.085360661E+00
-8.928046749E-01-6.974964531E-01-4.990791734E-01-2.971415167E-01-9.120827621E-02
 1.192710846E-01 3.349364457E-01 5.565343286E-01 7.849394029E-01 1.021181323E+00
 1.266477950E+00 1.522274965E+00 1.790287853E+00 2.072532388E+00 2.371285547E+00
 2.663525927E+00-1.722004875E+00-1.777259626E+00-1.831027196E+00-1.883236390E+00
-1.934290809E+00-1.986143125E+00-2.039147474E+00-2.093225492E+00-2.148336739E+00
-2.204462574E+00-2.261594918E+00-2.319731424E+00-2.378873063E+00-2.439023128E+00
-2.500186464E+00-2.562369329E+00-2.625579125E+00-2.689824340E+00-2.755114566E+00
-2.821460537E+00-2.888874287E+00-2.957369514E+00-3.026962419E+00-3.097673619E+00
-3.169532839E+00-3.242590167E+00-3.316703958E+00-3.391263192E+00-3.465935122E+00
-3.540764318E+00-3.615972008E+00-3.691733381E+00-3.768143909E+00-3.845124047E+00
-3.922488435E+00-4.000003460E+00-4.077394220E+00-4.154357752E+00-4.230578073E+00
-4.305742126E+00-4.379555455E+00-4.451757766E+00-4.522137733E+00-4.590547139E+00
-4.656913553E+00-4.721217423E+00-4.783447006E+00-4.843592556E+00-4.901646032E+00
-4.957600651E+00-5.011450483E+00-5.063190065E+00-5.112813816E+00-5.160315632E+00
-5.205688208E+00-5.248922552E+00-5.290007291E+00-5.328927931E+00-5.365666101E+00
-5.400198724E+00-5.432496985E+00-5.462525426E+00-5.490240717E+00-5.515590522E+00
-5.538512155E+00-5.558931286E+00-5.576760543E+00-5.591898118E+00-5.604226547E+00
-5.613611546E+00-5.619901199E+00-5.622925489E+00-5.622496246E+00-5.618407898E+00
-5.610438516E+00-5.598351992E+00-5.581900529E+00-5.560827981E+00-5.534873570E+00
-5.503776053E+00-5.467277946E+00-5.425129769E+00-5.377094248E+00-5.322949960E+00
-5.262494995E+00-5.195549805E+00-5.121959934E+00-5.041598190E+00-4.954366447E+00
-4.860197138E+00-4.759054511E+00-4.650935427E+00-4.535870018E+00-4.413957437E+00
-4.285483690E+00-4.150887419E+00-4.010696767E+00-3.865453578E+00-3.715598818E+00
-3.561180446E+00-3.400345675E+00-3.227234328E+00-3.047988036E+00-2.867985725E+00
-2.687217957E+00-2.505610519E+00-2.323065284E+00-2.139470389E+00-1.954700772E+00
-1.768616196E+00-1.581058353E+00-1.391848092E+00-1.200782287E+00-1.007630460E+00
-8.121309586E-01-6.139864725E-01-4.128587560E-01-2.083622248E-01-5.605695064E-05
 2.125658948E-01 4.300884639E-01 6.531937700E-01 8.826885578E-01 1.119546757E+00
 1.364978995E+00 1.620548528E+00 1.888354236E+00 2.171110040E+00 2.450232778E+00
-1.720861985E+00-1.775481604E+00-1.829450318E+00-1.882712652E+00-1.935600399E+00
-1.988948396E+00-2.043119017E+00-2.098185833E+00-2.154179186E+00-2.211118184E+00
-2.269017379E+00-2.327889190E+00-2.387745052E+00-2.448595911E+00-2.510452659E+00
-2.573326281E+00-2.637228113E+00-2.702169860E+00-2.768163690E+00-2.835222217E+00
-2.903358386E+00-2.972585044E+00-3.042914107E+00-3.114354314E+00-3.186906112E+00
-3.260912321E+00-3.335788042E+00-3.411013558E+00-3.486366015E+00-3.561967469E+00
-3.638039574E+00-3.714732329E+00-3.792106948E+00-3.870028100E+00-3.948293312E+00
-4.026650392E+00-4.104808507E+00-4.182452933E+00-4.259261099E+00-4.334919075E+00
-4.409138143E+00-4.481670738E+00-4.552326209E+00-4.620985619E+00-4.687606630E+00
-4.752176974E+00-4.814686907E+00-4.875129044E+00-4.933497824E+00-4.989789199E+00
-5.044000202E+00-5.096128548E+00-5.146172125E+00-5.194128567E+00-5.239994757E+00
-5.283766198E+00-5.325436399E+00-5.364996271E+00-5.402433298E+00-5.437730738E+00
-5.470866674E+00-5.501813030E+00-5.530534442E+00-5.556986884E+00-5.581116490E+00
-5.602857918E+00-5.622132886E+00-5.638848518E+00-5.652895779E+00-5.664147981E+00
-5.672459543E+00-5.677665044E+00-5.679578713E+00-5.677994688E+00-5.672687845E+00
-5.663415427E+00-5.649919718E+00-5.631931297E+00-5.609173110E+00-5.581364963E+00
-5.548228484E+00-5.509491986E+00-5.464895156E+00-5.414193453E+00-5.357162026E+00
-5.293599139E+00-5.223329080E+00-5.146204601E+00-5.062108742E+00-4.970956534E+00
-4.872696047E+00-4.767309318E+00-4.654813030E+00-4.535258727E+00-4.408770674E+00
-4.275674525E+00-4.136456606E+00-3.991690754E+00-3.841951075E+00-3.687676017E+00
-3.528738948E+00-3.362424141E+00-3.183389002E+00-3.000293882E+00-2.816874331E+00
-2.632912490E+00-2.448271538E+00-2.262840269E+00-2.076509860E+00-1.889164015E+00
-1.700674320E+00-1.510897602E+00-1.319674044E+00-1.126825487E+00-9.321537337E-01
-7.354387474E-01-5.364367424E-01-3.348781030E-01-1.304650542E-01 7.713105531E-02
 2.882732327E-01 5.033638419E-01 7.228528113E-01 9.472529846E-01 1.177172450E+00
 1.413392580E+00 1.657097089E+00 1.910720343E+00 2.162780224E+00-1.720605722E+00
-1.774893161E+00-1.829119460E+00-1.883101222E+00-1.936994190E+00-1.991486998E+00
-2.046677188E+00-2.102651823E+00-2.159473395E+00-2.217184534E+00-2.275816108E+00
-2.335392202E+00-2.395932794E+00-2.457455460E+00-2.519976263E+00-2.583510472E+00
-2.648072969E+00-2.713678480E+00-2.780341830E+00-2.848078015E+00-2.916902228E+00
-2.986829680E+00-3.057875524E+00-3.130054525E+00-3.203381467E+00-3.278114107E+00
-3.353627374E+00-3.429448681E+00-3.505441669E+00-3.581774262E+00-3.658654782E+00
-3.736211081E+00-3.814455327E+00-3.893218436E+00-3.972279682E+00-4.051370071E+00
-4.130185226E+00-4.208401085E+00-4.285690851E+00-4.361742126E+00-4.436273999E+00
-4.509053749E+00-4.579912991E+00-4.648763344E+00-4.715581924E+00-4.780358616E+00
-4.843085747E+00-4.903758065E+00-4.962372257E+00-5.018926754E+00-5.073421246E+00
-5.125856332E+00-5.176233060E+00-5.224552573E+00-5.270815471E+00-5.315021464E+00
-5.357168653E+00-5.397252949E+00-5.435267416E+00-5.471201356E+00-5.505039521E+00
-5.536761099E+00-5.566338536E+00-5.593736313E+00-5.618909534E+00-5.641802353E+00
-5.662346234E+00-5.680458223E+00-5.696038954E+00-5.708970846E+00-5.719116437E+00
-5.726317069E+00-5.730391853E+00-5.731137312E+00-5.728327740E+00-5.721716329E+00
-5.711037536E+00-5.696010275E+00-5.676342048E+00-5.651733846E+00-5.621886311E+00
-5.586505008E+00-5.545305963E+00-5.498020764E+00-5.444401113E+00-5.384222641E+00
-5.317288185E+00-5.243430406E+00-5.162513777E+00-5.074436280E+00-4.979130461E+00
-4.876564291E+00-4.766741741E+00-4.649703020E+00-4.525524473E+00-4.394367997E+00
-4.256612745E+00-4.112798854E+00-3.963542306E+00-3.809431313E+00-3.650848983E+00
-3.487273622E+00-3.314470450E+00-3.129836105E+00-2.944550068E+00-2.758727651E+00
-2.572391449E+00-2.385513171E+00-2.198035305E+00-2.009881874E+00-1.820963320E+00
-1.631178915E+00-1.440417864E+00-1.248560025E+00-1.055476631E+00-8.610312961E-01
-6.650815837E-01-4.674814408E-01-2.680848994E-01-6.675171264E-02 1.366440923E-01
 3.422009943E-01 5.499688498E-01 7.599132955E-01 9.718507579E-01 1.185315408E+00
 1.399241874E+00 1.611108296E+00 1.815483088E+00-1.721408576E+00-1.775807933E+00
-1.830234192E+00-1.884665659E+00-1.939218478E+00-1.994365863E+00-2.050254851E+00
-2.106934195E+00-2.164447687E+00-2.222832842E+00-2.282121320E+00-2.342339961E+00
-2.403512152E+00-2.465658743E+00-2.528798918E+00-2.592950754E+00-2.658131654E+00
-2.724358746E+00-2.791649179E+00-2.860020296E+00-2.929489866E+00-3.000076277E+00
-3.071798597E+00-3.144676531E+00-3.218730389E+00-3.294104703E+00-3.370181672E+00
-3.446546450E+00-3.523140227E+00-3.600156213E+00-3.677783452E+00-3.756131657E+00
-3.835154516E+00-3.914664401E+00-3.994423167E+00-4.074146860E+00-4.153519612E+00
-4.232210173E+00-4.309889536E+00-4.386248695E+00-4.461016213E+00-4.533975648E+00
-4.604982098E+00-4.673975300E+00-4.740941689E+00-4.805872526E+00-4.868761960E+00
-4.929606599E+00-4.988405185E+00-5.045158336E+00-5.099868127E+00-5.152537736E+00
-5.203171075E+00-5.251772352E+00-5.298345672E+00-5.342894447E+00-5.385421021E+00
-5.425925957E+00-5.464407413E+00-5.500860390E+00-5.535275975E+00-5.567640216E+00
-5.597933251E+00-5.626127856E+00-5.652188125E+00-5.676067881E+00-5.697708761E+00
-5.717038159E+00-5.733967405E+00-5.748389207E+00-5.760175289E+00-5.769175147E+00
-5.775215106E+00-5.778097149E+00-5.777598478E+00-5.773472014E+00-5.765447698E+00
-5.753235048E+00-5.736526896E+00-5.715005379E+00-5.688350173E+00-5.656243377E+00
-5.618376274E+00-5.574455745E+00-5.524209232E+00-5.467389210E+00-5.403776717E+00
-5.333184318E+00-5.255458198E+00-5.170479748E+00-5.078166674E+00-4.978473827E+00
-4.871393592E+00-4.756956042E+00-4.635229035E+00-4.506317675E+00-4.370438848E+00
-4.228040905E+00-4.079725622E+00-3.926152501E+00-3.767918165E+00-3.605327009E+00
-3.437247621E+00-3.257738497E+00-3.070188044E+00-2.882436844E+00-2.694517315E+00
-2.506406281E+00-2.318059504E+00-2.129423194E+00-1.940438347E+00-1.751042495E+00
-1.561171317E+00-1.370760170E+00-1.179746249E+00-9.880715203E-01-7.956867408E-01
-6.025570430E-01-4.086696576E-01-2.140447385E-01-1.875068214E-02 1.770738158E-01
 3.731873949E-01 5.691976725E-01 7.644882765E-01 9.581110727E-01 1.148644130E+00
 1.334071247E+00 1.511853047E+00-1.722946753E+00-1.777490884E+00-1.832150692E+00
-1.886906684E+00-1.941874583E+00-1.997495062E+00-2.053903222E+00-2.111130165E+00
-2.169205691E+00-2.228158519E+00-2.288015504E+00-2.348801451E+00-2.410539300E+00
-2.473250347E+00-2.536954765E+00-2.601671815E+00-2.667420213E+00-2.734218466E+00
-2.802085157E+00-2.871039313E+00-2.941100758E+00-3.012290671E+00-3.084632149E+00
-3.158150345E+00-3.232871028E+00-3.308823383E+00-3.385411075E+00-3.462280667E+00
-3.539438610E+00-3.617089257E+00-3.695401517E+00-3.774465437E+00-3.854181301E+00
-3.934348537E+00-4.014713749E+00-4.094979945E+00-4.174821702E+00-4.253902480E+00
-4.331892731E+00-4.408488291E+00-4.483428401E+00-4.556513633E+00-4.627623305E+00
-4.696719070E+00-4.763790832E+00-4.828831266E+00-4.891836111E+00-4.952803601E+00
-5.011734320E+00-5.068630804E+00-5.123497201E+00-5.176338976E+00-5.227162561E+00
-5.275974951E+00-5.322783239E+00-5.367594303E+00-5.410414209E+00-5.451247704E+00
-5.490097655E+00-5.526964296E+00-5.561844507E+00-5.594730904E+00-5.625610815E+00
-5.654465077E+00-5.681266619E+00-5.705978818E+00-5.728553581E+00-5.748929675E+00
-5.767028429E+00-5.782752086E+00-5.795982677E+00-5.806579970E+00-5.814379607E+00
-5.819191538E+00-5.820798835E+00-5.818957365E+00-5.813396332E+00-5.803820061E+00
-5.789911482E+00-5.771337232E+00-5.747754275E+00-5.718817041E+00-5.684190729E+00
-5.643556471E+00-5.596616496E+00-5.543099349E+00-5.482764039E+00-5.415402918E+00
-5.340844149E+00-5.258953102E+00-5.169633489E+00-5.072827975E+00-4.968518519E+00
-4.856726533E+00-4.737512687E+00-4.610976772E+00-4.477258635E+00-4.336654843E+00
-4.189697899E+00-4.037058118E+00-3.879437379E+00-3.717426084E+00-3.551152105E+00
-3.378325448E+00-3.192557946E+00-3.002782976E+00-2.813382004E+00-2.624214082E+00
-2.435206854E+00-2.246313913E+00-2.057499875E+00-1.868735614E+00-1.679997696E+00
-1.491269722E+00-1.302544956E+00-1.113830102E+00-9.251504028E-01-7.365563001E-01
-5.481321990E-01-3.600078937E-01-1.723735297E-01 1.450093234E-02 2.002406533E-01
 3.843346212E-01 5.660990646E-01 7.446407100E-01 9.188330854E-01 1.087328947E+00
 1.248631822E+00-1.724942007E+00-1.779653399E+00-1.834548556E+00-1.889564475E+00
-1.944747693E+00-2.000736958E+00-2.057556864E+00-2.115224424E+00-2.173761359E+00
-2.233189974E+00-2.293532512E+00-2.354810696E+00-2.417045589E+00-2.480257556E+00
-2.544466342E+00-2.609691208E+00-2.675951067E+00-2.743264695E+00-2.811650907E+00
-2.881128944E+00-2.951718940E+00-3.023443003E+00-3.096327488E+00-3.170408396E+00
-3.245744440E+00-3.322227922E+00-3.399289678E+00-3.476634145E+00-3.554320814E+00
-3.632556612E+00-3.711492565E+00-3.791194381E+00-3.871522757E+00-3.952264487E+00
-4.033152902E+00-4.113880022E+00-4.194112675E+00-4.273510677E+00-4.351745351E+00
-4.428518386E+00-4.503580437E+00-4.576749301E+00-4.647927956E+00-4.717092587E+00
-4.784234300E+00-4.849347186E+00-4.912428299E+00-4.973477348E+00-5.032496465E+00
-5.089489835E+00-5.144463466E+00-5.197424817E+00-5.248382472E+00-5.297345849E+00
-5.344324734E+00-5.389328969E+00-5.432367953E+00-5.473450173E+00-5.512582702E+00
-5.549770480E+00-5.585015756E+00-5.618317116E+00-5.649668687E+00-5.679058882E+00
-5.706469196E+00-5.731872385E+00-5.755231322E+00-5.776493243E+00-5.795588817E+00
-5.812431136E+00-5.826913240E+00-5.838906057E+00-5.848256042E+00-5.854783122E+00
-5.858278898E+00-5.858505398E+00-5.855194693E+00-5.848049830E+00-5.836747305E+00
-5.820941625E+00-5.800271618E+00-5.774368847E+00-5.742867743E+00-5.705414788E+00
-5.661686306E+00-5.611385963E+00-5.554250325E+00-5.490051751E+00-5.418600653E+00
-5.339747034E+00-5.253381470E+00-5.159435444E+00-5.057881691E+00-4.948734087E+00
-4.832047410E+00-4.707917055E+00-4.576478757E+00-4.437919469E+00-4.292641963E+00
-4.141270107E+00-3.984536183E+00-3.823158251E+00-3.657647790E+00-3.487578735E+00
-3.308407529E+00-3.117811142E+00-2.927458693E+00-2.737518591E+00-2.548042436E+00
-2.359044645E+00-2.170530527E+00-1.982506691E+00-1.794986168E+00-1.607991937E+00
-1.421560496E+00-1.235746092E+00-1.050625807E+00-8.663058120E-01-6.829289755E-01
-5.006840850E-01-3.198168158E-01-1.406424845E-01 3.643981096E-02 2.109327158E-01
 3.822281143E-01 5.496005016E-01 7.122116758E-01 8.691322812E-01 1.019382527E+00
-1.726876837E+00-1.781760346E+00-1.836845904E+00-1.892117643E+00-1.947674826E+00
-2.003978137E+00-2.061137298E+00-2.119168742E+00-2.178089733E+00-2.237918563E+00
-2.298674107E+00-2.360375469E+00-2.423041755E+00-2.486691994E+00-2.551344963E+00
-2.617019322E+00-2.683733459E+00-2.751505608E+00-2.820353713E+00-2.890295330E+00
-2.961347239E+00-3.033524418E+00-3.106837738E+00-3.181288266E+00-3.257297744E+00
-3.334306638E+00-3.411818680E+00-3.489608938E+00-3.567784628E+00-3.646552504E+00
-3.726049736E+00-3.806313199E+00-3.887177199E+00-3.968416089E+00-4.049751651E+00
-4.130866624E+00-4.211421752E+00-4.291074505E+00-4.369498126E+00-4.446400814E+00
-4.521544811E+00-4.594764985E+00-4.665985902E+00-4.735191903E+00-4.802374909E+00
-4.867530134E+00-4.930655795E+00-4.991752880E+00-5.050824819E+00-5.107877271E+00
-5.162917772E+00-5.215955488E+00-5.267000922E+00-5.316065525E+00-5.363161428E+00
-5.408301052E+00-5.451496700E+00-5.492760136E+00-5.532102131E+00-5.569531834E+00
-5.605056296E+00-5.638679568E+00-5.670402018E+00-5.700219266E+00-5.728120714E+00
-5.754089174E+00-5.778094630E+00-5.800092418E+00-5.820023206E+00-5.837810511E+00
-5.853358436E+00-5.866549459E+00-5.877241758E+00-5.885266771E+00-5.890426716E+00
-5.892492573E+00-5.891202577E+00-5.886262137E+00-5.877345271E+00-5.864098209E+00
-5.846145326E+00-5.823097470E+00-5.794562273E+00-5.760156105E+00-5.719515878E+00
-5.672314970E+00-5.618267684E+00-5.557126633E+00-5.488685138E+00-5.412778649E+00
-5.329285478E+00-5.238127128E+00-5.139268158E+00-5.032716125E+00-4.918521002E+00
-4.796774851E+00-4.667611219E+00-4.531204540E+00-4.387818381E+00-4.237980285E+00
-4.082405212E+00-3.921874392E+00-3.757091485E+00-3.588405534E+00-3.414326298E+00
-3.227966281E+00-3.036097337E+00-2.845235986E+00-2.655274162E+00-2.466187565E+00
-2.277984761E+00-2.090690630E+00-1.904342340E+00-1.718989938E+00-1.534698817E+00
-1.351553334E+00-1.169661079E+00-9.891578796E-01-8.102134489E-01-6.330376706E-01
-4.578873484E-01-2.850731098E-01-1.149658263E-01 5.199843164E-02 2.153163300E-01
 3.744198812E-01 5.286855092E-01 6.774507416E-01 8.200383214E-01-1.728950079E+00
-1.783991694E+00-1.839263744E+00-1.894749777E+00-1.950564581E+00-2.007131770E+00
-2.064575388E+00-2.122911247E+00-2.182154190E+00-2.242320066E+00-2.303425561E+00
-2.365487900E+00-2.428524678E+00-2.492553664E+00-2.557592761E+00-2.623659914E+00
-2.690772969E+00-2.758949733E+00-2.828207762E+00-2.898564340E+00-2.970036269E+00
-3.042639513E+00-3.116389188E+00-3.191299787E+00-3.267761102E+00-3.345171471E+00
-3.423055632E+00-3.501234267E+00-3.579842979E+00-3.659081293E+00-3.739073979E+00
-3.819824681E+00-3.901150574E+00-3.982814309E+00-4.064527532E+00-4.145965154E+00
-4.226783153E+00-4.306637661E+00-4.385204479E+00-4.462198627E+00-4.537393780E+00
-4.610641237E+00-4.681883682E+00-4.751109467E+00-4.818311308E+00-4.883485348E+00
-4.946630793E+00-5.007749697E+00-5.066846613E+00-5.123928401E+00-5.179003936E+00
-5.232083837E+00-5.283180174E+00-5.332306165E+00-5.379475953E+00-5.424704111E+00
-5.468005481E+00-5.509394655E+00-5.548885603E+00-5.586491211E+00-5.622222718E+00
-5.656089154E+00-5.688096545E+00-5.718246984E+00-5.746538165E+00-5.772959759E+00
-5.797487662E+00-5.820085755E+00-5.840703599E+00-5.859274536E+00-5.875713345E+00
-5.889913918E+00-5.901746602E+00-5.911055217E+00-5.917654051E+00-5.921325055E+00
-5.921815529E+00-5.918836639E+00-5.912063682E+00-5.901138547E+00-5.885674873E+00
-5.865265954E+00-5.839495646E+00-5.807951020E+00-5.770236221E+00-5.725986242E+00
-5.674881146E+00-5.616655020E+00-5.551085104E+00-5.477993401E+00-5.397247233E+00
-5.308759230E+00-5.212487111E+00-5.108433201E+00-4.996643870E+00-4.877208930E+00
-4.750261019E+00-4.615975015E+00-4.474568136E+00-4.326430192E+00-4.172216695E+00
-4.012722610E+00-3.848749185E+00-3.680916390E+00-3.509065993E+00-3.329297080E+00
-3.137165420E+00-2.945810727E+00-2.755492537E+00-2.566329769E+00-2.378393284E+00
-2.191741080E+00-2.006432739E+00-1.822536732E+00-1.640135197E+00-1.459327813E+00
-1.280235544E+00-1.103004364E+00-9.278090735E-01-7.548570807E-01-5.843919975E-01
-4.166967150E-01-2.520955100E-01-9.095457606E-02 6.631972127E-02 2.192855673E-01
 3.674739532E-01 5.104006101E-01 6.475812562E-01-1.731122691E+00-1.786323204E+00
-1.841768921E+00-1.897432661E+00-1.953348750E+00-2.010132615E+00-2.067815250E+00
-2.126405918E+00-2.185918048E+00-2.246366154E+00-2.307765581E+00-2.370132374E+00
-2.433483081E+00-2.497834638E+00-2.563204291E+00-2.629609401E+00-2.697067563E+00
-2.765596332E+00-2.835213323E+00-2.905936188E+00-2.977782522E+00-3.050769996E+00
-3.124916573E+00-3.200240991E+00-3.277073689E+00-3.354811823E+00-3.433005650E+00
-3.511517146E+00-3.590500631E+00-3.670146040E+00-3.750567601E+00-3.831734370E+00
-3.913452340E+00-3.995473758E+00-4.077501473E+00-4.159203864E+00-4.240233171E+00
-4.320244925E+00-4.398917833E+00-4.475973658E+00-4.551196927E+00-4.624454442E+00
-4.695702854E+00-4.764932282E+00-4.832136235E+00-4.897311612E+00-4.960458491E+00
-5.021579759E+00-5.080680919E+00-5.137769838E+00-5.192856496E+00-5.245952711E+00
-5.297071875E+00-5.346228734E+00-5.393439001E+00-5.438719206E+00-5.482086206E+00
-5.523557074E+00-5.563148531E+00-5.600876623E+00-5.636756365E+00-5.670801033E+00
-5.703021805E+00-5.733426666E+00-5.762020673E+00-5.788797296E+00-5.813739056E+00
-5.836816985E+00-5.857988687E+00-5.877196318E+00-5.894364523E+00-5.909398179E+00
-5.922179336E+00-5.932564042E+00-5.940379646E+00-5.945421099E+00-5.947447291E+00
-5.946178087E+00-5.941293279E+00-5.932433536E+00-5.919204864E+00-5.901186699E+00
-5.877942417E+00-5.849032271E+00-5.814029113E+00-5.772533636E+00-5.724189243E+00
-5.668696576E+00-5.605818923E+00-5.535366447E+00-5.457196977E+00-5.371215740E+00
-5.277374835E+00-5.175672634E+00-5.066152872E+00-4.948904025E+00-4.824058555E+00
-4.691792194E+00-4.552323361E+00-4.405941240E+00-4.253204728E+00-4.094888136E+00
-3.931845085E+00-3.764855914E+00-3.594347250E+00-3.418924033E+00-3.231473702E+00
-3.038749896E+00-2.847701633E+00-2.658260628E+00-2.470435349E+00-2.284265210E+00
-2.099806519E+00-1.917129653E+00-1.736319867E+00-1.557479336E+00-1.380729478E+00
-1.206213269E+00-1.034097430E+00-8.645743560E-01-6.978636078E-01-5.342127809E-01
-3.738974264E-01-2.172197487E-01-6.450574137E-02 8.389949046E-02 2.276383723E-01
 3.663493976E-01 4.996772631E-01-1.733042611E+00-1.788374595E+00-1.843962822E+00
-1.899793358E+00-1.955958854E+00-2.012932266E+00-2.070813691E+00-2.129615009E+00
-2.189349066E+00-2.250029716E+00-2.311671648E+00-2.374290287E+00-2.437901636E+00
-2.502522167E+00-2.568168681E+00-2.634858325E+00-2.702608424E+00-2.771436551E+00
-2.841360457E+00-2.912398046E+00-2.984567513E+00-3.057887402E+00-3.132376684E+00
-3.208055142E+00-3.285197816E+00-3.363207347E+00-3.441659801E+00-3.520453661E+00
-3.599755997E+00-3.679747134E+00-3.760531920E+00-3.842047709E+00-3.924092592E+00
-4.006409996E+00-4.088695291E+00-4.170611452E+00-4.251807809E+00-4.331939837E+00
-4.410689246E+00-4.487784174E+00-4.563019167E+00-4.636274937E+00-4.707518350E+00
-4.776740241E+00-4.843934815E+00-4.909099612E+00-4.972235349E+00-5.033345650E+00
-5.092436792E+00-5.149517456E+00-5.204598513E+00-5.257692792E+00-5.308814785E+00
-5.357980401E+00-5.405206752E+00-5.450511895E+00-5.493914491E+00-5.535433570E+00
-5.575088197E+00-5.612897129E+00-5.648878544E+00-5.683049492E+00-5.715425495E+00
-5.746020291E+00-5.774843316E+00-5.801891781E+00-5.827153904E+00-5.850606782E+00
-5.872214779E+00-5.891927748E+00-5.909679167E+00-5.925383485E+00-5.938933354E+00
-5.950197608E+00-5.959017589E+00-5.965201578E+00-5.968520537E+00-5.968704911E+00
-5.965442087E+00-5.958375779E+00-5.947108540E+00-5.931208047E+00-5.910218646E+00
-5.883677437E+00-5.851128531E+00-5.812140673E+00-5.766323759E+00-5.713342973E+00
-5.652935754E+00-5.584902768E+00-5.509094328E+00-5.425409866E+00-5.333797334E+00
-5.234252238E+00-5.126816645E+00-5.011578508E+00-4.888670619E+00-4.758270026E+00
-4.620597301E+00-4.475916166E+00-4.324667665E+00-4.167576039E+00-4.005508861E+00
-3.839331612E+00-3.669702613E+00-3.496368972E+00-3.314804958E+00-3.121767958E+00
-2.930290317E+00-2.740598572E+00-2.552802513E+00-2.366973044E+00-2.183173680E+00
-2.001473910E+00-1.821955231E+00-1.644714353E+00-1.469865178E+00-1.297540172E+00
-1.127891359E+00-9.610909528E-01-7.973315305E-01-6.368256772E-01-4.798048687E-01
-3.265175122E-01-1.772259537E-01-3.220240025E-02 1.082762775E-01 2.439347540E-01
 3.745062743E-01-1.734899211E+00-1.790344768E+00-1.846059743E+00-1.902028498E+00
-1.958368249E+00-2.015496736E+00-2.073539012E+00-2.132509473E+00-2.192420927E+00
-2.253287134E+00-2.315122682E+00-2.377942843E+00-2.441763504E+00-2.506600983E+00
-2.572471942E+00-2.639393415E+00-2.707382666E+00-2.776457232E+00-2.846634940E+00
-2.917933869E+00-2.990372407E+00-3.063969390E+00-3.138744039E+00-3.214716197E+00
-3.292112847E+00-3.370343665E+00-3.449008861E+00-3.528037514E+00-3.607605066E+00
-3.687883042E+00-3.768967496E+00-3.850769564E+00-3.933081077E+00-4.015638137E+00
-4.098129935E+00-4.180215122E+00-4.261540842E+00-4.341762799E+00-4.420565630E+00
-4.497683230E+00-4.572918979E+00-4.646165738E+00-4.717397293E+00-4.786604883E+00
-4.853783219E+00-4.918930383E+00-4.982047576E+00-5.043139042E+00-5.102211640E+00
-5.159274710E+00-5.214339859E+00-5.267420709E+00-5.318532587E+00-5.367692429E+00
-5.414918450E+00-5.460229929E+00-5.503646962E+00-5.545190223E+00-5.584880698E+00
-5.622739391E+00-5.658787095E+00-5.693044019E+00-5.725529309E+00-5.756261857E+00
-5.785253135E+00-5.812504266E+00-5.838007887E+00-5.861745938E+00-5.883688385E+00
-5.903791416E+00-5.921995776E+00-5.938223878E+00-5.952378740E+00-5.964341619E+00
-5.973965442E+00-5.981070040E+00-5.985440889E+00-5.986823837E+00-5.984917356E+00
-5.979368202E+00-5.969774763E+00-5.955697215E+00-5.936666167E+00-5.912195427E+00
-5.881803781E+00-5.845031294E+00-5.801457403E+00-5.750717334E+00-5.692513860E+00
-5.626635596E+00-5.552927136E+00-5.471283981E+00-5.381651194E+00-5.284022519E+00
-5.178439247E+00-5.064989196E+00-4.943805855E+00-4.815067513E+00-4.678996659E+00
-4.535859283E+00-4.386010666E+00-4.230103410E+00-4.068995460E+00-3.903603684E+00
-3.734734057E+00-3.562725910E+00-3.385399139E+00-3.195268966E+00-3.002618173E+00
-2.812348872E+00-2.624393979E+00-2.438743961E+00-2.255422439E+00-2.074476479E+00
-1.895972696E+00-1.719995601E+00-1.546646925E+00-1.376045316E+00-1.208326056E+00
-1.043640665E+00-8.821562148E-01-7.240542671E-01-5.695293282E-01-4.187866990E-01
-2.720397046E-01-1.295062586E-01 8.595215612E-03 1.420504117E-01 2.706541852E-01
-1.736743168E+00-1.792302563E+00-1.848126847E+00-1.904199910E+00-1.960562577E+00
-2.017804479E+00-2.075970090E+00-2.135068789E+00-2.195113752E+00-2.256119203E+00
-2.318100158E+00-2.381072293E+00-2.445051673E+00-2.510054788E+00-2.576098378E+00
-2.643199438E+00-2.711375253E+00-2.780643338E+00-2.851021464E+00-2.922527690E+00
-2.995180462E+00-3.068998519E+00-3.144001063E+00-3.220207723E+00-3.297805218E+00
-3.376210605E+00-3.455045273E+00-3.534262699E+00-3.614043419E+00-3.694551538E+00
-3.775874815E+00-3.857904352E+00-3.940426630E+00-4.023171881E+00-4.105824393E+00
-4.188039408E+00-4.269462458E+00-4.349749678E+00-4.428588318E+00-4.505717254E+00
-4.580947363E+00-4.654181489E+00-4.725397988E+00-4.794588332E+00-4.861747601E+00
-4.926874284E+00-4.989970007E+00-5.051039421E+00-5.110089891E+00-5.167131258E+00
-5.222175693E+00-5.275237398E+00-5.326332457E+00-5.375478502E+00-5.422694641E+00
-5.468001121E+00-5.511419181E+00-5.552970793E+00-5.592678455E+00-5.630564974E+00
-5.666653235E+00-5.700966062E+00-5.733525567E+00-5.764354381E+00-5.793465235E+00
-5.820862605E+00-5.846542325E+00-5.870490192E+00-5.892680299E+00-5.913073871E+00
-5.931616925E+00-5.948238538E+00-5.962850760E+00-5.975342926E+00-5.985574901E+00
-5.993379983E+00-5.998563394E+00-6.000891405E+00-6.000078029E+00-5.995775970E+00
-5.987576891E+00-5.975024327E+00-5.957634680E+00-5.934909260E+00-5.906343233E+00
-5.871452559E+00-5.829790245E+00-5.780964814E+00-5.724654740E+00-5.660621531E+00
-5.588707900E+00-5.508807023E+00-5.420862433E+00-5.324867039E+00-5.220861844E+00
-5.108934934E+00-4.989220498E+00-4.861897891E+00-4.727190976E+00-4.585367527E+00
-4.436746491E+00-4.281895931E+00-4.121644529E+00-3.956926574E+00-3.788621810E+00
-3.617289423E+00-3.441928969E+00-3.255642973E+00-3.062556233E+00-2.872019178E+00
-2.684009952E+00-2.498525647E+00-2.315584963E+00-2.135226945E+00-1.957509376E+00
-1.782507180E+00-1.610311319E+00-1.441027792E+00-1.274776763E+00-1.111691607E+00
-9.519178021E-01-7.956115361E-01-6.429380249E-01-4.940694173E-01-3.491823167E-01
-2.084548961E-01-7.206365096E-02 5.982016692E-02 1.870343010E-01-1.738307628E+00
-1.793947744E+00-1.849855016E+00-1.906016310E+00-1.962516842E+00-2.019845863E+00
-2.078096404E+00-2.137280925E+00-2.197413880E+00-2.258510848E+00-2.320588011E+00
-2.383661877E+00-2.447749168E+00-2.512866646E+00-2.579031247E+00-2.646260022E+00
-2.714570159E+00-2.783979078E+00-2.854504451E+00-2.926164202E+00-2.998976584E+00
-3.072960180E+00-3.148133960E+00-3.224517320E+00-3.302264717E+00-3.380800357E+00
-3.459762760E+00-3.539123790E+00-3.619066890E+00-3.699750295E+00-3.781254419E+00
-3.863455909E+00-3.946136905E+00-4.029023067E+00-4.111794943E+00-4.194105196E+00
-4.275598295E+00-4.355930799E+00-4.434792130E+00-4.511925212E+00-4.587146912E+00
-4.660367784E+00-4.731569033E+00-4.800742364E+00-4.867883089E+00-4.932989968E+00
-4.996064977E+00-5.057113057E+00-5.116141902E+00-5.173161780E+00-5.228185248E+00
-5.281226995E+00-5.332303549E+00-5.381433182E+00-5.428635621E+00-5.473931851E+00
-5.517343961E+00-5.558894915E+00-5.598608332E+00-5.636508396E+00-5.672619637E+00
-5.706966801E+00-5.739574458E+00-5.770467469E+00-5.799659726E+00-5.827158032E+00
-5.852960623E+00-5.877055892E+00-5.899421013E+00-5.920020545E+00-5.938804166E+00
-5.955706090E+00-5.970644003E+00-5.983510284E+00-5.994171502E+00-6.002476476E+00
-6.008250851E+00-6.011281536E+00-6.011299383E+00-6.007966123E+00-6.000870846E+00
-5.989540941E+00-5.973468224E+00-5.952138657E+00-5.925036866E+00-5.891657727E+00
-5.851534347E+00-5.804253702E+00-5.749473650E+00-5.686932889E+00-5.616467662E+00
-5.537970215E+00-5.451383654E+00-5.356700772E+00-5.253962746E+00-5.143258012E+00
-5.024721262E+00-4.898532432E+00-4.764915812E+00-4.624139311E+00-4.476513661E+00
-4.322531488E+00-4.162984174E+00-3.998806378E+00-3.830918203E+00-3.660002231E+00
-3.485695798E+00-3.302859325E+00-3.109500529E+00-2.918849110E+00-2.730870480E+00
-2.545559718E+00-2.362935056E+00-2.183034010E+00-2.005911125E+00-1.831636201E+00
-1.660293024E+00-1.491978320E+00-1.326800672E+00-1.164879437E+00-1.006343495E+00
-8.513298192E-01-6.999818068E-01-5.524473439E-01-4.088766096E-01-2.694196197E-01
-1.342235713E-01-3.429995563E-03 1.228281652E-01-1.739750460E+00-1.795449552E+00
-1.851419782E+00-1.907645647E+00-1.964243831E+00-2.021626120E+00-2.079919563E+00
-2.139142527E+00-2.199313016E+00-2.260449689E+00-2.322570896E+00-2.385694522E+00
-2.449837949E+00-2.515018306E+00-2.581252529E+00-2.648557534E+00-2.716950353E+00
-2.786448136E+00-2.857068302E+00-2.928828504E+00-3.001746724E+00-3.075841254E+00
-3.151130793E+00-3.227634370E+00-3.305482818E+00-3.384106275E+00-3.463155720E+00
-3.542615884E+00-3.622671662E+00-3.703476949E+00-3.785106483E+00-3.867427122E+00
-3.950217813E+00-4.033200938E+00-4.116054372E+00-4.198429055E+00-4.279968639E+00
-4.360330131E+00-4.439204562E+00-4.516337819E+00-4.591551089E+00-4.664760432E+00
-4.735948736E+00-4.805107806E+00-4.872233165E+00-4.937323729E+00-5.000381666E+00
-5.061412172E+00-5.120423170E+00-5.177425163E+00-5.232431017E+00-5.285455731E+00
-5.336516183E+00-5.385631031E+00-5.432820448E+00-5.478105943E+00-5.521510167E+00
-5.563056781E+00-5.602770237E+00-5.640675648E+00-5.676798652E+00-5.711165406E+00
-5.743802303E+00-5.774735308E+00-5.803979302E+00-5.831542599E+00-5.857424985E+00
-5.881616559E+00-5.904096412E+00-5.924831197E+00-5.943772781E+00-5.960858788E+00
-5.976009307E+00-5.989117415E+00-6.000057005E+00-6.008690674E+00-6.014860905E+00
-6.018371601E+00-6.018968263E+00-6.016321866E+00-6.010022408E+00-5.999587070E+00
-5.984486253E+00-5.964182727E+00-5.938154256E+00-5.905883839E+00-5.866889838E+00
-5.820743745E+00-5.767087994E+00-5.705647972E+00-5.636247870E+00-5.558780318E+00
-5.473188872E+00-5.379466574E+00-5.277655009E+00-5.167843020E+00-5.050165608E+00
-4.924802981E+00-4.791979488E+00-4.651962688E+00-4.505062383E+00-4.351720122E+00
-4.192691787E+00-4.028905157E+00-3.861301401E+00-3.690632448E+00-3.516880842E+00
-3.336164036E+00-3.142887729E+00-2.952323158E+00-2.764469976E+00-2.579344925E+00
-2.396979374E+00-2.217418262E+00-2.040719059E+00-1.866951245E+00-1.696195527E+00
-1.528543227E+00-1.364095424E+00-1.202961981E+00-1.045260396E+00-8.911144573E-01
-7.406526691E-01-5.940065077E-01-4.513084471E-01-3.126898295E-01-1.782785863E-01
-4.819686931E-02 7.744136332E-02-1.741196878E+00-1.796945133E+00-1.852958629E+00
-1.909225242E+00-1.965784994E+00-2.023176662E+00-2.081458245E+00-2.140657686E+00
-2.200803895E+00-2.261921074E+00-2.324030035E+00-2.387149456E+00-2.451296758E+00
-2.516488742E+00-2.582741935E+00-2.650072770E+00-2.718497755E+00-2.788033594E+00
-2.858697262E+00-2.930506024E+00-3.003477453E+00-3.077629534E+00-3.152980595E+00
-3.229549337E+00-3.307451770E+00-3.386122082E+00-3.465218826E+00-3.544734234E+00
-3.624853860E+00-3.705728886E+00-3.787430367E+00-3.869819466E+00-3.952673132E+00
-4.035711773E+00-4.118611635E+00-4.201022591E+00-4.282587909E+00-4.362964786E+00
-4.441845262E+00-4.518977008E+00-4.594183884E+00-4.667385127E+00-4.738564537E+00
-4.807713976E+00-4.874829046E+00-4.939908778E+00-5.002955457E+00-5.063974375E+00
-5.122973611E+00-5.179963823E+00-5.234958012E+00-5.287971372E+00-5.339020972E+00
-5.388125725E+00-5.435306035E+00-5.480583701E+00-5.523981783E+00-5.565524269E+00
-5.605236136E+00-5.643143039E+00-5.679271294E+00-5.713647853E+00-5.746300213E+00
-5.777254862E+00-5.806527322E+00-5.834126738E+00-5.860053711E+00-5.884299347E+00
-5.906843707E+00-5.927654527E+00-5.946684839E+00-5.963874029E+00-5.979142749E+00
-5.992384579E+00-6.003478837E+00-6.012297326E+00-6.018693417E+00-6.022482060E+00
-6.023418500E+00-6.021180515E+00-6.015359964E+00-6.005468891E+00-5.990964775E+00
-5.971292537E+00-5.945920545E+00-5.914328271E+00-5.876024756E+00-5.830572617E+00
-5.777605124E+00-5.716839563E+00-5.648090455E+00-5.571251596E+00-5.486266887E+00
-5.393129722E+00-5.291881954E+00-5.182612700E+00-5.065457174E+00-4.940595640E+00
-4.808252352E+00-4.668694558E+00-4.522231576E+00-4.369277730E+00-4.210563305E+00
-4.047008116E+00-3.879561005E+00-3.709005099E+00-3.535476775E+00-3.355742024E+00
-3.162703571E+00-2.972305974E+00-2.784597423E+00-2.599624424E+00-2.417436465E+00
-2.238089063E+00-2.061645251E+00-1.888176665E+00-1.717763621E+00-1.550495115E+00
-1.386468315E+00-1.225787810E+00-1.068564603E+00-9.149148913E-01-7.649586165E-01
-6.188178367E-01-4.766149110E-01-3.384705689E-01-2.045018541E-01-7.482001127E-02
 5.047163504E-02-1.742613778E+00-1.798424264E+00-1.854463237E+00-1.910707447E+00
-1.967314821E+00-2.024596484E+00-2.082742060E+00-2.141820257E+00-2.201864310E+00
-2.262896714E+00-2.324935684E+00-2.387997653E+00-2.452098217E+00-2.517252687E+00
-2.583476329E+00-2.650784590E+00-2.719193143E+00-2.788717996E+00-2.859375521E+00
-2.931182442E+00-3.004155906E+00-3.078313470E+00-3.153673135E+00-3.230253251E+00
-3.308164210E+00-3.386841633E+00-3.465946691E+00-3.545474151E+00-3.625609589E+00
-3.706503139E+00-3.788224443E+00-3.870632745E+00-3.953504219E+00-4.036558536E+00
-4.119471399E+00-4.201892296E+00-4.283464280E+00-4.363844626E+00-4.442725683E+00
-4.519855723E+00-4.595059421E+00-4.668257099E+00-4.739432789E+00-4.808578372E+00
-4.875689470E+00-4.940765093E+00-5.003807607E+00-5.064822281E+00-5.123817273E+00
-5.180803261E+00-5.235793304E+00-5.288802633E+00-5.339848396E+00-5.388949564E+00
-5.436126638E+00-5.481401514E+00-5.524797348E+00-5.566338284E+00-5.606049415E+00
-5.643956609E+00-5.680086394E+00-5.714465976E+00-5.747123239E+00-5.778084806E+00
-5.807366430E+00-5.834977473E+00-5.860918882E+00-5.885181957E+00-5.907747186E+00
-5.928582538E+00-5.947641451E+00-5.964863815E+00-5.980170320E+00-5.993454779E+00
-6.004598489E+00-6.013476465E+00-6.019945802E+00-6.023825246E+00-6.024873453E+00
-6.022770682E+00-6.017109625E+00-6.007400853E+00-5.993097600E+00-5.973638414E+00
-5.948487167E+00-5.917122768E+00-5.879051081E+00-5.833831914E+00-5.781095474E+00
-5.720556238E+00-5.652025163E+00-5.575396565E+00-5.490614483E+00-5.397672446E+00
-5.296612385E+00-5.187523493E+00-5.070541044E+00-4.945845301E+00-4.813660460E+00
-4.674253594E+00-4.527933733E+00-4.375106943E+00-4.216494151E+00-4.053011762E+00
-3.885610032E+00-3.715080440E+00-3.541600869E+00-3.362131546E+00-3.169203020E+00
-2.978879502E+00-2.791228947E+00-2.606310513E+00-2.424181617E+00-2.244902519E+00
-2.068538987E+00-1.895163838E+00-1.724857641E+00-1.557708861E+00-1.393813535E+00
-1.233274638E+00-1.076201142E+00-9.227068457E-01-7.729089675E-01-6.269265708E-01
-4.848788019E-01-3.468830245E-01-2.130528352E-01-8.349602829E-02 4.168742699E-02
-1.744830437E+00-1.801021862E+00-1.857098415E+00-1.913032897E+00-1.969012047E+00
-2.025836352E+00-2.083688673E+00-2.142552947E+00-2.202428185E+00-2.263320958E+00
-2.325240913E+00-2.388199272E+00-2.452208202E+00-2.517280590E+00-2.583430018E+00
-2.650670536E+00-2.719016811E+00-2.788483997E+00-2.859087731E+00-2.930844194E+00
-3.003770029E+00-3.077882425E+00-3.153198995E+00-3.229737838E+00-3.307613008E+00
-3.386258807E+00-3.465334024E+00-3.544830965E+00-3.624934799E+00-3.705796299E+00
-3.787486096E+00-3.869865060E+00-3.952709891E+00-4.035740839E+00-4.118634015E+00
-4.201039217E+00-4.282599535E+00-4.362972130E+00-4.441848963E+00-4.518977628E+00
-4.594181888E+00-4.667380961E+00-4.738558549E+00-4.807706497E+00-4.874820327E+00
-4.939899070E+00-5.002944936E+00-5.063963214E+00-5.122961985E+00-5.179951828E+00
-5.234945766E+00-5.287958970E+00-5.339008512E+00-5.388113246E+00-5.435293614E+00
-5.480571397E+00-5.523969633E+00-5.565512332E+00-5.605224432E+00-5.643131607E+00
-5.679260152E+00-5.713637002E+00-5.746289691E+00-5.777244670E+00-5.806517478E+00
-5.834117224E+00-5.860044545E+00-5.884290511E+00-5.906835200E+00-5.927646350E+00
-5.946676952E+00-5.963866414E+00-5.979135385E+00-5.992377448E+00-6.003471862E+00
-6.012290466E+00-6.018686558E+00-6.022475084E+00-6.023411253E+00-6.021172842E+00
-6.015351671E+00-6.005459784E+00-5.990954680E+00-5.971281221E+00-5.945907795E+00
-5.914313855E+00-5.876008401E+00-5.830554035E+00-5.777583983E+00-5.716815535E+00
-5.648063153E+00-5.571220631E+00-5.486231795E+00-5.393089999E+00-5.291837096E+00
-5.182562107E+00-5.065400263E+00-4.940531773E+00-4.808180830E+00-4.668614704E+00
-4.522142655E+00-4.369179158E+00-4.210454638E+00-4.046888985E+00-3.879431023E+00
-3.708863801E+00-3.535322707E+00-3.355568695E+00-3.162514915E+00-2.972101971E+00
-2.784377666E+00-2.599388216E+00-2.417183031E+00-2.237817570E+00-2.061354981E+00
-1.887866913E+00-1.717433851E+00-1.550144919E+00-1.386097450E+00-1.225396211E+00
-1.068152412E+00-9.144824667E-01-7.645065473E-01-6.183469445E-01-4.761262713E-01
-3.379655051E-01-2.039819358E-01-7.428705132E-02 5.101559521E-02-1.746060138E+00
-1.802388523E+00-1.858457060E+00-1.914234779E+00-1.969905334E+00-2.026452700E+00
-2.084057129E+00-2.142705755E+00-2.202392803E+00-2.263118718E+00-2.324888152E+00
-2.387708584E+00-2.451589489E+00-2.516541680E+00-2.582577132E+00-2.649708692E+00
-2.717950021E+00-2.787315438E+00-2.857819961E+00-2.929479189E+00-3.002309340E+00
-3.076327194E+00-3.151550076E+00-3.227995889E+00-3.305791709E+00-3.384367867E+00
-3.463375767E+00-3.542800257E+00-3.622825575E+00-3.703604742E+00-3.785211798E+00
-3.867512866E+00-3.950286563E+00-4.033254904E+00-4.116095510E+00-4.198459089E+00
-4.279989121E+00-4.360342417E+00-4.439209871E+00-4.516337218E+00-4.591545528E+00
-4.664750724E+00-4.735935579E+00-4.805091801E+00-4.872214815E+00-4.937303480E+00
-5.000359906E+00-5.061389229E+00-5.120399316E+00-5.177400651E+00-5.232406060E+00
-5.285430483E+00-5.336490818E+00-5.385605686E+00-5.432795239E+00-5.478080947E+00
-5.521485520E+00-5.563032540E+00-5.602746461E+00-5.640652415E+00-5.676776000E+00
-5.711143374E+00-5.743780911E+00-5.774714574E+00-5.803959266E+00-5.831523242E+00
-5.857406306E+00-5.881598577E+00-5.904079089E+00-5.924814513E+00-5.943756698E+00
-5.960843247E+00-5.975994270E+00-5.989102824E+00-6.000042763E+00-6.008676645E+00
-6.014846896E+00-6.018357398E+00-6.018953575E+00-6.016306383E+00-6.010005783E+00
-5.999568933E+00-5.984466237E+00-5.964160424E+00-5.938129240E+00-5.905855646E+00
-5.866857924E+00-5.820707529E+00-5.767046857E+00-5.705601215E+00-5.636194776E+00
-5.558720075E+00-5.473120567E+00-5.379389240E+00-5.277567560E+00-5.167744332E+00
-5.050054461E+00-4.924678076E+00-4.791839449E+00-4.651806159E+00-4.504887873E+00
-4.351526447E+00-4.192477979E+00-4.028670383E+00-3.861044770E+00-3.690352623E+00
-3.516573869E+00-3.335814259E+00-3.142510068E+00-2.951916451E+00-2.764032576E+00
-2.578874970E+00-2.396474987E+00-2.216877600E+00-2.040140515E+00-1.866333328E+00
-1.695537060E+00-1.527843320E+00-1.363353521E+00-1.202177901E+00-1.044434373E+00
-8.902471588E-01-7.397452385E-01-5.930605766E-01-4.503261547E-01-3.116738325E-01
-1.772320515E-01-4.712346558E-02 7.853748930E-02-1.746549080E+00-1.802894624E+00
-1.858934632E+00-1.914593107E+00-1.969933877E+00-2.026296191E+00-2.083711887E+00
-2.142172011E+00-2.201676080E+00-2.262226226E+00-2.323827059E+00-2.386485246E+00
-2.450209235E+00-2.515008869E+00-2.580895194E+00-2.647880244E+00-2.715976961E+00
-2.785199064E+00-2.855561010E+00-2.927077971E+00-2.999765738E+00-3.073640822E+00
-3.148720313E+00-3.225021940E+00-3.302695026E+00-3.381163892E+00-3.460067621E+00
-3.539378309E+00-3.619278430E+00-3.699924980E+00-3.781397423E+00-3.863571377E+00
-3.946228482E+00-4.029093891E+00-4.111847784E+00-4.194142516E+00-4.275622264E+00
-4.355943355E+00-4.434794998E+00-4.511919903E+00-4.587134743E+00-4.660349899E+00
-4.731546419E+00-4.800715837E+00-4.867853384E+00-4.932957686E+00-4.996030641E+00
-5.057077113E+00-5.116104736E+00-5.173123743E+00-5.228146630E+00-5.281188028E+00
-5.332264465E+00-5.381394176E+00-5.428596847E+00-5.473893464E+00-5.517306079E+00
-5.558857633E+00-5.598571787E+00-5.636472664E+00-5.672584778E+00-5.706932872E+00
-5.739541498E+00-5.770435516E+00-5.799628800E+00-5.827128133E+00-5.852931751E+00
-5.877028066E+00-5.899394176E+00-5.919994696E+00-5.938779228E+00-5.955682004E+00
-5.970620692E+00-5.983487632E+00-5.994149392E+00-6.002454735E+00-6.008229207E+00
-6.011259660E+00-6.011276925E+00-6.007942619E+00-6.000845830E+00-5.989513929E+00
-5.973438693E+00-5.952106046E+00-5.925000534E+00-5.891617016E+00-5.851488443E+00
-5.804201791E+00-5.749414782E+00-5.686866076E+00-5.616391820E+00-5.537884102E+00
-5.451285935E+00-5.356589974E+00-5.253837260E+00-5.143116133E+00-5.024561149E+00
-4.898352147E+00-4.764713301E+00-4.623912443E+00-4.476260246E+00-4.322249744E+00
-4.162672590E+00-3.998463557E+00-3.830542480E+00-3.659590990E+00-3.485241016E+00
-3.302332944E+00-3.108937370E+00-2.918244969E+00-2.730221423E+00-2.544862082E+00
-2.362185451E+00-2.182229373E+00-2.005048706E+00-1.830713591E+00-1.659308262E+00
-1.490929895E+00-1.325687593E+00-1.163701288E+00-1.005100487E+00-8.500228471E-01
-6.986124944E-01-5.510180825E-01-4.073905866E-01-2.678808385E-01-1.326368474E-01
-1.800942307E-03 1.244931681E-01-1.745907650E+00-1.802194108E+00-1.858144512E+00
-1.913721166E+00-1.969163654E+00-2.025385522E+00-2.082634090E+00-2.140918018E+00
-2.200241337E+00-2.260608949E+00-2.322026959E+00-2.384502768E+00-2.448044922E+00
-2.512663206E+00-2.578368335E+00-2.645172014E+00-2.713086799E+00-2.782126021E+00
-2.852303748E+00-2.923634804E+00-2.996134671E+00-3.069819588E+00-3.144706489E+00
-3.220813027E+00-3.298319682E+00-3.376643510E+00-3.455406541E+00-3.534562502E+00
-3.614290768E+00-3.694753990E+00-3.776038707E+00-3.858034799E+00-3.940528108E+00
-4.023248246E+00-4.105879056E+00-4.188075372E+00-4.269482397E+00-4.349755975E+00
-4.428583067E+00-4.505702334E+00-4.580924343E+00-4.654151765E+00-4.725362702E+00
-4.794548493E+00-4.861704080E+00-4.926827779E+00-4.989921157E+00-5.050988750E+00
-5.110037863E+00-5.167078262E+00-5.222122076E+00-5.275183471E+00-5.326278453E+00
-5.375424673E+00-5.422641179E+00-5.467948202E+00-5.511366979E+00-5.552919424E+00
-5.592628055E+00-5.630515660E+00-5.666605082E+00-5.700919150E+00-5.733479953E+00
-5.764310104E+00-5.793422334E+00-5.820821080E+00-5.846502215E+00-5.870451457E+00
-5.892642940E+00-5.913037830E+00-5.931582162E+00-5.948204958E+00-5.962818264E+00
-5.975311341E+00-5.985544111E+00-5.993349755E+00-5.998533417E+00-6.000861312E+00
-6.000047394E+00-5.995744269E+00-5.987543601E+00-5.974988847E+00-5.957596410E+00
-5.934867482E+00-5.906297135E+00-5.871401268E+00-5.829732792E+00-5.780900094E+00
-5.724581572E+00-5.660538635E+00-5.588613805E+00-5.508700119E+00-5.420740938E+00
-5.324728977E+00-5.220705102E+00-5.108757226E+00-4.989019363E+00-4.861670732E+00
-4.726935023E+00-4.585079911E+00-4.436424346E+00-4.281536891E+00-4.121246541E+00
-3.956487585E+00-3.788139319E+00-3.616759341E+00-3.441337520E+00-3.254954716E+00
-3.061821664E+00-2.871230721E+00-2.683161309E+00-2.497611336E+00-2.314600061E+00
-2.134167015E+00-1.956370425E+00-1.781285733E+00-1.609004446E+00-1.439633178E+00
-1.273292792E+00-1.110117438E+00-9.502534530E-01-7.938579707E-01-6.410972197E-01
-4.921444338E-01-3.471773442E-01-2.063752944E-01-6.991594729E-02 6.202828083E-02
 1.892940165E-01-1.744910732E+00-1.801124198E+00-1.856976178E+00-1.912430707E+00
-1.967699554E+00-2.023763712E+00-2.080843911E+00-2.138948543E+00-2.198084194E+00
-2.258257802E+00-2.319476963E+00-2.381750029E+00-2.445086203E+00-2.509495524E+00
-2.574988822E+00-2.641577783E+00-2.709274788E+00-2.778092955E+00-2.848046101E+00
-2.919148739E+00-2.991416080E+00-3.064864091E+00-3.139509495E+00-3.215369885E+00
-3.292665542E+00-3.370805830E+00-3.449391579E+00-3.528352083E+00-3.607861542E+00
-3.688089874E+00-3.769131756E+00-3.850897027E+00-3.933176703E+00-4.015706267E+00
-4.098174386E+00-4.180239266E+00-4.261547662E+00-4.341754951E+00-4.420545439E+00
-4.497652770E+00-4.572879992E+00-4.646119737E+00-4.717345517E+00-4.786548399E+00
-4.853722937E+00-4.918867059E+00-4.981981888E+00-5.043071552E+00-5.102142832E+00
-5.159204991E+00-5.214269617E+00-5.267350253E+00-5.318462190E+00-5.367622342E+00
-5.414848886E+00-5.460161082E+00-5.503579026E+00-5.545123352E+00-5.584815028E+00
-5.622675059E+00-5.658724197E+00-5.692982671E+00-5.725469570E+00-5.756203803E+00
-5.785196767E+00-5.812449661E+00-5.837955045E+00-5.861694879E+00-5.883639070E+00
-5.903743826E+00-5.921949852E+00-5.938179524E+00-5.952335839E+00-5.964300017E+00
-5.973924944E+00-5.981030414E+00-5.985401824E+00-5.986784947E+00-5.984878195E+00
-5.979328285E+00-5.969733509E+00-5.955653985E+00-5.936620263E+00-5.912146035E+00
-5.881749990E+00-5.844972078E+00-5.801391618E+00-5.750643701E+00-5.692430965E+00
-5.626541830E+00-5.552820756E+00-5.471162970E+00-5.381513345E+00-5.283865409E+00
-5.178260241E+00-5.064785426E+00-4.943574220E+00-4.814804778E+00-4.678699316E+00
-4.535523709E+00-4.385633431E+00-4.229681570E+00-4.068526300E+00-3.903084376E+00
-3.734161074E+00-3.562092626E+00-3.384681448E+00-3.194453614E+00-3.001738120E+00
-2.811397221E+00-2.623363967E+00-2.437629116E+00-2.254216598E+00-2.073173888E+00
-1.894568050E+00-1.718484144E+00-1.545024539E+00-1.374308620E+00-1.206472530E+00
-1.041668756E+00-8.800654771E-01-7.218454799E-01-5.672046093E-01-4.163496100E-01
-2.694953456E-01-1.268613191E-01 1.133242035E-02 1.448699476E-01 2.735445448E-01
-1.743564455E+00-1.799650263E+00-1.855421422E+00-1.910693688E+00-1.965584343E+00
-2.021471336E+00-2.078370630E+00-2.136283136E+00-2.195216722E+00-2.255179604E+00
-2.316180482E+00-2.378228520E+00-2.441333564E+00-2.505506037E+00-2.570757102E+00
-2.637098500E+00-2.704542633E+00-2.773102502E+00-2.842791731E+00-2.913624465E+00
-2.985615565E+00-3.058780534E+00-3.133135668E+00-3.208698367E+00-3.285736985E+00
-3.363653622E+00-3.442024673E+00-3.520748756E+00-3.599991779E+00-3.679932282E+00
-3.760673780E+00-3.842152269E+00-3.924164985E+00-4.006454738E+00-4.088716335E+00
-4.170612304E+00-4.251791552E+00-4.331909221E+00-4.410646655E+00-4.487731740E+00
-4.562958652E+00-4.636207834E+00-4.707445860E+00-4.776663430E+00-4.843854536E+00
-4.909016620E+00-4.972150264E+00-5.033259015E+00-5.092349052E+00-5.149429019E+00
-5.204509747E+00-5.257603986E+00-5.308726192E+00-5.357892293E+00-5.405119361E+00
-5.450425395E+00-5.493829077E+00-5.535349415E+00-5.575005456E+00-5.612815978E+00
-5.648799078E+00-5.682971828E+00-5.715349749E+00-5.745946541E+00-5.774771601E+00
-5.801822179E+00-5.827086453E+00-5.850541481E+00-5.872151648E+00-5.891866788E+00
-5.909620299E+00-5.925326671E+00-5.938878497E+00-5.950144554E+00-5.958966143E+00
-5.965151507E+00-5.968471571E+00-5.968656700E+00-5.965394206E+00-5.958327743E+00
-5.947059826E+00-5.931157996E+00-5.910166541E+00-5.883622444E+00-5.851069664E+00
-5.812076825E+00-5.766253672E+00-5.713265232E+00-5.652848711E+00-5.584804642E+00
-5.508982987E+00-5.425282984E+00-5.333652316E+00-5.234086195E+00-5.126626458E+00
-5.011360728E+00-4.888421583E+00-4.757985783E+00-4.620273644E+00-4.475548736E+00
-4.324252471E+00-4.167109514E+00-4.004987441E+00-3.838751421E+00-3.669058381E+00
-3.495647792E+00-3.313963756E+00-3.120848783E+00-2.929287994E+00-2.739506223E+00
-2.551612562E+00-2.365677777E+00-2.181765522E+00-1.999945575E+00-1.820299796E+00
-1.642925475E+00-1.467937189E+00-1.295468234E+00-1.125671626E+00-9.587207402E-01
-7.948095075E-01-6.341520396E-01-4.769815230E-01-3.235482392E-01-1.741165578E-01
-2.896082010E-02 1.116398977E-01 2.474080465E-01 3.780746912E-01-1.741167333E+00
-1.797130224E+00-1.852709056E+00-1.907865380E+00-1.962832786E+00-2.018544415E+00
-2.075244822E+00-2.132946757E+00-2.191658940E+00-2.251390342E+00-2.312150322E+00
-2.373948725E+00-2.436795878E+00-2.500702691E+00-2.565680576E+00-2.631741547E+00
-2.698898065E+00-2.767163111E+00-2.836550057E+00-2.907072736E+00-2.978745296E+00
-3.051582345E+00-3.125599114E+00-3.200811958E+00-3.277545116E+00-3.355194929E+00
-3.433311673E+00-3.511757248E+00-3.590684830E+00-3.670282669E+00-3.750663673E+00
-3.831795640E+00-3.913483790E+00-3.995479745E+00-4.077485797E+00-4.159169877E+00
-4.240183856E+00-4.320182918E+00-4.398845420E+00-4.475892817E+00-4.551109362E+00
-4.624361451E+00-4.695605542E+00-4.764831521E+00-4.832032781E+00-4.897206084E+00
-4.960351413E+00-5.021471596E+00-5.080572039E+00-5.137660590E+00-5.192747170E+00
-5.245843579E+00-5.296963170E+00-5.346120667E+00-5.393331787E+00-5.438613019E+00
-5.481981279E+00-5.523453542E+00-5.563046569E+00-5.600776424E+00-5.636658046E+00
-5.670704767E+00-5.702927709E+00-5.733334857E+00-5.761931228E+00-5.788710292E+00
-5.813654572E+00-5.836735078E+00-5.857909395E+00-5.877119662E+00-5.894290522E+00
-5.909326793E+00-5.922110489E+00-5.932497675E+00-5.940315604E+00-5.945359208E+00
-5.947387338E+00-5.946119781E+00-5.941236271E+00-5.932377439E+00-5.919149193E+00
-5.901130893E+00-5.877885777E+00-5.848973985E+00-5.813968210E+00-5.772468994E+00
-5.724119563E+00-5.668620307E+00-5.605734322E+00-5.535271460E+00-5.457089260E+00
-5.371092637E+00-5.277233420E+00-5.175509575E+00-5.065964584E+00-4.948686555E+00
-4.823807621E+00-4.691503164E+00-4.551991313E+00-4.405561235E+00-4.252772191E+00
-4.094398727E+00-3.931294270E+00-3.764238461E+00-3.593655563E+00-3.418135731E+00
-3.230550167E+00-3.037743582E+00-2.846599828E+00-2.657052482E+00-2.469110746E+00
-2.282814325E+00-2.098219743E+00-1.915397666E+00-1.734433727E+00-1.555430620E+00
-1.378510451E+00-1.203817076E+00-1.031518304E+00-8.618078630E-01-6.949068969E-01
-5.310648523E-01-3.705594021E-01-2.136951358E-01-6.080067441E-02 8.777604822E-02
 2.316744822E-01 3.705300747E-01 5.039844983E-01-1.738572442E+00-1.794377305E+00
-1.849784363E+00-1.904755698E+00-1.959514176E+00-2.015016687E+00-2.071496988E+00
-2.128966862E+00-2.187435280E+00-2.246911563E+00-2.307405553E+00-2.368927521E+00
-2.431488338E+00-2.495099280E+00-2.559772208E+00-2.625519405E+00-2.692353583E+00
-2.760287803E+00-2.829335416E+00-2.899509907E+00-2.970824648E+00-3.043292601E+00
-3.116926187E+00-3.191737594E+00-3.268111480E+00-3.345445057E+00-3.423262754E+00
-3.501384886E+00-3.579945852E+00-3.659143726E+00-3.739102037E+00-3.819823499E+00
-3.901124531E+00-3.982767242E+00-4.064462793E+00-4.145885727E+00-4.226691673E+00
-4.306536435E+00-4.385095502E+00-4.462083624E+00-4.537274165E+00-4.610518096E+00
-4.681757808E+00-4.750981481E+00-4.818181752E+00-4.883354649E+00-4.946499338E+00
-5.007617758E+00-5.066714442E+00-5.123796249E+00-5.178871997E+00-5.231952304E+00
-5.283049224E+00-5.332175989E+00-5.379346707E+00-5.424575989E+00-5.467878657E+00
-5.509269304E+00-5.548761918E+00-5.586369367E+00-5.622102890E+00-5.655971535E+00
-5.687981271E+00-5.718134209E+00-5.746428025E+00-5.772852390E+00-5.797383181E+00
-5.819984257E+00-5.840605221E+00-5.859179336E+00-5.875621401E+00-5.889825268E+00
-5.901661246E+00-5.910973174E+00-5.917575283E+00-5.921249503E+00-5.921743078E+00
-5.918767134E+00-5.911996889E+00-5.901074234E+00-5.885612673E+00-5.865205420E+00
-5.839436197E+00-5.807891958E+00-5.770176637E+00-5.725925088E+00-5.674817085E+00
-5.616586483E+00-5.551010231E+00-5.477910021E+00-5.397152770E+00-5.308650815E+00
-5.212361470E+00-5.108286691E+00-4.996472460E+00-4.877008144E+00-4.750025993E+00
-4.615700518E+00-4.474248529E+00-4.326060069E+00-4.171790765E+00-4.012235565E+00
-3.848195327E+00-3.680288764E+00-3.508351015E+00-3.328453437E+00-3.136220880E+00
-2.944760484E+00-2.754327660E+00-2.565039618E+00-2.376966525E+00-2.190166065E+00
-2.004697689E+00-1.820629977E+00-1.638045255E+00-1.457043615E+00-1.277746625E+00
-1.100301107E+00-9.248829785E-01-7.517010776E-01-5.810007964E-01-4.130671845E-01
-2.482270785E-01-8.684964119E-02 7.065538680E-02 2.238424617E-01 3.722385553E-01
 5.153552072E-01 6.527039017E-01-1.735885051E+00-1.791388567E+00-1.846712510E+00
-1.901367638E+00-1.955657558E+00-2.010920102E+00-2.067158209E+00-2.124373099E+00
-2.182573550E+00-2.241769077E+00-2.301969852E+00-2.363186630E+00-2.425430765E+00
-2.488714079E+00-2.553048894E+00-2.618447961E+00-2.684924457E+00-2.752491887E+00
-2.821164105E+00-2.890954967E+00-2.961877999E+00-3.033945329E+00-3.107165329E+00
-3.181536933E+00-3.257478223E+00-3.334428443E+00-3.411890724E+00-3.489639186E+00
-3.567779842E+00-3.646518245E+00-3.725990597E+00-3.806233132E+00-3.887079615E+00
-3.968303992E+00-4.049627676E+00-4.130733096E+00-4.211280725E+00-4.290927781E+00
-4.369347255E+00-4.446247075E+00-4.521389251E+00-4.594608302E+00-4.665828520E+00
-4.735034134E+00-4.802216947E+00-4.867372152E+00-4.930497929E+00-4.991595208E+00
-5.050667457E+00-5.107720277E+00-5.162761224E+00-5.215799502E+00-5.266845594E+00
-5.315910973E+00-5.363007787E+00-5.408148476E+00-5.451345345E+00-5.492610176E+00
-5.531953780E+00-5.569385284E+00-5.604911762E+00-5.638537262E+00-5.670262154E+00
-5.700082057E+00-5.727986353E+00-5.753957835E+00-5.777966508E+00-5.799967707E+00
-5.819902118E+00-5.837693182E+00-5.853245060E+00-5.866440172E+00-5.877136714E+00
-5.885166087E+00-5.890330547E+00-5.892400958E+00-5.891115612E+00-5.886179842E+00
-5.877267646E+00-5.864025176E+00-5.846076731E+00-5.823033060E+00-5.794501700E+00
-5.760098788E+00-5.719461080E+00-5.672261741E+00-5.618214785E+00-5.557072493E+00
-5.488627878E+00-5.412715983E+00-5.329214771E+00-5.238045318E+00-5.139171737E+00
-5.032601140E+00-4.918383017E+00-4.796608983E+00-4.667412061E+00-4.530966220E+00
-4.387534835E+00-4.237645428E+00-4.082012883E+00-3.921418156E+00-3.756564116E+00
-3.587797439E+00-3.413614322E+00-3.227114519E+00-3.035146771E+00-2.844171308E+00
-2.654081420E+00-2.464852983E+00-2.276494367E+00-2.089030162E+00-1.902497317E+00
-1.716945725E+00-1.532440796E+00-1.349067072E+00-1.166932561E+00-9.861737772E-01
-8.069614513E-01-6.295068687E-01-4.540686967E-01-2.809599408E-01-1.105544381E-01
 5.670813841E-02 2.203201974E-01 3.797088545E-01 5.342450884E-01 6.832605749E-01
 8.260720269E-01-1.732011296E+00-1.787423740E+00-1.842418776E+00-1.896957725E+00
-1.951263380E+00-2.006286945E+00-2.062261774E+00-2.119198486E+00-2.177105664E+00
-2.235993016E+00-2.295871239E+00-2.356751823E+00-2.418646763E+00-2.481568595E+00
-2.545530226E+00-2.610544966E+00-2.676626633E+00-2.743789506E+00-2.812048584E+00
-2.881419718E+00-2.951920133E+00-3.023569401E+00-3.096391646E+00-3.170420972E+00
-3.245714309E+00-3.322163067E+00-3.399196977E+00-3.476519103E+00-3.554187538E+00
-3.632408260E+00-3.711331734E+00-3.791023300E+00-3.871343557E+00-3.952078990E+00
-4.032962735E+00-4.113686619E+00-4.193917354E+00-4.273314522E+00-4.351549293E+00
-4.428323181E+00-4.503386588E+00-4.576557060E+00-4.647737343E+00-4.716903466E+00
-4.784046478E+00-4.849160507E+00-4.912242588E+00-4.973292471E+00-5.032312304E+00
-5.089306295E+00-5.144280487E+00-5.197242381E+00-5.248200579E+00-5.297164556E+00
-5.344144119E+00-5.389149168E+00-5.432189102E+00-5.473272484E+00-5.512406350E+00
-5.549595737E+00-5.584842835E+00-5.618146287E+00-5.649500241E+00-5.678893110E+00
-5.706306350E+00-5.731712775E+00-5.755075219E+00-5.776340938E+00-5.795440620E+00
-5.812287338E+00-5.826774170E+00-5.838772025E+00-5.848127338E+00-5.854660097E+00
-5.858161860E+00-5.858394677E+00-5.855090580E+00-5.847952595E+00-5.836657221E+00
-5.820858884E+00-5.800196357E+00-5.774301104E+00-5.742807402E+00-5.705361539E+00
-5.661639626E+00-5.611345077E+00-5.554214109E+00-5.490018790E+00-5.418569107E+00
-5.339714655E+00-5.253345564E+00-5.159392872E+00-5.057828792E+00-4.948666674E+00
-4.831960775E+00-4.707805927E+00-4.576337284E+00-4.437741276E+00-4.292420482E+00
-4.140998497E+00-3.984207294E+00-3.822764332E+00-3.657179734E+00-3.487021157E+00
-3.307721210E+00-3.117021077E+00-2.926554245E+00-2.736486428E+00-2.546867909E+00
-2.357712194E+00-2.169023798E+00-1.980808689E+00-1.793079312E+00-1.605858166E+00
-1.419181409E+00-1.233103115E+00-1.047700425E+00-8.630798497E-01-6.793849661E-01
-4.968057091E-01-3.155894572E-01-1.360539028E-01 4.139866464E-02 2.162667527E-01
 3.879370430E-01 5.556776836E-01 7.186430472E-01 8.758954478E-01 1.026446251E+00
-1.728100014E+00-1.783276444E+00-1.838032783E+00-1.892329575E+00-1.946393744E+00
-2.001153954E+00-2.056847194E+00-2.113482959E+00-2.171069871E+00-2.229618879E+00
-2.289142131E+00-2.349652476E+00-2.411163012E+00-2.473687051E+00-2.537238098E+00
-2.601829913E+00-2.667476639E+00-2.734192889E+00-2.801993988E+00-2.870896194E+00
-2.940916985E+00-3.012075546E+00-3.084393210E+00-3.157893752E+00-3.232601705E+00
-3.308547471E+00-3.385133343E+00-3.462003845E+00-3.539163629E+00-3.616816329E+00
-3.695130740E+00-3.774196889E+00-3.853915485E+00-3.934085841E+00-4.014454580E+00
-4.094724670E+00-4.174570633E+00-4.253655887E+00-4.331650826E+00-4.408251134E+00
-4.483195934E+00-4.556285583E+00-4.627399189E+00-4.696498267E+00-4.763572742E+00
-4.828615347E+00-4.891621857E+00-4.952590627E+00-5.011522256E+00-5.068419361E+00
-5.123286165E+00-5.176128191E+00-5.226951950E+00-5.275764476E+00-5.322572958E+00
-5.367384313E+00-5.410204626E+00-5.451038740E+00-5.489889525E+00-5.526757290E+00
-5.561638934E+00-5.594527095E+00-5.625409138E+00-5.654265899E+00-5.681070309E+00
-5.705785821E+00-5.728364285E+00-5.748744507E+00-5.766847873E+00-5.782576587E+00
-5.795812739E+00-5.806416136E+00-5.814222400E+00-5.819041539E+00-5.820656626E+00
-5.818823565E+00-5.813271543E+00-5.803704902E+00-5.789806574E+00-5.771243098E+00
-5.747671438E+00-5.718745849E+00-5.684131435E+00-5.643509093E+00-5.596580783E+00
-5.543074818E+00-5.482749797E+00-5.415397763E+00-5.340846397E+00-5.258960620E+00
-5.169643662E+00-5.072837664E+00-4.968524042E+00-4.856723568E+00-4.737496332E+00
-4.610941467E+00-4.477198159E+00-4.336562433E+00-4.189566367E+00-4.036879790E+00
-3.879204097E+00-3.717128878E+00-3.550779405E+00-3.377853943E+00-3.191970334E+00
-3.002090010E+00-2.812568280E+00-2.623263612E+00-2.434102704E+00-2.245038120E+00
-2.056033412E+00-1.867058451E+00-1.678088786E+00-1.489107097E+00-1.300105816E+00
-1.111090958E+00-9.220872473E-01-7.331448808E-01-5.443483449E-01-3.558279646E-01
-1.677750067E-01 1.953866857E-02 2.057353113E-01 3.902996927E-01 5.725421689E-01
 7.515615892E-01 9.262213902E-01 1.095162122E+00 1.256873660E+00-1.724088715E+00
-1.778969048E+00-1.833517328E+00-1.887517567E+00-1.941086145E+00-1.995572382E+00
-2.050971051E+00-2.107280426E+00-2.164514151E+00-2.222688230E+00-2.281818591E+00
-2.341920388E+00-2.403008075E+00-2.465095682E+00-2.528196966E+00-2.592325744E+00
-2.657496025E+00-2.723722129E+00-2.791018918E+00-2.859401855E+00-2.928887178E+00
-2.999492017E+00-3.071234334E+00-3.144133021E+00-3.218207651E+00-3.293606400E+00
-3.369710129E+00-3.446101550E+00-3.522719471E+00-3.599756462E+00-3.677401954E+00
-3.755765952E+00-3.834803208E+00-3.914326251E+00-3.994097127E+00-4.073832058E+00
-4.153215294E+00-4.231915640E+00-4.309604169E+00-4.385971795E+00-4.460747103E+00
-4.533713514E+00-4.604725952E+00-4.673723997E+00-4.740694184E+00-4.805627889E+00
-4.868519358E+00-4.929365315E+00-4.988164637E+00-5.044918021E+00-5.099627676E+00
-5.152296878E+00-5.202929636E+00-5.251530215E+00-5.298102837E+00-5.342651012E+00
-5.385177102E+00-5.425681785E+00-5.464163242E+00-5.500616587E+00-5.535032869E+00
-5.567398273E+00-5.597692916E+00-5.625889614E+00-5.651952537E+00-5.675835471E+00
-5.697480130E+00-5.716813927E+00-5.733748210E+00-5.748175748E+00-5.759968282E+00
-5.768975427E+00-5.775023485E+00-5.777914500E+00-5.777425749E+00-5.773310156E+00
-5.765297738E+00-5.753097993E+00-5.736403792E+00-5.714897196E+00-5.688257860E+00
-5.656167748E+00-5.618317968E+00-5.574415189E+00-5.524186580E+00-5.467384327E+00
-5.403789080E+00-5.333213016E+00-5.255501835E+00-5.170536426E+00-5.078233990E+00
-4.978548758E+00-4.871472496E+00-4.757034655E+00-4.635302358E+00-4.506379972E+00
-4.370483629E+00-4.228060902E+00-4.079713008E+00-3.926098807E+00-3.767814264E+00
-3.605162652E+00-3.437008042E+00-3.257397672E+00-3.069753240E+00-2.881893082E+00
-2.693848318E+00-2.505594494E+00-2.317086035E+00-2.128267754E+00-1.939079156E+00
-1.749456318E+00-1.559333419E+00-1.368644331E+00-1.177324797E+00-9.853153844E-01
-7.925655585E-01-5.990393110E-01-4.047229713E-01-2.096361221E-01-1.384706660E-02
 1.825048902E-01 3.791767887E-01 5.757731906E-01 7.716725340E-01 9.659183427E-01
 1.157075868E+00 1.343110478E+00 1.521459429E+00-1.719104277E+00-1.773632234E+00
-1.827847137E+00-1.881711833E+00-1.935385146E+00-1.989659712E+00-2.044735402E+00
-2.100667466E+00-2.157494716E+00-2.215243931E+00-2.273935283E+00-2.333585514E+00
-2.394209390E+00-2.455820687E+00-2.518432698E+00-2.582058619E+00-2.646711704E+00
-2.712405517E+00-2.779153952E+00-2.846971327E+00-2.915872274E+00-2.985871693E+00
-3.056984407E+00-3.129224969E+00-3.202608008E+00-3.277397113E+00-3.352966555E+00
-3.428841149E+00-3.504881514E+00-3.581254799E+00-3.658170101E+00-3.735756105E+00
-3.814026433E+00-3.892812581E+00-3.971894289E+00-4.051002931E+00-4.129834403E+00
-4.208064872E+00-4.285367718E+00-4.361430657E+00-4.435972800E+00-4.508761445E+00
-4.579628127E+00-4.648484332E+00-4.715307233E+00-4.780086890E+00-4.842815862E+00
-4.903488994E+00-4.962103186E+00-5.018657024E+00-5.073150314E+00-5.125583792E+00
-5.175958660E+00-5.224276158E+00-5.270537021E+00-5.314741038E+00-5.356886425E+00
-5.396969171E+00-5.434982417E+00-5.470915543E+00-5.504753359E+00-5.536475131E+00
-5.566053343E+00-5.593452554E+00-5.618627887E+00-5.641523574E+00-5.662071117E+00
-5.680187601E+00-5.695773758E+00-5.708712025E+00-5.718865019E+00-5.726074195E+00
-5.730158688E+00-5.730915134E+00-5.728117866E+00-5.721520213E+00-5.710856651E+00
-5.695846151E+00-5.676196197E+00-5.651607779E+00-5.621781462E+00-5.586422713E+00
-5.545247366E+00-5.497986815E+00-5.444392451E+00-5.384239635E+00-5.317330757E+00
-5.243498071E+00-5.162605547E+00-5.074550644E+00-4.979265307E+00-4.876716866E+00
-4.766908637E+00-4.649880108E+00-4.525706851E+00-4.394549755E+00-4.256787023E+00
-4.112957960E+00-3.963677888E+00-3.809534400E+00-3.650909943E+00-3.487282109E+00
-3.314412376E+00-3.129698179E+00-2.944319034E+00-2.758388202E+00-2.571926494E+00
-2.384903837E+00-2.197260916E+00-2.008919895E+00-1.819789343E+00-1.629766516E+00
-1.438738574E+00-1.246583255E+00-1.053169608E+00-8.583590148E-01-6.620067748E-01
-4.639645556E-01-2.640841489E-01-6.222315250E-02 1.417463957E-01 3.479246633E-01
 5.563627012E-01 7.670265046E-01 9.797314131E-01 1.194007825E+00 1.408780928E+00
 1.621505744E+00 1.826700309E+00-1.715026068E+00-1.769444808E+00-1.823402634E+00
-1.876861108E+00-1.930002389E+00-1.983719546E+00-2.038276025E+00-2.093710154E+00
-2.150048866E+00-2.207311579E+00-2.265513755E+00-2.324668725E+00-2.384788717E+00
-2.445885492E+00-2.507970716E+00-2.571056130E+00-2.635153769E+00-2.700276072E+00
-2.766435887E+00-2.833646505E+00-2.901921550E+00-2.971274450E+00-3.041717702E+00
-3.113260473E+00-3.185903538E+00-3.259996944E+00-3.334957091E+00-3.410261511E+00
-3.485683978E+00-3.561345229E+00-3.637468044E+00-3.714203837E+00-3.791615330E+00
-3.869568531E+00-3.947861666E+00-4.026243064E+00-4.104422378E+00-4.182085232E+00
-4.258909403E+00-4.334581176E+00-4.408812025E+00-4.481354464E+00-4.552017841E+00
-4.620683219E+00-4.687308280E+00-4.751880930E+00-4.814391715E+00-4.874833426E+00
-4.933200772E+00-4.989489860E+00-5.043697918E+00-5.095822835E+00-5.145862652E+00
-5.193815161E+00-5.239677379E+00-5.283444925E+00-5.325111463E+00-5.364667964E+00
-5.402102046E+00-5.437397024E+00-5.470531120E+00-5.501476313E+00-5.530197279E+00
-5.556650148E+00-5.580781033E+00-5.602524747E+00-5.621803009E+00-5.638523098E+00
-5.652575997E+00-5.663835156E+00-5.672155070E+00-5.677370414E+00-5.679295574E+00
-5.677724745E+00-5.672432919E+00-5.663177495E+00-5.649700775E+00-5.631733437E+00
-5.608998444E+00-5.581215585E+00-5.548106447E+00-5.509399247E+00-5.464833459E+00
-5.414164368E+00-5.357166793E+00-5.293638727E+00-5.223404011E+00-5.146314915E+00
-5.062254032E+00-4.971135773E+00-4.872907588E+00-4.767550854E+00-4.655081520E+00
-4.535550334E+00-4.409080496E+00-4.275996437E+00-4.136783518E+00-3.992014740E+00
-3.842263610E+00-3.687968147E+00-3.529002729E+00-3.362655737E+00-3.183570024E+00
-3.000403983E+00-2.816898979E+00-2.632835408E+00-2.448074608E+00-2.262503300E+00
-2.076010588E+00-1.888477889E+00-1.699774460E+00-1.509754638E+00-1.318255982E+00
-1.125097552E+00-9.300782012E-01-7.329747668E-01-5.335401376E-01-3.315011615E-01
-1.265562997E-01 8.162711781E-02 2.934163947E-01 5.092185121E-01 7.294884161E-01
 9.547444999E-01 1.185601237E+00 1.422847952E+00 1.667680000E+00 1.922555036E+00
 2.175884011E+00-1.711635846E+00-1.766141543E+00-1.819848110E+00-1.872725697E+00
-1.924673410E+00-1.977595336E+00-2.031502583E+00-2.086356385E+00-2.142148197E+00
-2.198878754E+00-2.256552922E+00-2.315177481E+00-2.374760241E+00-2.435309805E+00
-2.496835338E+00-2.559346646E+00-2.622854134E+00-2.687368925E+00-2.752902954E+00
-2.819468952E+00-2.887080872E+00-2.955754060E+00-3.025506264E+00-3.096359596E+00
-3.168345232E+00-3.241515045E+00-3.315737290E+00-3.390397846E+00-3.465160055E+00
-3.540066256E+00-3.615338821E+00-3.691154857E+00-3.767611347E+00-3.844630956E+00
-3.922029118E+00-3.999572938E+00-4.076988230E+00-4.153972515E+00-4.230210314E+00
-4.305388900E+00-4.379214107E+00-4.451425874E+00-4.521812972E+00-4.590227280E+00
-4.656596368E+00-4.720900839E+00-4.783129318E+00-4.843272291E+00-4.901321988E+00
-4.957271839E+00-5.011116169E+00-5.062849705E+00-5.112467062E+00-5.159962289E+00
-5.205328277E+00-5.248556169E+00-5.289634727E+00-5.328549592E+00-5.365282511E+00
-5.399810502E+00-5.432104908E+00-5.462130325E+00-5.489843543E+00-5.515192302E+00
-5.538114051E+00-5.558534538E+00-5.576366489E+00-5.591508191E+00-5.603842336E+00
-5.613234738E+00-5.619533614E+00-5.622569085E+00-5.622153174E+00-5.618080385E+00
-5.610128985E+00-5.598062943E+00-5.581634635E+00-5.560587956E+00-5.534662203E+00
-5.503596136E+00-5.467132210E+00-5.425020889E+00-5.377024684E+00-5.322922037E+00
-5.262510671E+00-5.195610765E+00-5.122067419E+00-5.041752955E+00-4.954568745E+00
-4.860446619E+00-4.759350129E+00-4.651275477E+00-4.536251981E+00-4.414377669E+00
-4.285937174E+00-4.151368011E+00-4.011197395E+00-3.865966511E+00-3.716116053E+00
-3.561695626E+00-3.400860797E+00-3.227745808E+00-3.048453727E+00-2.868393614E+00
-2.687553725E+00-2.505857636E+00-2.323204974E+00-2.139481511E+00-1.954559784E+00
-1.768296896E+00-1.580531831E+00-1.391082481E+00-1.199742560E+00-1.006278202E+00
-8.104240825E-01-6.118789154E-01-4.103001257E-01-2.052973913E-01 3.575330173E-03
 2.168299731E-01 4.350578478E-01 6.589484075E-01 8.893168418E-01 1.127147028E+00
 1.373661694E+00 1.630439423E+00 1.899599361E+00 2.183881373E+00 2.464529016E+00
-1.706625431E+00-1.760904357E+00-1.814292842E+00-1.866737747E+00-1.918464013E+00
-1.970840050E+00-2.024182569E+00-2.078479917E+00-2.133723549E+00-2.189909725E+00
-2.247038406E+00-2.305112033E+00-2.364134948E+00-2.424112750E+00-2.485052183E+00
-2.546960958E+00-2.609847698E+00-2.673721957E+00-2.738594275E+00-2.804476221E+00
-2.871380642E+00-2.939321819E+00-3.008315853E+00-3.078381251E+00-3.149539153E+00
-3.221812714E+00-3.295265182E+00-3.369249204E+00-3.443331294E+00-3.517457196E+00
-3.591833140E+00-3.666664448E+00-3.742072750E+00-3.818054383E+00-3.894444410E+00
-3.971031289E+00-4.047559377E+00-4.123740692E+00-4.199269171E+00-4.273835729E+00
-4.347143313E+00-4.418921691E+00-4.488941689E+00-4.557028639E+00-4.623075078E+00
-4.687042057E+00-4.748915701E+00-4.808683920E+00-4.866336210E+00-4.921863078E+00
-4.975255726E+00-5.026505395E+00-5.075603037E+00-5.122538613E+00-5.167300673E+00
-5.209875574E+00-5.250246884E+00-5.288394704E+00-5.324294696E+00-5.357917426E+00
-5.389227258E+00-5.418181448E+00-5.444729052E+00-5.468809749E+00-5.490352775E+00
-5.509275563E+00-5.525482796E+00-5.538865110E+00-5.549298259E+00-5.556642320E+00
-5.560741229E+00-5.561422782E+00-5.558498923E+00-5.551766812E+00-5.541010220E+00
-5.526001658E+00-5.506505016E+00-5.482278660E+00-5.453078788E+00-5.418663319E+00
-5.378795446E+00-5.333247527E+00-5.281804648E+00-5.224267903E+00-5.160457531E+00
-5.090215588E+00-5.013408255E+00-4.929928008E+00-4.839695150E+00-4.742659358E+00
-4.638800770E+00-4.528130760E+00-4.410733639E+00-4.286867278E+00-4.156929199E+00
-4.021403269E+00-3.880793644E+00-3.735526370E+00-3.585728908E+00-3.430076210E+00
-3.263260678E+00-3.088168966E+00-2.912195147E+00-2.735287853E+00-2.557388119E+00
-2.378417254E+00-2.198276900E+00-2.016849650E+00-1.833998727E+00-1.649566306E+00
-1.463371034E+00-1.275204853E+00-1.084829142E+00-8.919701354E-01-6.963134657E-01
-4.974976327E-01-2.951061705E-01-8.865815867E-02 1.224033142E-01 3.387252933E-01
 5.610624072E-01 7.902985777E-01 1.027474089E+00 1.273819134E+00 1.530793774E+00
 1.800130326E+00 2.083864113E+00 2.384294057E+00 2.678183975E+00-1.701077580E+00
-1.755051206E+00-1.808096628E+00-1.860149940E+00-1.911500125E+00-1.963402920E+00
-2.016241420E+00-2.070020042E+00-2.124734774E+00-2.180383039E+00-2.236964044E+00
-2.294478583E+00-2.352928961E+00-2.412318724E+00-2.472652562E+00-2.533936269E+00
-2.596176664E+00-2.659381597E+00-2.723559903E+00-2.788721484E+00-2.854877268E+00
-2.922039153E+00-2.990220006E+00-3.059433351E+00-3.129693179E+00-3.201014159E+00
-3.273625619E+00-3.346877088E+00-3.420250245E+00-3.493575230E+00-3.567015588E+00
-3.640800587E+00-3.715079529E+00-3.789913163E+00-3.865175787E+00-3.940678165E+00
-4.016185212E+00-4.091425999E+00-4.166106824E+00-4.239925132E+00-4.312584105E+00
-4.383806494E+00-4.453348282E+00-4.521011377E+00-4.586655313E+00-4.650207640E+00
-4.711645453E+00-4.770954239E+00-4.828120531E+00-4.883131696E+00-4.935975524E+00
-4.986639596E+00-5.035110890E+00-5.081375125E+00-5.125416199E+00-5.167215510E+00
-5.206751316E+00-5.243997924E+00-5.278924911E+00-5.311496332E+00-5.341669694E+00
-5.369395120E+00-5.394614264E+00-5.417259289E+00-5.437251889E+00-5.454502234E+00
-5.468908050E+00-5.480353772E+00-5.488709921E+00-5.493832662E+00-5.495563701E+00
-5.493730563E+00-5.488147344E+00-5.478615795E+00-5.464927031E+00-5.446863679E+00
-5.424202378E+00-5.396716725E+00-5.364180415E+00-5.326370552E+00-5.283071042E+00
-5.234075887E+00-5.179192302E+00-5.118243801E+00-5.051072770E+00-4.977542967E+00
-4.897541658E+00-4.810981470E+00-4.717801965E+00-4.617970882E+00-4.511485254E+00
-4.398428172E+00-4.279040822E+00-4.153688174E+00-4.022814043E+00-3.886883693E+00
-3.746297611E+00-3.601207986E+00-3.450582771E+00-3.289823610E+00-3.119366837E+00
-2.947919640E+00-2.775448108E+00-2.601903313E+00-2.427221293E+00-2.251321030E+00
-2.074102945E+00-1.895447663E+00-1.715214360E+00-1.533238572E+00-1.349329326E+00
-1.163265579E+00-9.747918314E-01-7.836128365E-01-5.893871975E-01-3.917196822E-01
-1.901519549E-01 1.584853830E-02 2.269018444E-01 4.437311994E-01 6.671812562E-01
 8.982385738E-01 1.138053478E+00 1.387961056E+00 1.649497253E+00 1.924403398E+00
 2.214610588E+00 2.522607740E+00 2.822592938E+00-1.695267018E+00-1.748952730E+00
-1.801641549E+00-1.853292010E+00-1.903905383E+00-1.955335181E+00-2.007698029E+00
-2.060981855E+00-2.115184875E+00-2.170305597E+00-2.226343228E+00-2.283297747E+00
-2.341170162E+00-2.399962392E+00-2.459677478E+00-2.520319413E+00-2.581893331E+00
-2.644405318E+00-2.707862619E+00-2.772273412E+00-2.837646882E+00-2.903992969E+00
-2.971321866E+00-3.039643087E+00-3.108962948E+00-3.179278970E+00-3.250945600E+00
-3.323377899E+00-3.395991820E+00-3.468493102E+00-3.540966131E+00-3.613649675E+00
-3.686726981E+00-3.760299994E+00-3.834313237E+00-3.908597567E+00-3.982940570E+00
-4.057091197E+00-4.130771017E+00-4.203687435E+00-4.275547100E+00-4.346069431E+00
-4.414999269E+00-4.482118970E+00-4.547259488E+00-4.610310275E+00-4.671223181E+00
-4.729979563E+00-4.786562796E+00-4.840956952E+00-4.893146181E+00-4.943114226E+00
-4.990843917E+00-5.036316518E+00-5.079511158E+00-5.120404180E+00-5.158968357E+00
-5.195172280E+00-5.228979441E+00-5.260347540E+00-5.289227516E+00-5.315562649E+00
-5.339287776E+00-5.360328274E+00-5.378599214E+00-5.394004562E+00-5.406436446E+00
-5.415774630E+00-5.421886071E+00-5.424624878E+00-5.423832468E+00-5.419338109E+00
-5.410959792E+00-5.398505722E+00-5.381775887E+00-5.360564249E+00-5.334661168E+00
-5.303856169E+00-5.267940714E+00-5.226711325E+00-5.179972484E+00-5.127539607E+00
-5.069241940E+00-5.004925049E+00-4.934453351E+00-4.857712230E+00-4.774609993E+00
-4.685079615E+00-4.589080327E+00-4.486600404E+00-4.377734273E+00-4.262713315E+00
-4.141875507E+00-4.015627499E+00-3.884394386E+00-3.748542339E+00-3.608215543E+00
-3.462520479E+00-3.307396700E+00-3.141861708E+00-2.975261127E+00-2.807578021E+00
-2.638780534E+00-2.468821871E+00-2.297639870E+00-2.125155859E+00-1.951273282E+00
-1.775876054E+00-1.598826593E+00-1.419963308E+00-1.239097605E+00-1.056010174E+00
-8.704465121E-01-6.821114666E-01-4.906626563E-01-2.957024949E-01-9.676854702E-02
 1.066781193E-01 3.152669359E-01 5.297344958E-01 7.509440216E-01 9.799073268E-01
 1.217808139E+00 1.466024027E+00 1.726141764E+00 1.999957976E+00 2.289455325E+00
 2.597445055E+00 2.895482597E+00-1.688421451E+00-1.741724091E+00-1.794029655E+00
-1.845282194E+00-1.895693324E+00-1.946692540E+00-1.998594231E+00-2.051398007E+00
-2.105102530E+00-2.159706231E+00-2.215207637E+00-2.271605702E+00-2.328899981E+00
-2.387090840E+00-2.446179599E+00-2.506168543E+00-2.567061063E+00-2.628861636E+00
-2.691575939E+00-2.755210812E+00-2.819774414E+00-2.885276257E+00-2.951727698E+00
-3.019142533E+00-3.087539228E+00-3.156945666E+00-3.227411610E+00-3.298868714E+00
-3.370641104E+00-3.442290062E+00-3.513774896E+00-3.585313907E+00-3.657123754E+00
-3.729334320E+00-3.801973606E+00-3.874901185E+00-3.947929525E+00-4.020829705E+00
-4.093341509E+00-4.165185478E+00-4.236075529E+00-4.305731546E+00-4.373891452E+00
-4.440322585E+00-4.504832047E+00-4.567275748E+00-4.627566763E+00-4.685669650E+00
-4.741564742E+00-4.795232468E+00-4.846653257E+00-4.895806860E+00-4.942671826E+00
-4.987224883E+00-5.029440338E+00-5.069289356E+00-5.106739405E+00-5.141753356E+00
-5.174288833E+00-5.204297451E+00-5.231723945E+00-5.256505398E+00-5.278570444E+00
-5.297838533E+00-5.314219172E+00-5.327611330E+00-5.337902987E+00-5.344970729E+00
-5.348679654E+00-5.348883599E+00-5.345425453E+00-5.338137916E+00-5.326844673E+00
-5.311361777E+00-5.291499372E+00-5.267063839E+00-5.237860053E+00-5.203693910E+00
-5.164374992E+00-5.119719294E+00-5.069551859E+00-5.013709434E+00-4.952043048E+00
-4.884420277E+00-4.810727474E+00-4.730871668E+00-4.644782306E+00-4.552412592E+00
-4.453756772E+00-4.348927311E+00-4.238149952E+00-4.121739554E+00-4.000067947E+00
-3.873518992E+00-3.742417392E+00-3.606875438E+00-3.466024219E+00-3.316109564E+00
-3.155622361E+00-2.994039167E+00-2.831352385E+00-2.667543374E+00-2.502581636E+00
-2.336424017E+00-2.169013606E+00-2.000278630E+00-1.830130952E+00-1.658464406E+00
-1.485152800E+00-1.310047545E+00-1.132974820E+00-9.537321691E-01-7.720844130E-01
-5.877587291E-01-4.004386962E-01-2.097570394E-01-1.528677777E-02 1.834696917E-01
 3.870941190E-01 5.962692913E-01 8.118002292E-01 1.034640832E+00 1.265927083E+00
 1.507017070E+00 1.759535052E+00 2.025408911E+00 2.306875510E+00 2.606021503E+00
 2.887226956E+00-1.681192389E+00-1.734092183E+00-1.786002481E+00-1.836855244E+00
-1.886946678E+00-1.937521131E+00-1.988972055E+00-2.041308299E+00-2.094527463E+00
-2.148626486E+00-2.203602267E+00-2.259451862E+00-2.316172963E+00-2.373763964E+00
-2.432224224E+00-2.491554151E+00-2.551755313E+00-2.612830444E+00-2.674783574E+00
-2.737620011E+00-2.801346403E+00-2.865970810E+00-2.931502843E+00-2.997953761E+00
-3.065336778E+00-3.133667183E+00-3.202961758E+00-3.273383909E+00-3.344258594E+00
-3.415037207E+00-3.485531305E+00-3.555900925E+00-3.626387950E+00-3.697157921E+00
-3.768296969E+00-3.839728418E+00-3.911287446E+00-3.982769160E+00-4.053934464E+00
-4.124520390E+00-4.194251823E+00-4.262853276E+00-4.330060291E+00-4.395630109E+00
-4.459351327E+00-4.521052592E+00-4.580609522E+00-4.637950693E+00-4.693044869E+00
-4.745869301E+00-4.796400446E+00-4.844614024E+00-4.890484224E+00-4.933983242E+00
-4.975080537E+00-5.013742298E+00-5.049930641E+00-5.083603053E+00-5.114711596E+00
-5.143202167E+00-5.169013885E+00-5.192078251E+00-5.212318569E+00-5.229649329E+00
-5.243975582E+00-5.255192595E+00-5.263185578E+00-5.267829489E+00-5.268989212E+00
-5.266519864E+00-5.260267455E+00-5.250069777E+00-5.235757514E+00-5.217155884E+00
-5.194086287E+00-5.166368340E+00-5.133822032E+00-5.096270098E+00-5.053540451E+00
-5.005468617E+00-4.951900180E+00-4.892693182E+00-4.827720354E+00-4.756871247E+00
-4.680054167E+00-4.597198311E+00-4.508253918E+00-4.413243601E+00-4.312296858E+00
-4.205635518E+00-4.093553882E+00-3.976390508E+00-3.854487305E+00-3.728121426E+00
-3.597349974E+00-3.461236529E+00-3.316127779E+00-3.160699856E+00-3.004184603E+00
-2.846576925E+00-2.687866375E+00-2.528035206E+00-2.367057044E+00-2.204895518E+00
-2.041503039E+00-1.876819390E+00-1.710770471E+00-1.543266651E+00-1.374201060E+00
-1.203447592E+00-1.030858595E+00-8.562621810E-01-6.794590605E-01-5.002187947E-01
-3.182753199E-01-1.333215411E-01 5.499729713E-02 2.470918597E-01 4.434392457E-01
 6.445968127E-01 8.512209777E-01 1.064093925E+00 1.284163374E+00 1.512604511E+00
 1.750919380E+00 2.001092974E+00 2.265795344E+00 2.546347496E+00 2.806095493E+00
-1.673839078E+00-1.726383715E+00-1.777893885E+00-1.828324824E+00-1.877725897E+00
-1.927853378E+00-1.978866497E+00-2.030751601E+00-2.083503214E+00-2.137115327E+00
-2.191581857E+00-2.246897146E+00-2.303056136E+00-2.360054776E+00-2.417890123E+00
-2.476560432E+00-2.536065296E+00-2.596405644E+00-2.657583726E+00-2.719603222E+00
-2.782469093E+00-2.846187618E+00-2.910766082E+00-2.976212487E+00-3.042534334E+00
-3.109736174E+00-3.177813689E+00-3.247090242E+00-3.316973708E+00-3.386838533E+00
-3.456341702E+00-3.525535070E+00-3.594661586E+00-3.663927482E+00-3.733452354E+00
-3.803250483E+00-3.873184155E+00-3.943074810E+00-4.012706799E+00-4.081836783E+00
-4.150204257E+00-4.217542475E+00-4.283589262E+00-4.348096864E+00-4.410841260E+00
-4.471629976E+00-4.530308927E+00-4.586767391E+00-4.640941423E+00-4.692798818E+00
-4.742312603E+00-4.789454275E+00-4.834193780E+00-4.876498757E+00-4.916334018E+00
-4.953660828E+00-4.988436363E+00-5.020612974E+00-5.050137531E+00-5.076950835E+00
-5.100986984E+00-5.122172695E+00-5.140426873E+00-5.155660017E+00-5.167773979E+00
-5.176661586E+00-5.182206671E+00-5.184284019E+00-5.182759773E+00-5.177491898E+00
-5.168330937E+00-5.155121080E+00-5.137701320E+00-5.115907089E+00-5.089571898E+00
-5.058529276E+00-5.022614868E+00-4.981668559E+00-4.935536689E+00-4.884074453E+00
-4.827147934E+00-4.764636412E+00-4.696434284E+00-4.622453420E+00-4.542622785E+00
-4.456911239E+00-4.365377185E+00-4.268163801E+00-4.165488925E+00-4.057627828E+00
-3.944887272E+00-3.827566381E+00-3.705888399E+00-3.579821741E+00-3.448277586E+00
-3.307552338E+00-3.157150774E+00-3.005687535E+00-2.853158843E+00-2.699560299E+00
-2.544884714E+00-2.389120327E+00-2.232249290E+00-2.074246239E+00-1.915077203E+00
-1.754698291E+00-1.593054540E+00-1.430078683E+00-1.265689834E+00-1.099792082E+00
-9.322729575E-01-7.630017381E-01-5.918275903E-01-4.185774760E-01-2.430538140E-01
-6.503184219E-02 1.157434202E-01 2.995607341E-01 4.867469445E-01 6.776724415E-01
 8.727585952E-01 1.072488697E+00 1.277425855E+00 1.488245722E+00 1.705805013E+00
 1.931313089E+00 2.166893182E+00 2.414930940E+00 2.641048573E+00-1.665621126E+00
-1.717728500E+00-1.768820730E+00-1.818843112E+00-1.867979258E+00-1.917704471E+00
-1.968302746E+00-2.019763006E+00-2.072074873E+00-2.125227535E+00-2.179210489E+00
-2.234014084E+00-2.289629835E+00-2.346050688E+00-2.403271042E+00-2.461286868E+00
-2.520095723E+00-2.579696678E+00-2.640090353E+00-2.701278898E+00-2.763265899E+00
-2.826056509E+00-2.889657415E+00-2.954077044E+00-3.019326170E+00-3.085419347E+00
-3.152379264E+00-3.220248299E+00-3.288964659E+00-3.357825282E+00-3.426323455E+00
-3.494348282E+00-3.562096889E+00-3.629808368E+00-3.697638862E+00-3.765668030E+00
-3.833823828E+00-3.901951084E+00-3.969859222E+00-4.037327305E+00-4.104112828E+00
-4.169961871E+00-4.234619006E+00-4.297836767E+00-4.359384197E+00-4.419054386E+00
-4.476670732E+00-4.532091859E+00-4.585214583E+00-4.635975637E+00-4.684338516E+00
-4.730271092E+00-4.773739048E+00-4.814705664E+00-4.853131255E+00-4.888972515E+00
-4.922181949E+00-4.952707181E+00-4.980490525E+00-5.005468269E+00-5.027570190E+00
-5.046719128E+00-5.062830502E+00-5.075812000E+00-5.085563344E+00-5.091976255E+00
-5.094934489E+00-5.094314090E+00-5.089983779E+00-5.081805744E+00-5.069636324E+00
-5.053327264E+00-5.032726937E+00-5.007681857E+00-4.978038364E+00-4.943644443E+00
-4.904351762E+00-4.860017511E+00-4.810506710E+00-4.755694084E+00-4.695466201E+00
-4.629723770E+00-4.558381689E+00-4.481381262E+00-4.398733788E+00-4.310523266E+00
-4.216902544E+00-4.118084072E+00-4.014324288E+00-3.905899355E+00-3.793066176E+00
-3.675987131E+00-3.554485810E+00-3.427226198E+00-3.290410854E+00-3.145015206E+00
-2.998572280E+00-2.851083994E+00-2.702554167E+00-2.552986771E+00-2.402384149E+00
-2.250745799E+00-2.098066954E+00-1.944337556E+00-1.789541261E+00-1.633654476E+00
-1.476645553E+00-1.318473948E+00-1.159089461E+00-9.984314931E-01-8.364283917E-01
-6.729968484E-01-5.080414367E-01-3.414543167E-01-1.731152146E-01-2.891798126E-03
 1.693593698E-01 3.437909990E-01 5.205619206E-01 6.998319109E-01 8.817532105E-01
 1.066456526E+00 1.254026920E+00 1.444459629E+00 1.637570664E+00 1.832789049E+00
 2.028588296E+00 2.221036985E+00 2.403426835E+00-1.656900335E+00-1.708535484E+00
-1.759200779E+00-1.808827204E+00-1.857709290E+00-1.907070697E+00-1.957294425E+00
-2.008373924E+00-2.060290613E+00-2.113026336E+00-2.166564390E+00-2.220890048E+00
-2.275990793E+00-2.331856257E+00-2.388478187E+00-2.445850361E+00-2.503968401E+00
-2.562829691E+00-2.622433340E+00-2.682780064E+00-2.743872149E+00-2.805713492E+00
-2.868309536E+00-2.931667336E+00-2.995795455E+00-3.060703601E+00-3.126401174E+00
-3.192892280E+00-3.260346179E+00-3.328115538E+00-3.395587128E+00-3.462467947E+00
-3.528850832E+00-3.594983615E+00-3.661066270E+00-3.727213179E+00-3.793446530E+00
-3.859642735E+00-3.925637940E+00-3.991235469E+00-4.056213799E+00-4.120335369E+00
-4.183355851E+00-4.245032933E+00-4.305134361E+00-4.363445127E+00-4.419773415E+00
-4.473955236E+00-4.525857528E+00-4.575379626E+00-4.622453556E+00-4.667035427E+00
-4.709087145E+00-4.748567823E+00-4.785433630E+00-4.819637016E+00-4.851126223E+00
-4.879844767E+00-4.905730893E+00-4.928717129E+00-4.948729824E+00-4.965688736E+00
-4.979506862E+00-4.990090107E+00-4.997337320E+00-5.001140282E+00-5.001383950E+00
-4.997946829E+00-4.990701553E+00-4.979515660E+00-4.964252443E+00-4.944772174E+00
-4.920933459E+00-4.892594630E+00-4.859615397E+00-4.821858646E+00-4.779192266E+00
-4.731490962E+00-4.678638220E+00-4.620528880E+00-4.557067975E+00-4.488183751E+00
-4.413860008E+00-4.334139125E+00-4.249122561E+00-4.158967289E+00-4.063877099E+00
-3.964087676E+00-3.859842397E+00-3.751352086E+00-3.638717077E+00-3.521541146E+00
-3.398102071E+00-3.264732451E+00-3.124359228E+00-2.982918071E+00-2.840423920E+00
-2.696893866E+00-2.552345929E+00-2.406798131E+00-2.260267466E+00-2.112768891E+00
-1.964314635E+00-1.814913289E+00-1.664569274E+00-1.513282220E+00-1.361046509E+00
-1.207850899E+00-1.053678287E+00-8.985056144E-01-7.423039792E-01-5.850390145E-01
-4.266716230E-01-2.671591961E-01-1.064574738E-01 5.547667981E-02 2.186812498E-01
 3.831832728E-01 5.489904988E-01 7.160793110E-01 8.843770353E-01 1.053735605E+00
 1.223891634E+00 1.394404920E+00 1.564563972E+00 1.733248858E+00 1.898771925E+00
 2.058816883E+00 2.210686674E+00-1.647927172E+00-1.699124143E+00-1.749360412E+00
-1.798591103E+00-1.846895440E+00-1.895923471E+00-1.945844731E+00-1.996617489E+00
-2.048209301E+00-2.100591507E+00-2.153739770E+00-2.207633957E+00-2.262257675E+00
-2.317597785E+00-2.373643922E+00-2.430388141E+00-2.487824667E+00-2.545949567E+00
-2.604760689E+00-2.664257570E+00-2.724441293E+00-2.785314533E+00-2.846881514E+00
-2.909148147E+00-2.972122259E+00-3.035813927E+00-3.100236540E+00-3.165409417E+00
-3.231364648E+00-3.297888734E+00-3.364270707E+00-3.430028426E+00-3.495084460E+00
-3.559645503E+00-3.623948075E+00-3.688146669E+00-3.752322979E+00-3.816432573E+00
-3.880333921E+00-3.943856407E+00-4.006801841E+00-4.068952230E+00-4.130078090E+00
-4.189946721E+00-4.248329763E+00-4.305010018E+00-4.359787125E+00-4.412482118E+00
-4.462940617E+00-4.511034580E+00-4.556662353E+00-4.599747784E+00-4.640235920E+00
-4.678080972E+00-4.713235563E+00-4.745648246E+00-4.775263585E+00-4.802021586E+00
-4.825857104E+00-4.846699684E+00-4.864473038E+00-4.879094871E+00-4.890476706E+00
-4.898523770E+00-4.903135128E+00-4.904203779E+00-4.901617082E+00-4.895257168E+00
-4.885001689E+00-4.870724518E+00-4.852296894E+00-4.829588448E+00-4.802468714E+00
-4.770808446E+00-4.734481129E+00-4.693364670E+00-4.647343754E+00-4.596310430E+00
-4.540164501E+00-4.478831867E+00-4.412281777E+00-4.340528493E+00-4.263634738E+00
-4.181711330E+00-4.094913210E+00-4.003430486E+00-3.907473653E+00-3.807248786E+00
-3.702908714E+00-3.594442217E+00-3.481176501E+00-3.360843759E+00-3.230660695E+00
-3.095356595E+00-2.958914494E+00-2.821370840E+00-2.682761500E+00-2.543122478E+00
-2.402489813E+00-2.260899142E+00-2.118385246E+00-1.974981589E+00-1.830719863E+00
-1.685629614E+00-1.539737957E+00-1.393069335E+00-1.245645398E+00-1.097485012E+00
-9.486044352E-01-7.990177196E-01-6.487373927E-01-4.977754992E-01-3.461451208E-01
-1.938625226E-01-4.095009282E-02 1.125596446E-01 2.666186314E-01 4.211560202E-01
 5.760684598E-01 7.312071219E-01 8.863604197E-01 1.041231173E+00 1.195407054E+00
 1.348323963E+00 1.499224763E+00 1.647122365E+00 1.790786556E+00 1.928781589E+00
 2.059569046E+00-1.637903703E+00-1.688537411E+00-1.738325922E+00-1.787225101E+00
-1.835359820E+00-1.884206562E+00-1.933958539E+00-1.984547028E+00-2.035919743E+00
-2.088036520E+00-2.140866746E+00-2.194386992E+00-2.248579122E+00-2.303429049E+00
-2.358925708E+00-2.415060631E+00-2.471827405E+00-2.529221417E+00-2.587239762E+00
-2.645880985E+00-2.705145127E+00-2.765033619E+00-2.825549235E+00-2.886696138E+00
-2.948479873E+00-3.010907413E+00-3.073987247E+00-3.137729683E+00-3.202147316E+00
-3.267313451E+00-3.332526846E+00-3.397167355E+00-3.460955250E+00-3.523989024E+00
-3.586514439E+00-3.648732842E+00-3.710760127E+00-3.772640263E+00-3.834280490E+00
-3.895534743E+00-3.956229152E+00-4.016167637E+00-4.075138718E+00-4.132923122E+00
-4.189300880E+00-4.244057777E+00-4.296990857E+00-4.347912955E+00-4.396655898E+00
-4.443072592E+00-4.487037689E+00-4.528447015E+00-4.567215466E+00-4.603274350E+00
-4.636566156E+00-4.667035931E+00-4.694625484E+00-4.719271801E+00-4.740907120E+00
-4.759458815E+00-4.774848875E+00-4.786993880E+00-4.795804869E+00-4.801187438E+00
-4.803041929E+00-4.801263629E+00-4.795743385E+00-4.786368017E+00-4.773021143E+00
-4.755583983E+00-4.733936379E+00-4.707957921E+00-4.677529653E+00-4.642535718E+00
-4.602863380E+00-4.558403856E+00-4.509061558E+00-4.454767001E+00-4.395481370E+00
-4.331200443E+00-4.261958865E+00-4.187831219E+00-4.108930475E+00-4.025402967E+00
-3.937418887E+00-3.845155709E+00-3.748769323E+00-3.648347139E+00-3.543631015E+00
-3.433545594E+00-3.315294638E+00-3.188651529E+00-3.058396537E+00-2.926930956E+00
-2.794285074E+00-2.660507003E+00-2.525650749E+00-2.389771826E+00-2.252925672E+00
-2.115167222E+00-1.976550713E+00-1.837129505E+00-1.696956102E+00-1.556082059E+00
-1.414557958E+00-1.272433467E+00-1.129757456E+00-9.865782657E-01-8.429441428E-01
-6.989039037E-01-5.545079153E-01-4.098094242E-01-2.648663972E-01-1.197439373E-01
 2.548252833E-02 1.707231459E-01 3.158683740E-01 4.607823294E-01 6.052944664E-01
 7.491893207E-01 8.921941606E-01 1.033964617E+00 1.174068895E+00 1.311972205E+00
 1.447024510E+00 1.578456615E+00 1.705390700E+00 1.826870090E+00 1.941907737E+00
-1.626697210E+00-1.676551187E+00-1.725860053E+00-1.774581615E+00-1.822908586E+00
-1.871871781E+00-1.921696688E+00-1.972287485E+00-2.023581044E+00-2.075537224E+00
-2.128128548E+00-2.181335059E+00-2.235141506E+00-2.289535992E+00-2.344509002E+00
-2.400052922E+00-2.456161763E+00-2.512830954E+00-2.570057199E+00-2.627838483E+00
-2.686173974E+00-2.745063961E+00-2.804509860E+00-2.864514093E+00-2.925079798E+00
-2.986210464E+00-3.047908861E+00-3.110174621E+00-3.172998793E+00-3.236659225E+00
-3.300576346E+00-3.364056415E+00-3.426626281E+00-3.488206439E+00-3.548995776E+00
-3.609231585E+00-3.669075258E+00-3.728613237E+00-3.787846704E+00-3.846658486E+00
-3.904900210E+00-3.962398840E+00-4.018963278E+00-4.074390740E+00-4.128473409E+00
-4.181004451E+00-4.231783430E+00-4.280620584E+00-4.327340338E+00-4.371783585E+00
-4.413808794E+00-4.453292147E+00-4.490126505E+00-4.524219421E+00-4.555490112E+00
-4.583866494E+00-4.609281484E+00-4.631668753E+00-4.650959087E+00-4.667078677E+00
-4.679948717E+00-4.689485517E+00-4.695600601E+00-4.698200900E+00-4.697188985E+00
-4.692463516E+00-4.683919660E+00-4.671449990E+00-4.654945104E+00-4.634294494E+00
-4.609387089E+00-4.580112072E+00-4.546361705E+00-4.508037165E+00-4.465054239E+00
-4.417346987E+00-4.364871945E+00-4.307613165E+00-4.245585531E+00-4.178836340E+00
-4.107445099E+00-4.031520648E+00-3.951194907E+00-3.866611402E+00-3.777906298E+00
-3.685172448E+00-3.588339477E+00-3.486827017E+00-3.378873473E+00-3.261810259E+00
-3.138450824E+00-3.013757929E+00-2.887435648E+00-2.759693235E+00-2.630665882E+00
-2.500456233E+00-2.369151889E+00-2.236833190E+00-2.103576869E+00-1.969457741E+00
-1.834549784E+00-1.698926525E+00-1.562661442E+00-1.425828142E+00-1.288500551E+00
-1.150753103E+00-1.012660989E+00-8.743005154E-01-7.357496191E-01-5.970885694E-01
-4.584009517E-01-3.197749689E-01-1.813051598E-01-4.309459712E-02 9.474231917E-02
 2.320763956E-01 3.687594109E-01 5.046190228E-01 6.394528329E-01 7.730216108E-01
 9.050419286E-01 1.035178649E+00 1.163038050E+00 1.288162861E+00 1.410030889E+00
 1.528059209E+00 1.641615637E+00 1.750038152E+00 1.852661285E+00-1.614015752E+00
-1.662580344E+00-1.711336484E+00-1.760265391E+00-1.809451778E+00-1.859116083E+00
-1.909345651E+00-1.960136667E+00-2.011478358E+00-2.063361060E+00-2.115776033E+00
-2.168715197E+00-2.222171111E+00-2.276136858E+00-2.330606140E+00-2.385573356E+00
-2.441033547E+00-2.496982605E+00-2.553417176E+00-2.610334840E+00-2.667734065E+00
-2.725614309E+00-2.783975958E+00-2.842820448E+00-2.902150259E+00-2.961968994E+00
-3.022282060E+00-3.083097846E+00-3.144431934E+00-3.206318134E+00-3.268719225E+00
-3.330914336E+00-3.392268033E+00-3.452477373E+00-3.511612540E+00-3.569907455E+00
-3.627568891E+00-3.684721697E+00-3.741427258E+00-3.797649766E+00-3.853262145E+00
-3.908115831E+00-3.962041370E+00-4.014854738E+00-4.066363228E+00-4.116371015E+00
-4.164684269E+00-4.211115516E+00-4.255486990E+00-4.297633268E+00-4.337402763E+00
-4.374658381E+00-4.409277212E+00-4.441149467E+00-4.470176689E+00-4.496269589E+00
-4.519345329E+00-4.539324869E+00-4.556130644E+00-4.569684581E+00-4.579906519E+00
-4.586713174E+00-4.590017619E+00-4.589729210E+00-4.585753772E+00-4.577993993E+00
-4.566350120E+00-4.550720889E+00-4.531005071E+00-4.507103496E+00-4.478921448E+00
-4.446371283E+00-4.409375707E+00-4.367871646E+00-4.321814320E+00-4.271180437E+00
-4.215970987E+00-4.156213174E+00-4.091960673E+00-4.023292155E+00-3.950306812E+00
-3.873116180E+00-3.791830087E+00-3.706528136E+00-3.617206450E+00-3.523505176E+00
-3.424360451E+00-3.317396460E+00-3.202508739E+00-3.083722721E+00-2.963465686E+00
-2.841756158E+00-2.718608844E+00-2.594098580E+00-2.468316902E+00-2.341358179E+00
-2.213315903E+00-2.084282350E+00-1.954349038E+00-1.823607301E+00-1.692148935E+00
-1.560066513E+00-1.427453731E+00-1.294405640E+00-1.161018837E+00-1.027391659E+00
-8.936243947E-01-7.598195837E-01-6.260824125E-01-4.925212595E-01-3.592484543E-01
-2.263812789E-01-9.404326788E-02 3.763412335E-02 1.685094638E-01 2.984288462E-01
 4.272229401E-01 5.547036304E-01 6.806602837E-01 8.048558533E-01 9.270230428E-01
 1.046860954E+00 1.164032784E+00 1.278165266E+00 1.388850634E+00 1.495651846E+00
 1.598111500E+00 1.695764434E+00 1.788153383E+00-1.601752665E+00-1.648985598E+00
-1.697184759E+00-1.746313067E+00-1.796493171E+00-1.846919101E+00-1.897591631E+00
-1.948612390E+00-2.000026785E+00-2.051857439E+00-2.104115089E+00-2.156803900E+00
-2.209924125E+00-2.263473824E+00-2.317449783E+00-2.371848125E+00-2.426664839E+00
-2.481896050E+00-2.537538231E+00-2.593588418E+00-2.650044324E+00-2.706904457E+00
-2.764168235E+00-2.821835931E+00-2.879908822E+00-2.938389080E+00-2.997279629E+00
-3.056583610E+00-3.116302513E+00-3.176430585E+00-3.237177874E+00-3.297953453E+00
-3.358049475E+00-3.416959983E+00-3.474556410E+00-3.531001968E+00-3.586528681E+00
-3.641308947E+00-3.695437093E+00-3.748951217E+00-3.801791015E+00-3.853826718E+00
-3.904911682E+00-3.954881954E+00-4.003562057E+00-4.050769979E+00-4.096321968E+00
-4.140036692E+00-4.181738671E+00-4.221260991E+00-4.258447084E+00-4.293151815E+00
-4.325241752E+00-4.354594801E+00-4.381099156E+00-4.404651845E+00-4.425157069E+00
-4.442524219E+00-4.456666098E+00-4.467497293E+00-4.474932775E+00-4.478886821E+00
-4.479272484E+00-4.476001387E+00-4.468983889E+00-4.458129675E+00-4.443348872E+00
-4.424553373E+00-4.401658848E+00-4.374586821E+00-4.343267319E+00-4.307641592E+00
-4.267664858E+00-4.223309196E+00-4.174565866E+00-4.121446959E+00-4.063986096E+00
-4.002237570E+00-3.936273271E+00-3.866176927E+00-3.792032889E+00-3.713904731E+00
-3.631803596E+00-3.545467466E+00-3.454157024E+00-3.356026131E+00-3.249400872E+00
-3.137288814E+00-3.023619433E+00-2.908068122E+00-2.790832219E+00-2.672039167E+00
-2.551787887E+00-2.430173791E+00-2.307293999E+00-2.183247624E+00-2.058135446E+00
-1.932059792E+00-1.805124732E+00-1.677436217E+00-1.549102372E+00-1.420233718E+00
-1.290943370E+00-1.161347145E+00-1.031563674E+00-9.017144493E-01-7.719238926E-01
-6.423194226E-01-5.130316102E-01-3.841943809E-01-2.559453783E-01-1.284264734E-01
-1.784483498E-03 1.238278792E-01 2.482507981E-01 3.713158846E-01 4.928444590E-01
 6.126456484E-01 7.305143729E-01 8.462293877E-01 9.595515903E-01 1.070222850E+00
 1.177965724E+00 1.282484397E+00 1.383467199E+00 1.480590970E+00 1.573527376E+00
 1.661951060E+00 1.745549250E+00-1.592257663E+00-1.638794064E+00-1.686554337E+00
-1.735560375E+00-1.785706625E+00-1.836315982E+00-1.887149156E+00-1.938248767E+00
-1.989652388E+00-2.041384509E+00-2.093459704E+00-2.145885606E+00-2.198665102E+00
-2.251797979E+00-2.305281893E+00-2.359113318E+00-2.413288066E+00-2.467801683E+00
-2.522649885E+00-2.577828720E+00-2.633334796E+00-2.689165478E+00-2.745318965E+00
-2.801794383E+00-2.858591928E+00-2.915712878E+00-2.973159809E+00-3.030937005E+00
-3.089051383E+00-3.147515538E+00-3.206356462E+00-3.265489788E+00-3.324196177E+00
-3.381816282E+00-3.437989669E+00-3.492721434E+00-3.546214572E+00-3.598679693E+00
-3.650256758E+00-3.701015236E+00-3.750973301E+00-3.800058231E+00-3.848140800E+00
-3.895078334E+00-3.940713761E+00-3.984881019E+00-4.027409124E+00-4.068126181E+00
-4.106862757E+00-4.143454610E+00-4.177744709E+00-4.209584623E+00-4.238835167E+00
-4.265366649E+00-4.289058331E+00-4.309797747E+00-4.327479563E+00-4.342004393E+00
-4.353277464E+00-4.361207510E+00-4.365705802E+00-4.366685318E+00-4.364060526E+00
-4.357747233E+00-4.347663067E+00-4.333728174E+00-4.315866422E+00-4.294006832E+00
-4.268085439E+00-4.238047272E+00-4.203848421E+00-4.165458076E+00-4.122860388E+00
-4.076055839E+00-4.025061833E+00-3.969912257E+00-3.910655266E+00-3.847349379E+00
-3.780052842E+00-3.708811385E+00-3.633626192E+00-3.554280316E+00-3.470213697E+00
-3.380032498E+00-3.281900404E+00-3.177480169E+00-3.069635815E+00-2.960039629E+00
-2.848716318E+00-2.735676811E+00-2.620991098E+00-2.504747344E+00-2.387039588E+00
-2.267965702E+00-2.147627109E+00-2.026128734E+00-1.903579008E+00-1.780089986E+00
-1.655777421E+00-1.530760948E+00-1.405164248E+00-1.279115166E+00-1.152745781E+00
-1.026192408E+00-8.995955255E-01-7.730996271E-01-6.468530256E-01-5.210076185E-01
-3.957186267E-01-2.711443693E-01-1.474460598E-01-2.478771114E-02 9.666385783E-02
 2.167388617E-01 3.352642220E-01 4.520630732E-01 5.669541033E-01 6.797507856E-01
 7.902605694E-01 8.982841315E-01 1.003614824E+00 1.106038508E+00 1.205333949E+00
 1.301273959E+00 1.393627454E+00 1.482162541E+00 1.566650623E+00 1.646871477E+00
 1.722619054E+00-1.584744800E+00-1.630779098E+00-1.678174884E+00-1.726947036E+00
-1.777020114E+00-1.827568309E+00-1.878346747E+00-1.929373457E+00-1.980664523E+00
-2.032231784E+00-2.084082610E+00-2.136220238E+00-2.188644745E+00-2.241353689E+00
-2.294342884E+00-2.347607081E+00-2.401140349E+00-2.454936603E+00-2.508989857E+00
-2.563294472E+00-2.617845506E+00-2.672638716E+00-2.727670826E+00-2.782939513E+00
-2.838443574E+00-2.894182912E+00-2.950158478E+00-3.006372033E+00-3.062825614E+00
-3.119519704E+00-3.176448257E+00-3.233782375E+00-3.290943900E+00-3.347217351E+00
-3.402047416E+00-3.455221935E+00-3.506836515E+00-3.557102154E+00-3.606202179E+00
-3.654248687E+00-3.701291012E+00-3.747332468E+00-3.792297813E+00-3.836060360E+00
-3.878483073E+00-3.919416786E+00-3.958705495E+00-3.996189473E+00-4.031708529E+00
-4.065104817E+00-4.096224947E+00-4.124921517E+00-4.151054256E+00-4.174490527E+00
-4.195105387E+00-4.212781331E+00-4.227407892E+00-4.238880819E+00-4.247101484E+00
-4.251976119E+00-4.253415338E+00-4.251333766E+00-4.245649940E+00-4.236286585E+00
-4.223170979E+00-4.206235920E+00-4.185420623E+00-4.160672091E+00-4.131946494E+00
-4.099210444E+00-4.062442278E+00-4.021633044E+00-3.976786732E+00-3.927919698E+00
-3.875059341E+00-3.818240094E+00-3.757492941E+00-3.692847413E+00-3.624265880E+00
-3.551537013E+00-3.474169409E+00-3.391003305E+00-3.300357655E+00-3.203044169E+00
-3.101849437E+00-2.998733575E+00-2.893499925E+00-2.786308639E+00-2.677269974E+00
-2.566472772E+00-2.454005550E+00-2.339960736E+00-2.224435120E+00-2.107529907E+00
-1.989350976E+00-1.870009064E+00-1.749620055E+00-1.628305230E+00-1.506191508E+00
-1.383411674E+00-1.260104553E+00-1.136415115E+00-1.012494457E+00-8.884996991E-01
-7.645937193E-01-6.409447756E-01-5.177259779E-01-3.951146464E-01-2.732915682E-01
-1.524401712E-01-3.274567001E-02 8.560578120E-02 2.024278912E-01 3.175349398E-01
 4.307423521E-01 5.418671244E-01 6.507280919E-01 7.571460410E-01 8.609437210E-01
 9.619457976E-01 1.059978851E+00 1.154871512E+00 1.246454844E+00 1.334563087E+00
 1.419034865E+00 1.499714908E+00 1.576456291E+00 1.649123183E+00 1.717593990E+00
-1.578992081E+00-1.624632434E+00-1.671719133E+00-1.720243452E+00-1.770243467E+00
-1.820636927E+00-1.871264212E+00-1.922134804E+00-1.973248554E+00-2.024604352E+00
-2.076199574E+00-2.128029899E+00-2.180089320E+00-2.232370591E+00-2.284865437E+00
-2.337565021E+00-2.390460316E+00-2.443542347E+00-2.496802533E+00-2.550232850E+00
-2.603826167E+00-2.657576227E+00-2.711477952E+00-2.765527388E+00-2.819721902E+00
-2.874060194E+00-2.928542303E+00-2.983169799E+00-3.037945957E+00-3.092876590E+00
-3.147972722E+00-3.203258151E+00-3.258632753E+00-3.313397846E+00-3.366872033E+00
-3.418617099E+00-3.468538173E+00-3.516776961E+00-3.563533686E+00-3.608964354E+00
-3.653158062E+00-3.696147480E+00-3.737926037E+00-3.778423532E+00-3.817519302E+00
-3.855082300E+00-3.890972836E+00-3.925045426E+00-3.957151931E+00-3.987144116E+00
-4.014875917E+00-4.040205124E+00-4.062994682E+00-4.083113583E+00-4.100437329E+00
-4.114848163E+00-4.126234959E+00-4.134493138E+00-4.139524302E+00-4.141236119E+00
-4.139542032E+00-4.134361334E+00-4.125619308E+00-4.113247474E+00-4.097184155E+00
-4.077375037E+00-4.053774001E+00-4.026343903E+00-3.995057207E+00-3.959896376E+00
-3.920853564E+00-3.877930436E+00-3.831136332E+00-3.780481581E+00-3.725975385E+00
-3.667623482E+00-3.605329392E+00-3.538874018E+00-3.467774073E+00-3.390981138E+00
-3.307053124E+00-3.216523873E+00-3.121836747E+00-3.025141528E+00-2.926150212E+00
-2.825004407E+00-2.721782552E+00-2.616578065E+00-2.509484382E+00-2.400593215E+00
-2.289996936E+00-2.177790608E+00-2.064073326E+00-1.948949030E+00-1.832527281E+00
-1.714923786E+00-1.596260999E+00-1.476668594E+00-1.356283910E+00-1.235252327E+00
-1.113727537E+00-9.918716997E-01-8.698554292E-01-7.478576039E-01-6.260649478E-01
-5.046713916E-01-3.838771903E-01-2.638877943E-01-1.449125101E-01-2.716295385E-02
 8.914861655E-02 2.038110621E-01 3.166161309E-01 4.273601594E-01 5.358456440E-01
 6.418826167E-01 7.452897830E-01 8.458953874E-01 9.435378264E-01 1.038065997E+00
 1.129339469E+00 1.217228506E+00 1.301614044E+00 1.382387684E+00 1.459451826E+00
 1.532719953E+00 1.602117169E+00 1.667580981E+00 1.729062331E+00-1.575130240E+00
-1.620530089E+00-1.667362236E+00-1.715656283E+00-1.765274998E+00-1.815465444E+00
-1.865915948E+00-1.916604937E+00-1.967520374E+00-2.018650350E+00-2.069982702E+00
-2.121504698E+00-2.173203122E+00-2.225064354E+00-2.277074693E+00-2.329220440E+00
-2.381488244E+00-2.433865315E+00-2.486339660E+00-2.538900233E+00-2.591537093E+00
-2.644241619E+00-2.697006583E+00-2.749826190E+00-2.802696235E+00-2.855614046E+00
-2.908578555E+00-2.961590151E+00-3.014650500E+00-3.067761791E+00-3.120925052E+00
-3.174135457E+00-3.227546048E+00-3.280611978E+00-3.332628014E+00-3.382993309E+00
-3.431392210E+00-3.477815125E+00-3.522421199E+00-3.565391936E+00-3.606859239E+00
-3.646893988E+00-3.685515734E+00-3.722710760E+00-3.758418530E+00-3.792532122E+00
-3.824925952E+00-3.855471219E+00-3.884033797E+00-3.910477772E+00-3.934667737E+00
-3.956470262E+00-3.975755480E+00-3.992398234E+00-4.006278832E+00-4.017283646E+00
-4.025305307E+00-4.030242995E+00-4.032002480E+00-4.030496274E+00-4.025643612E+00
-4.017370746E+00-4.005611134E+00-3.990305830E+00-3.971403640E+00-3.948861354E+00
-3.922643859E+00-3.892724396E+00-3.859084770E+00-3.821713237E+00-3.780599898E+00
-3.735737096E+00-3.687123361E+00-3.634701974E+00-3.578334912E+00-3.517774710E+00
-3.452504404E+00-3.381523397E+00-3.303673824E+00-3.219569594E+00-3.131279956E+00
-3.040901323E+00-2.948099092E+00-2.853006848E+00-2.755680205E+00-2.656192814E+00
-2.554620460E+00-2.451043015E+00-2.345543471E+00-2.238207554E+00-2.129124321E+00
-2.018386976E+00-1.906093778E+00-1.792349012E+00-1.677263819E+00-1.560957029E+00
-1.443555973E+00-1.325197229E+00-1.206027320E+00-1.086203331E+00-9.658933849E-01
-8.452769478E-01-7.245449337E-01-6.038995084E-01-4.835536075E-01-3.637300567E-01
-2.446603145E-01-1.265828089E-01-9.740864097E-03 1.056197243E-01 2.192534109E-01
 3.309178159E-01 4.403767336E-01 5.474030810E-01 6.517816922E-01 7.533117927E-01
 8.518091037E-01 9.471074680E-01 1.039059954E+00 1.127539464E+00 1.212438799E+00
 1.293670310E+00 1.371165133E+00 1.444872145E+00 1.514756744E+00 1.580799536E+00
 1.642995088E+00 1.701350796E+00 1.755885980E+00-1.572589770E+00-1.617753328E+00
-1.664381346E+00-1.712492446E+00-1.761981818E+00-1.812019167E+00-1.862311550E+00
-1.912835238E+00-1.963568905E+00-2.014491236E+00-2.065580985E+00-2.116816916E+00
-2.168177985E+00-2.219643535E+00-2.271193395E+00-2.322808188E+00-2.374469409E+00
-2.426159715E+00-2.477863042E+00-2.529564722E+00-2.581251715E+00-2.632912567E+00
-2.684537650E+00-2.736119172E+00-2.787651225E+00-2.839129932E+00-2.890553434E+00
-2.941921885E+00-2.993237689E+00-3.044505553E+00-3.095733093E+00-3.146932634E+00
-3.198126264E+00-3.249210937E+00-3.299548601E+00-3.348457683E+00-3.395424767E+00
-3.440231994E+00-3.482919089E+00-3.523643219E+00-3.562564421E+00-3.599794500E+00
-3.635390812E+00-3.669364230E+00-3.701693863E+00-3.732329622E+00-3.761185279E+00
-3.788148310E+00-3.813098151E+00-3.835914082E+00-3.856474239E+00-3.874656645E+00
-3.890341838E+00-3.903414195E+00-3.913762608E+00-3.921281296E+00-3.925870253E+00
-3.927435812E+00-3.925890871E+00-3.921155170E+00-3.913155385E+00-3.901825403E+00
-3.887106588E+00-3.868948113E+00-3.847306962E+00-3.822146549E+00-3.793434322E+00
-3.761141428E+00-3.725249749E+00-3.685740878E+00-3.642559258E+00-3.595601689E+00
-3.544707978E+00-3.489572257E+00-3.429614976E+00-3.363879405E+00-3.291580421E+00
-3.213581296E+00-3.131578810E+00-3.047394649E+00-2.960700565E+00-2.871618439E+00
-2.780186212E+00-2.686461260E+00-2.590501830E+00-2.492370259E+00-2.392132623E+00
-2.289858796E+00-2.185622605E+00-2.079501965E+00-1.971579579E+00-1.861943463E+00
-1.750687986E+00-1.637914742E+00-1.523733602E+00-1.408263779E+00-1.291634894E+00
-1.173988077E+00-1.055477003E+00-9.362688734E-01-8.165452448E-01-6.965026896E-01
-5.763531588E-01-4.563240008E-01-3.366575233E-01-2.176100144E-01-9.945016108E-02
 1.754321274E-02 1.330840694E-01 2.468827239E-01 3.586499538E-01 4.681015023E-01
 5.749627834E-01 6.789735579E-01 7.798923671E-01 8.775004911E-01 9.716052473E-01
 1.062042531E+00 1.148678451E+00 1.231410084E+00 1.310165292E+00 1.384901693E+00
 1.455604834E+00 1.522285706E+00 1.584977764E+00 1.643733606E+00 1.698621573E+00
 1.749722455E+00 1.797126474E+00-1.571369648E+00-1.616328066E+00-1.662812228E+00
-1.710798080E+00-1.760339737E+00-1.810282723E+00-1.860467524E+00-1.910875690E+00
-1.961477024E+00-2.012240908E+00-2.063136808E+00-2.114134536E+00-2.165204675E+00
-2.216318763E+00-2.267449572E+00-2.318571294E+00-2.369659765E+00-2.420692526E+00
-2.471648961E+00-2.522510447E+00-2.573260418E+00-2.623884379E+00-2.674370104E+00
-2.724707554E+00-2.774889096E+00-2.824909459E+00-2.874765833E+00-2.924458024E+00
-2.973988473E+00-3.023362472E+00-3.072588274E+00-3.121677176E+00-3.170643092E+00
-3.219499992E+00-3.267896432E+00-3.315155684E+00-3.360652177E+00-3.403967092E+00
-3.444956166E+00-3.483682239E+00-3.520290370E+00-3.554919975E+00-3.587667206E+00
-3.618580426E+00-3.647667039E+00-3.674902320E+00-3.700240615E+00-3.723614453E+00
-3.744935280E+00-3.764100612E+00-3.781001044E+00-3.795527599E+00-3.807574148E+00
-3.817037451E+00-3.823817869E+00-3.827820066E+00-3.828953824E+00-3.827134774E+00
-3.822284631E+00-3.814331275E+00-3.803208493E+00-3.788855751E+00-3.771218386E+00
-3.750249235E+00-3.725910278E+00-3.698164603E+00-3.666963496E+00-3.632236210E+00
-3.593894154E+00-3.551811878E+00-3.505777766E+00-3.455423516E+00-3.400125783E+00
-3.339054101E+00-3.271911709E+00-3.199785821E+00-3.123942638E+00-3.045817484E+00
-2.965130281E+00-2.881985918E+00-2.796410167E+00-2.708447363E+00-2.618141143E+00
-2.525538322E+00-2.430688352E+00-2.333643878E+00-2.234460825E+00-2.133198854E+00
-2.029921736E+00-1.924697865E+00-1.817600983E+00-1.708711008E+00-1.598115039E+00
-1.485908474E+00-1.372196281E+00-1.257094332E+00-1.140730869E+00-1.023248011E+00
-9.048032949E-01-7.855712050E-01-6.657445946E-01-5.455359557E-01-4.251783626E-01
-3.049260224E-01-1.850541964E-01-6.585840219E-02 5.234733586E-02 1.692332752E-01
 2.844578810E-01 3.976728736E-01 5.085292722E-01 6.166842076E-01 7.218081420E-01
 8.235921240E-01 9.217546306E-01 1.016047640E+00 1.106261617E+00 1.192229238E+00
 1.273827687E+00 1.350979513E+00 1.423652032E+00 1.491855312E+00 1.555638843E+00
 1.615087036E+00 1.670313771E+00 1.721456310E+00 1.768668964E+00 1.812116907E+00
 1.851970536E+00-1.571823333E+00-1.616731593E+00-1.663134796E+00-1.711056809E+00
-1.760355101E+00-1.810247995E+00-1.860405103E+00-1.910779513E+00-1.961330533E+00
-2.012016985E+00-2.062797863E+00-2.113632997E+00-2.164483632E+00-2.215312778E+00
-2.266085478E+00-2.316769063E+00-2.367333207E+00-2.417750026E+00-2.467994156E+00
-2.518042752E+00-2.567875563E+00-2.617474918E+00-2.666825761E+00-2.715915748E+00
-2.764735250E+00-2.813277464E+00-2.861538458E+00-2.909517282E+00-2.957216086E+00
-3.004640257E+00-3.051798458E+00-3.098702682E+00-3.145368102E+00-3.191812681E+00
-3.237974198E+00-3.283299939E+00-3.327139859E+00-3.368939538E+00-3.408364274E+00
-3.445318403E+00-3.479869434E+00-3.512144985E+00-3.542265564E+00-3.570315654E+00
-3.596338815E+00-3.620343496E+00-3.642309467E+00-3.662194195E+00-3.679939684E+00
-3.695476700E+00-3.708725331E+00-3.719598729E+00-3.728007062E+00-3.733860534E+00
-3.737071408E+00-3.737555372E+00-3.735232631E+00-3.730028410E+00-3.721873260E+00
-3.710702616E+00-3.696455460E+00-3.679071607E+00-3.658488197E+00-3.634637118E+00
-3.607445650E+00-3.576825644E+00-3.542653766E+00-3.504745060E+00-3.462811427E+00
-3.416405467E+00-3.364918873E+00-3.307875588E+00-3.245642129E+00-3.179255853E+00
-3.109434549E+00-3.037230203E+00-2.962431294E+00-2.885125503E+00-2.805333642E+00
-2.723091557E+00-2.638432656E+00-2.551391779E+00-2.462004908E+00-2.370309617E+00
-2.276345473E+00-2.180154389E+00-2.081781107E+00-1.981273625E+00-1.878683844E+00
-1.774068259E+00-1.667488796E+00-1.559013816E+00-1.448719287E+00-1.336690126E+00
-1.223021735E+00-1.107821707E+00-9.912117309E-01-8.733296537E-01-7.543316844E-01
-6.343947095E-01-5.137186256E-01-3.925286032E-01-2.710771247E-01-1.496455888E-01
-2.854523867E-02 9.188290084E-02 2.112694115E-01 3.292195297E-01 4.453180844E-01
 5.591364800E-01 6.702415535E-01 7.782059493E-01 8.826193891E-01 9.831000147E-01
 1.079305034E+00 1.170939962E+00 1.257765991E+00 1.339605261E+00 1.416343941E+00
 1.487933149E+00 1.554387754E+00 1.615783075E+00 1.672249503E+00 1.723965174E+00
 1.771146935E+00 1.814040075E+00 1.852907526E+00 1.888019334E+00 1.919643222E+00
-1.573354611E+00-1.618209898E+00-1.664603327E+00-1.712551829E+00-1.761926857E+00
-1.811900156E+00-1.862144286E+00-1.912603268E+00-1.963223023E+00-2.013948966E+00
-2.064727325E+00-2.115506206E+00-2.166236296E+00-2.216871186E+00-2.267367762E+00
-2.317686126E+00-2.367789733E+00-2.417645235E+00-2.467222500E+00-2.516494478E+00
-2.565437237E+00-2.614029871E+00-2.662254533E+00-2.710096399E+00-2.757543765E+00
-2.804588066E+00-2.851223956E+00-2.897449475E+00-2.943266156E+00-2.988679269E+00
-3.033697902E+00-3.078335366E+00-3.122609489E+00-3.166543136E+00-3.210165373E+00
-3.253196703E+00-3.295048933E+00-3.335125517E+00-3.372947510E+00-3.408245046E+00
-3.440948233E+00-3.471116401E+00-3.498856631E+00-3.524271718E+00-3.547436980E+00
-3.568394602E+00-3.587156695E+00-3.603711128E+00-3.618026743E+00-3.630057869E+00
-3.639748019E+00-3.647033154E+00-3.651844562E+00-3.654110954E+00-3.653760033E+00
-3.650719543E+00-3.644917924E+00-3.636284603E+00-3.624749514E+00-3.610241794E+00
-3.592686860E+00-3.572001545E+00-3.548086638E+00-3.520816149E+00-3.490019269E+00
-3.455452058E+00-3.416764642E+00-3.373497511E+00-3.325207510E+00-3.271848482E+00
-3.214059718E+00-3.152584293E+00-3.088901617E+00-3.022577891E+00-2.953566572E+00
-2.881982915E+00-2.807866585E+00-2.731257307E+00-2.652186314E+00-2.570682287E+00
-2.486772371E+00-2.400483095E+00-2.311841063E+00-2.220873481E+00-2.127608543E+00
-2.032076011E+00-1.934307663E+00-1.834337845E+00-1.732204190E+00-1.627948386E+00
-1.521617114E+00-1.413263170E+00-1.302946774E+00-1.190737125E+00-1.076714199E+00
-9.609708299E-01-8.436150907E-01-7.247729932E-01-6.045915134E-01-4.832419258E-01
-3.609234084E-01-2.378668227E-01-1.143385280E-01 9.356040720E-03 1.328693629E-01
 2.558099242E-01 3.777420473E-01 4.981881902E-01 6.166344916E-01 7.325400343E-01
 8.453499532E-01 9.545117725E-01 1.059493705E+00 1.159803170E+00 1.255003736E+00
 1.344729168E+00 1.428693929E+00 1.506700055E+00 1.578640816E+00 1.644501472E+00
 1.704357386E+00 1.758369365E+00 1.806775968E+00 1.849882484E+00 1.888046608E+00
 1.921661441E+00 1.951137099E+00 1.976882779E+00 1.999291092E+00-1.575870511E+00
-1.620670190E+00-1.667141555E+00-1.715227511E+00-1.764990681E+00-1.815205396E+00
-1.865697564E+00-1.916407637E+00-1.967262192E+00-2.018188379E+00-2.069116213E+00
-2.119979831E+00-2.170718137E+00-2.221274879E+00-2.271598707E+00-2.321642807E+00
-2.371364703E+00-2.420725990E+00-2.469692138E+00-2.518232241E+00-2.566318918E+00
-2.613928238E+00-2.661039546E+00-2.707635576E+00-2.753702397E+00-2.799229467E+00
-2.844209772E+00-2.888639900E+00-2.932520241E+00-2.975855289E+00-3.018653783E+00
-3.060929229E+00-3.102700152E+00-3.143990677E+00-3.184830721E+00-3.225199319E+00
-3.264652249E+00-3.302622574E+00-3.338584185E+00-3.372133379E+00-3.403048072E+00
-3.431267615E+00-3.456834851E+00-3.479834167E+00-3.500350707E+00-3.518450876E+00
-3.534176122E+00-3.547543496E+00-3.558549298E+00-3.567172853E+00-3.573380443E+00
-3.577128219E+00-3.578364579E+00-3.577031953E+00-3.573067812E+00-3.566404994E+00
-3.556971222E+00-3.544687554E+00-3.529465301E+00-3.511200368E+00-3.489764925E+00
-3.464994710E+00-3.436672410E+00-3.404514865E+00-3.368184526E+00-3.327370757E+00
-3.282012869E+00-3.232522104E+00-3.179490084E+00-3.123222118E+00-3.064619164E+00
-3.003459684E+00-2.939813940E+00-2.873661024E+00-2.804996479E+00-2.733840825E+00
-2.660216075E+00-2.584144105E+00-2.505645030E+00-2.424737276E+00-2.341437916E+00
-2.255762934E+00-2.167727737E+00-2.077347438E+00-1.984637307E+00-1.889613119E+00
-1.792291725E+00-1.692691528E+00-1.590833167E+00-1.486740295E+00-1.380440523E+00
-1.271966559E+00-1.161357587E+00-1.048660931E+00-9.339340299E-01-8.172468105E-01
-6.986844941E-01-5.783509016E-01-4.563723372E-01-3.329020878E-01-2.081255754E-01
-8.226617993E-02 4.440834627E-02 1.715790693E-01 2.988690314E-01 4.258370583E-01
 5.519732758E-01 6.766978807E-01 7.993650765E-01 9.192741503E-01 1.035688869E+00
 1.147864682E+00 1.255080960E+00 1.356673594E+00 1.452063334E+00 1.540776782E+00
 1.622459611E+00 1.696883322E+00 1.763947691E+00 1.823680516E+00 1.876235376E+00
 1.921886908E+00 1.961022165E+00 1.994126167E+00 2.021760288E+00 2.044533511E+00
 2.063069453E+00 2.077973572E+00 2.089805888E+00-1.579667924E+00-1.624576860E+00
-1.671195856E+00-1.719543793E+00-1.769457925E+00-1.820094357E+00-1.871067129E+00
-1.922265299E+00-1.973584825E+00-2.024927446E+00-2.076202984E+00-2.127330131E+00
-2.178235972E+00-2.228855244E+00-2.279129467E+00-2.329006167E+00-2.378438104E+00
-2.427382879E+00-2.475802378E+00-2.523662497E+00-2.570932930E+00-2.617587015E+00
-2.663601556E+00-2.708956905E+00-2.753636806E+00-2.797628545E+00-2.840923056E+00
-2.883514951E+00-2.925402815E+00-2.966589420E+00-3.007082090E+00-3.046893129E+00
-3.086040443E+00-3.124548388E+00-3.162449149E+00-3.199784794E+00-3.236357600E+00
-3.271715031E+00-3.305342314E+00-3.336787225E+00-3.365712581E+00-3.391929534E+00
-3.415375939E+00-3.436072648E+00-3.454078740E+00-3.469459828E+00-3.482270749E+00
-3.492548725E+00-3.500311934E+00-3.505560529E+00-3.508278912E+00-3.508437572E+00
-3.505994364E+00-3.500895167E+00-3.493073149E+00-3.482446965E+00-3.468917287E+00
-3.452361769E+00-3.432628648E+00-3.409529152E+00-3.382838350E+00-3.352317846E+00
-3.317775903E+00-3.279196496E+00-3.236862976E+00-3.191148878E+00-3.142266904E+00
-3.091160858E+00-3.037530472E+00-2.981327341E+00-2.922641821E+00-2.861494646E+00
-2.797906801E+00-2.731887975E+00-2.663445802E+00-2.592589797E+00-2.519330112E+00
-2.443676476E+00-2.365637453E+00-2.285220194E+00-2.202430278E+00-2.117271853E+00
-2.029747709E+00-1.939859513E+00-1.847608021E+00-1.752993469E+00-1.656015828E+00
-1.556675292E+00-1.454972807E+00-1.350910741E+00-1.244493714E+00-1.135729633E+00
-1.024630981E+00-9.112164188E-01-7.955127668E-01-6.775574555E-01-5.574015361E-01
-4.351133827E-01-3.107832271E-01-1.845286699E-01-5.650136412E-02 7.310493415E-02
 2.040447779E-01 3.360097700E-01 4.686156850E-01 6.013883502E-01 7.337494289E-01
 8.650044379E-01 9.943372711E-01 1.120817435E+00 1.243426645E+00 1.361107684E+00
 1.472829525E+00 1.577653652E+00 1.674785332E+00 1.763602123E+00 1.843662680E+00
 1.914704400E+00 1.976637929E+00 2.029543300E+00 2.073669362E+00 2.109434566E+00
 2.137425284E+00 2.158384515E+00 2.173183493E+00 2.182771682E+00 2.188109644E+00
 2.190100008E+00 2.189534641E+00-1.583837000E+00-1.628775854E+00-1.675643243E+00
-1.724459543E+00-1.775030244E+00-1.826447034E+00-1.878257916E+00-1.930290508E+00
-1.982393218E+00-2.034435355E+00-2.086306179E+00-2.137911457E+00-2.189170195E+00
-2.240011801E+00-2.290373918E+00-2.340201052E+00-2.389443460E+00-2.438056343E+00
-2.485999358E+00-2.533236172E+00-2.579734309E+00-2.625464819E+00-2.670402320E+00
-2.714524817E+00-2.757813766E+00-2.800254073E+00-2.841834190E+00-2.882546267E+00
-2.922386217E+00-2.961354079E+00-2.999454231E+00-3.036695801E+00-3.073093185E+00
-3.108666613E+00-3.143442826E+00-3.177455579E+00-3.210720006E+00-3.242902663E+00
-3.273583513E+00-3.302324108E+00-3.328750934E+00-3.352585212E+00-3.373662275E+00
-3.391913005E+00-3.407333293E+00-3.419952883E+00-3.429811964E+00-3.436945918E+00
-3.441377456E+00-3.443112875E+00-3.442140529E+00-3.438429802E+00-3.431930430E+00
-3.422571203E+00-3.410257810E+00-3.394870154E+00-3.376264086E+00-3.354282109E+00
-3.328780698E+00-3.299669611E+00-3.266979504E+00-3.230918992E+00-3.191729630E+00
-3.149511947E+00-3.105140842E+00-3.058330693E+00-3.009026995E+00-2.957315704E+00
-2.903200443E+00-2.846685650E+00-2.787789869E+00-2.726528078E+00-2.662912116E+00
-2.596949929E+00-2.528646710E+00-2.458005888E+00-2.385029226E+00-2.309716822E+00
-2.232066796E+00-2.152075253E+00-2.069736069E+00-1.985040894E+00-1.897979190E+00
-1.808538280E+00-1.716703410E+00-1.622457905E+00-1.525783361E+00-1.426659879E+00
-1.325066400E+00-1.220981138E+00-1.114382165E+00-1.005248176E+00-8.935594735E-01
-7.792992941E-01-6.624554782E-01-5.430226738E-01-4.210051399E-01-2.964203665E-01
-1.693036969E-01-3.971422475E-02 9.225767028E-02 2.264807264E-01 3.627705597E-01
 5.008740374E-01 6.404493578E-01 7.810408069E-01 9.220473672E-01 1.062685663E+00
 1.201951654E+00 1.338594799E+00 1.471132905E+00 1.597941840E+00 1.717420764E+00
 1.828167230E+00 1.929080466E+00 2.019375444E+00 2.098547507E+00 2.166329365E+00
 2.222661024E+00 2.267678358E+00 2.301719596E+00 2.325347081E+00 2.339377542E+00
 2.344907125E+00 2.343301243E+00 2.336111289E+00 2.324907859E+00 2.311091070E+00
 2.295770884E+00-1.587707768E+00-1.632454027E+00-1.679675996E+00-1.729321833E+00
-1.781291517E+00-1.834112240E+00-1.887350388E+00-1.940728753E+00-1.994037246E+00
-2.047123947E+00-2.099873002E+00-2.152190954E+00-2.203999131E+00-2.255229190E+00
-2.305820482E+00-2.355718478E+00-2.404873669E+00-2.453241005E+00-2.500779385E+00
-2.547451374E+00-2.593222984E+00-2.638063618E+00-2.681945935E+00-2.724845791E+00
-2.766742336E+00-2.807617938E+00-2.847458295E+00-2.886252498E+00-2.923993185E+00
-2.960676653E+00-2.996303117E+00-3.030876936E+00-3.064406984E+00-3.096907233E+00
-3.128397409E+00-3.158904271E+00-3.188464017E+00-3.216945442E+00-3.244027662E+00
-3.269339352E+00-3.292517481E+00-3.313263039E+00-3.331347338E+00-3.346623383E+00
-3.359012365E+00-3.368482915E+00-3.375029877E+00-3.378657379E+00-3.379366621E+00
-3.377147839E+00-3.371975203E+00-3.363803795E+00-3.352571377E+00-3.338205265E+00
-3.320635352E+00-3.299802790E+00-3.275687524E+00-3.248339662E+00-3.217933426E+00
-3.184614840E+00-3.148419095E+00-3.110076127E+00-3.069362907E+00-3.026238120E+00
-2.980787048E+00-2.933015696E+00-2.882928966E+00-2.830544570E+00-2.775874967E+00
-2.718930098E+00-2.659719496E+00-2.598250854E+00-2.534529248E+00-2.468556889E+00
-2.400333038E+00-2.329854209E+00-2.257114259E+00-2.182104197E+00-2.104812260E+00
-2.025223762E+00-1.943320952E+00-1.859082908E+00-1.772485521E+00-1.683501362E+00
-1.592099629E+00-1.498246096E+00-1.401903072E+00-1.303029392E+00-1.201580461E+00
-1.097508331E+00-9.907618959E-01-8.812872014E-01-7.690279194E-01-6.539260698E-01
-5.359230674E-01-4.149611878E-01-2.909856111E-01-1.639472327E-01-3.380645805E-02
 9.946166530E-02 2.358605752E-01 3.753629871E-01 5.178985102E-01 6.633368794E-01
 8.114648628E-01 9.619537500E-01 1.114312144E+00 1.267815149E+00 1.421395959E+00
 1.573486446E+00 1.721841185E+00 1.863572329E+00 1.995738057E+00 2.116101531E+00
 2.223294076E+00 2.316560817E+00 2.395514907E+00 2.459999120E+00 2.510025179E+00
 2.545761531E+00 2.567556440E+00 2.575995834E+00 2.572005611E+00 2.557011601E+00
 2.533134442E+00 2.503216025E+00 2.470282289E+00 2.436688781E+00 2.403838754E+00
-1.590029689E+00-1.633771981E+00-1.681337609E+00-1.732857150E+00-1.787476659E+00
-1.843140142E+00-1.898801677E+00-1.954186309E+00-2.009162148E+00-2.063635693E+00
-2.117529821E+00-2.170776598E+00-2.223314131E+00-2.275085143E+00-2.326036191E+00
-2.376117320E+00-2.425281755E+00-2.473485799E+00-2.520688761E+00-2.566852894E+00
-2.611943358E+00-2.655928180E+00-2.698778353E+00-2.740467737E+00-2.780973138E+00
-2.820274267E+00-2.858353899E+00-2.895197772E+00-2.930794743E+00-2.965136753E+00
-2.998218976E+00-3.030039823E+00-3.060601057E+00-3.089907776E+00-3.117968446E+00
-3.144794693E+00-3.170400606E+00-3.194800388E+00-3.217740894E+00-3.238938851E+00
-3.258088817E+00-3.274897653E+00-3.289126497E+00-3.300592061E+00-3.309161514E+00
-3.314746516E+00-3.317291377E+00-3.316760191E+00-3.313128019E+00-3.306377171E+00
-3.296496233E+00-3.283474585E+00-3.267313993E+00-3.248053268E+00-3.225822353E+00
-3.200724567E+00-3.172822461E+00-3.142142115E+00-3.109249207E+00-3.074003039E+00
-3.036390688E+00-2.996499815E+00-2.954350397E+00-2.909959003E+00-2.863351754E+00
-2.814547812E+00-2.763562466E+00-2.710409398E+00-2.655099651E+00-2.597641500E+00
-2.538040545E+00-2.476299441E+00-2.412417761E+00-2.346391745E+00-2.278214206E+00
-2.207874525E+00-2.135358536E+00-2.060648509E+00-1.983723053E+00-1.904556997E+00
-1.823121186E+00-1.739382406E+00-1.653303141E+00-1.564841389E+00-1.473950414E+00
-1.380578497E+00-1.284668632E+00-1.186158233E+00-1.084978790E+00-9.810555283E-01
-8.743070785E-01-7.646451579E-01-6.519743244E-01-5.361918287E-01-4.171876335E-01
-2.948446873E-01-1.690395793E-01-3.964370273E-02 9.347482176E-02 2.304482275E-01
 3.714048161E-01 5.164628388E-01 6.657219446E-01 8.192512927E-01 9.770730389E-01
 1.139138918E+00 1.305295571E+00 1.475229020E+00 1.648363631E+00 1.823636747E+00
 1.998784166E+00 2.167247978E+00 2.319729564E+00 2.453789107E+00 2.569315945E+00
 2.666459067E+00 2.745378879E+00 2.806214334E+00 2.849083070E+00 2.874102126E+00
 2.881434115E+00 2.871356925E+00 2.844365041E+00 2.801373899E+00 2.744342317E+00
 2.679074879E+00 2.615886998E+00 2.558112321E+00 2.505677351E+00-1.592253162E+00
-1.633962886E+00-1.681904451E+00-1.736229371E+00-1.795815179E+00-1.855541105E+00
-1.914185177E+00-1.971917517E+00-2.028809719E+00-2.084870893E+00-2.140081215E+00
-2.194406912E+00-2.247807408E+00-2.300238929E+00-2.351656734E+00-2.402016352E+00
-2.451274300E+00-2.499388667E+00-2.546319457E+00-2.592028808E+00-2.636481182E+00
-2.679643424E+00-2.721484861E+00-2.761977376E+00-2.801095469E+00-2.838816216E+00
-2.875119349E+00-2.909987158E+00-2.943404626E+00-2.975359233E+00-3.005840963E+00
-3.034842143E+00-3.062357229E+00-3.088382677E+00-3.112916451E+00-3.135957642E+00
-3.157506228E+00-3.177562967E+00-3.196016149E+00-3.212623095E+00-3.227136628E+00
-3.239315369E+00-3.248936304E+00-3.255811341E+00-3.259795286E+00-3.260784916E+00
-3.258713498E+00-3.253540706E+00-3.245255031E+00-3.233885617E+00-3.219525201E+00
-3.202227518E+00-3.182028842E+00-3.158945118E+00-3.133554505E+00-3.105741766E+00
-3.075490566E+00-3.042843225E+00-3.007902752E+00-2.970714469E+00-2.931316357E+00
-2.889750890E+00-2.846052113E+00-2.800248609E+00-2.752365819E+00-2.702424980E+00
-2.650443435E+00-2.596434729E+00-2.540408745E+00-2.482371565E+00-2.422325556E+00
-2.360269165E+00-2.296196949E+00-2.230099433E+00-2.161963012E+00-2.091769976E+00
-2.019498353E+00-1.945121866E+00-1.868609825E+00-1.789926954E+00-1.709033231E+00
-1.625883652E+00-1.540427956E+00-1.452610281E+00-1.362368779E+00-1.269635149E+00
-1.174334078E+00-1.076382617E+00-9.756894572E-01-8.721540878E-01-7.656658790E-01
-6.561030378E-01-5.433314721E-01-4.272035610E-01-3.075568637E-01-1.842128028E-01
-5.697537099E-02 7.437002007E-02 2.100574436E-01 3.503409392E-01 4.954943731E-01
 6.458104645E-01 8.015988371E-01 9.631831477E-01 1.130897769E+00 1.305085592E+00
 1.486100653E+00 1.674324687E+00 1.870221565E+00 2.074501146E+00 2.288441705E+00
 2.492408567E+00 2.666588933E+00 2.814163194E+00 2.935368102E+00 3.034000767E+00
 3.111951488E+00 3.169452656E+00 3.205201893E+00 3.216984216E+00 3.207216111E+00
 3.176711186E+00 3.124824047E+00 3.049229046E+00 2.946301066E+00 2.833244603E+00
 2.739541005E+00 2.659383361E+00 2.589437636E+00-1.602929070E+00-1.644396184E+00
-1.693065544E+00-1.749121360E+00-1.812342841E+00-1.874624842E+00-1.935611932E+00
-1.995443524E+00-2.054176866E+00-2.111833304E+00-2.168408902E+00-2.223883200E+00
-2.278225464E+00-2.331398918E+00-2.383363430E+00-2.434077417E+00-2.483499084E+00
-2.531587253E+00-2.578301891E+00-2.623604651E+00-2.667458909E+00-2.709830156E+00
-2.750686032E+00-2.789996365E+00-2.827733331E+00-2.863871391E+00-2.898387291E+00
-2.931260125E+00-2.962471134E+00-2.992003712E+00-3.019843114E+00-3.045976280E+00
-3.070391408E+00-3.093077434E+00-3.114023294E+00-3.133216878E+00-3.150643709E+00
-3.166284781E+00-3.180113409E+00-3.191933168E+00-3.201535482E+00-3.208727491E+00
-3.213334896E+00-3.215209287E+00-3.214236592E+00-3.210346065E+00-3.203525284E+00
-3.193757315E+00-3.181033844E+00-3.165344504E+00-3.147157041E+00-3.126403189E+00
-3.103088277E+00-3.077268615E+00-3.049060911E+00-3.018524750E+00-2.985709448E+00
-2.950668620E+00-2.913461387E+00-2.874140163E+00-2.832751765E+00-2.789338840E+00
-2.743938923E+00-2.696584509E+00-2.647303347E+00-2.596118339E+00-2.543047565E+00
-2.488104454E+00-2.431297628E+00-2.372631039E+00-2.312103856E+00-2.249710594E+00
-2.185440905E+00-2.119279734E+00-2.051207200E+00-1.981198616E+00-1.909224352E+00
-1.835249895E+00-1.759235634E+00-1.681136759E+00-1.600903031E+00-1.518478522E+00
-1.433801271E+00-1.346802835E+00-1.257407772E+00-1.165532984E+00-1.071086940E+00
-9.739687361E-01-8.740670090E-01-7.712586262E-01-6.654071626E-01-5.563611336E-01
-4.439519208E-01-3.279913974E-01-2.082691853E-01-8.454952374E-02 4.343225174E-02
 1.759736470E-01 3.134093171E-01 4.561156731E-01 6.045156905E-01 7.590837437E-01
 9.203504122E-01 1.088907405E+00 1.265413404E+00 1.450603009E+00 1.645303450E+00
 1.850467622E+00 2.067236609E+00 2.297053556E+00 2.533923053E+00 2.741056609E+00
 2.919689091E+00 3.071693437E+00 3.195888570E+00 3.292709644E+00 3.365893235E+00
 3.416182765E+00 3.443346156E+00 3.444095704E+00 3.417332587E+00 3.365321628E+00
 3.287361121E+00 3.181674995E+00 3.045439164E+00 2.922784360E+00 2.816735803E+00
 2.724581409E+00 2.643908758E+00-1.623650281E+00-1.665931568E+00-1.715714831E+00
-1.773162482E+00-1.837198133E+00-1.901291927E+00-1.964157487E+00-2.025800388E+00
-2.086219718E+00-2.145405091E+00-2.203336025E+00-2.259983668E+00-2.315312889E+00
-2.369284448E+00-2.421856590E+00-2.472986508E+00-2.522631264E+00-2.570748498E+00
-2.617296958E+00-2.662236861E+00-2.705530073E+00-2.747140360E+00-2.787033403E+00
-2.825176941E+00-2.861540783E+00-2.896096833E+00-2.928819106E+00-2.959683671E+00
-2.988668573E+00-3.015753738E+00-3.040920720E+00-3.064152446E+00-3.085432698E+00
-3.104745489E+00-3.122074253E+00-3.137400562E+00-3.150702597E+00-3.161952822E+00
-3.171115081E+00-3.178140388E+00-3.182793309E+00-3.184954890E+00-3.184510843E+00
-3.181361124E+00-3.175422314E+00-3.166620800E+00-3.155219898E+00-3.141163239E+00
-3.124448595E+00-3.105118093E+00-3.083270594E+00-3.058966846E+00-3.032263837E+00
-3.003225938E+00-2.971925290E+00-2.938429055E+00-2.902800246E+00-2.865099632E+00
-2.825385885E+00-2.783714018E+00-2.740134644E+00-2.694693570E+00-2.647431507E+00
-2.598383801E+00-2.547580349E+00-2.495045431E+00-2.440797689E+00-2.384850065E+00
-2.327209885E+00-2.267878757E+00-2.206852631E+00-2.144121857E+00-2.079671264E+00
-2.013480097E+00-1.945522159E+00-1.875765813E+00-1.804173950E+00-1.730704014E+00
-1.655307906E+00-1.577931869E+00-1.498516275E+00-1.416995362E+00-1.333296850E+00
-1.247341452E+00-1.159042256E+00-1.068303943E+00-9.750218500E-01-8.790807994E-01
-7.803537199E-01-6.786999563E-01-5.739632648E-01-4.659694118E-01-3.545233080E-01
-2.394055767E-01-1.203684840E-01 2.868928637E-03 1.306266053E-01 2.632702829E-01
 4.012194486E-01 5.449565204E-01 6.950371560E-01 8.521014663E-01 1.016885487E+00
 1.190231954E+00 1.373099119E+00 1.566566491E+00 1.771837456E+00 1.990240426E+00
 2.223231023E+00 2.471658397E+00 2.705269935E+00 2.908045315E+00 3.080676224E+00
 3.226498325E+00 3.346860210E+00 3.441928310E+00 3.510030123E+00 3.550598364E+00
 3.565506417E+00 3.554489996E+00 3.516105542E+00 3.447072075E+00 3.345478076E+00
 3.212188252E+00 3.073545370E+00 2.951265224E+00 2.843412343E+00 2.748174054E+00
 2.663840147E+00-1.650943301E+00-1.694537073E+00-1.745702519E+00-1.804640440E+00
-1.869833104E+00-1.935605038E+00-2.000210693E+00-2.063555936E+00-2.125594538E+00
-2.186282087E+00-2.245573531E+00-2.303422616E+00-2.359781907E+00-2.414603408E+00
-2.467839081E+00-2.519441395E+00-2.569363826E+00-2.617561165E+00-2.663989797E+00
-2.708607748E+00-2.751374890E+00-2.792252913E+00-2.831205448E+00-2.868198001E+00
-2.903198001E+00-2.936174871E+00-2.967100008E+00-2.995946810E+00-3.022690627E+00
-3.047308692E+00-3.069779942E+00-3.090084902E+00-3.108205146E+00-3.124122865E+00
-3.137820078E+00-3.149277716E+00-3.158474195E+00-3.165383975E+00-3.169975549E+00
-3.172209639E+00-3.171890904E+00-3.169073329E+00-3.163688880E+00-3.155689852E+00
-3.145050937E+00-3.131775488E+00-3.115911308E+00-3.097491687E+00-3.076556291E+00
-3.053157902E+00-3.027362306E+00-2.999237110E+00-2.968851413E+00-2.936276407E+00
-2.901584698E+00-2.864848039E+00-2.826136111E+00-2.785516075E+00-2.743051856E+00
-2.698803466E+00-2.652826206E+00-2.605170264E+00-2.555880111E+00-2.504994228E+00
-2.452544803E+00-2.398557547E+00-2.343051529E+00-2.286039170E+00-2.227526145E+00
-2.167511507E+00-2.105987679E+00-2.042940612E+00-1.978349824E+00-1.912188667E+00
-1.844424346E+00-1.775018091E+00-1.703925252E+00-1.631095357E+00-1.556472117E+00
-1.479993380E+00-1.401590972E+00-1.321190475E+00-1.238710869E+00-1.154064040E+00
-1.067154154E+00-9.778768307E-01-8.861181179E-01-7.917532426E-01-6.946450417E-01
-5.946420941E-01-4.915764233E-01-3.852607178E-01-2.754849622E-01-1.620123269E-01
-4.457415626E-02 7.713615925E-02 2.034707120E-01 3.348363200E-01 4.717058774E-01
 6.146322087E-01 7.642647377E-01 9.213690347E-01 1.086848510E+00 1.261766073E+00
 1.447360996E+00 1.645053088E+00 1.856424764E+00 2.083175895E+00 2.327116894E+00
 2.573344980E+00 2.792943516E+00 2.985999466E+00 3.149188891E+00 3.285298558E+00
 3.397041462E+00 3.484683903E+00 3.547412991E+00 3.580454871E+00 3.585393237E+00
 3.563343034E+00 3.512969522E+00 3.431824651E+00 3.313577279E+00 3.170240047E+00
 3.041515250E+00 2.926472144E+00 2.823670929E+00 2.731738287E+00 2.649395053E+00
-1.683148312E+00-1.728174548E+00-1.781000418E+00-1.841757447E+00-1.909933183E+00
-1.977605024E+00-2.044011781E+00-2.109105135E+00-2.172807576E+00-2.235046674E+00
-2.295754220E+00-2.354865379E+00-2.412318298E+00-2.468053877E+00-2.522015690E+00
-2.574149965E+00-2.624405451E+00-2.672733296E+00-2.719087053E+00-2.763422389E+00
-2.805697021E+00-2.845870549E+00-2.883904471E+00-2.919762026E+00-2.953408241E+00
-2.984810057E+00-3.013936238E+00-3.040757642E+00-3.065247197E+00-3.087379967E+00
-3.107133221E+00-3.124486322E+00-3.139420534E+00-3.151918824E+00-3.161965301E+00
-3.169544581E+00-3.174640988E+00-3.177237296E+00-3.177313254E+00-3.174843228E+00
-3.169792357E+00-3.162150585E+00-3.151908166E+00-3.139063491E+00-3.123627527E+00
-3.105626278E+00-3.085100902E+00-3.062100753E+00-3.036683031E+00-3.008912689E+00
-2.978861462E+00-2.946605462E+00-2.912223516E+00-2.875796155E+00-2.837404376E+00
-2.797128440E+00-2.755046707E+00-2.711234633E+00-2.665763989E+00-2.618701938E+00
-2.570110370E+00-2.520045188E+00-2.468555726E+00-2.415684343E+00-2.361466054E+00
-2.305928199E+00-2.249090331E+00-2.190964133E+00-2.131553403E+00-2.070854131E+00
-2.008854671E+00-1.945535898E+00-1.880871477E+00-1.814828133E+00-1.747365882E+00
-1.678438329E+00-1.607992894E+00-1.535971015E+00-1.462308276E+00-1.386934475E+00
-1.309773596E+00-1.230743656E+00-1.149756451E+00-1.066717130E+00-9.815236340E-01
-8.940659208E-01-8.042249871E-01-7.118716396E-01-6.168649713E-01-5.190504941E-01
-4.182578516E-01-3.142980274E-01-2.069599208E-01-9.600614345E-02 1.883218102E-02
 1.378619004E-01 2.614359787E-01 3.899638322E-01 5.239245927E-01 6.638842746E-01
 8.105182071E-01 9.646404304E-01 1.127241910E+00 1.299538397E+00 1.483024395E+00
 1.679516846E+00 1.891148153E+00 2.120252584E+00 2.366171565E+00 2.590914680E+00
 2.789367848E+00 2.963917387E+00 3.115178037E+00 3.242680213E+00 3.344662181E+00
 3.421739051E+00 3.474934032E+00 3.503432722E+00 3.505172346E+00 3.476613431E+00
 3.416560717E+00 3.324076252E+00 3.197910131E+00 3.072147347E+00 2.958771122E+00
 2.856364581E+00 2.763744534E+00 2.679876609E+00 2.603838375E+00-1.723317686E+00
-1.770411961E+00-1.825296840E+00-1.888095252E+00-1.957771219E+00-2.027450992E+00
-2.095840886E+00-2.162839751E+00-2.228344269E+00-2.292258735E+00-2.354494597E+00
-2.414969985E+00-2.473609309E+00-2.530342677E+00-2.585105581E+00-2.637838242E+00
-2.688485146E+00-2.736994458E+00-2.783317426E+00-2.827407950E+00-2.869222084E+00
-2.908717702E+00-2.945854345E+00-2.980593005E+00-3.012896188E+00-3.042728028E+00
-3.070054458E+00-3.094843449E+00-3.117065315E+00-3.136692985E+00-3.153702220E+00
-3.168071878E+00-3.179784055E+00-3.188824025E+00-3.195180238E+00-3.198844149E+00
-3.199809907E+00-3.198074159E+00-3.193635762E+00-3.186496169E+00-3.176660651E+00
-3.164142500E+00-3.148962392E+00-3.131149470E+00-3.110742605E+00-3.087790840E+00
-3.062353102E+00-3.034496783E+00-3.004296603E+00-2.971833636E+00-2.937194206E+00
-2.900468437E+00-2.861748933E+00-2.821129536E+00-2.778704111E+00-2.734565298E+00
-2.688803319E+00-2.641504983E+00-2.592752565E+00-2.542622934E+00-2.491186605E+00
-2.438507017E+00-2.384639784E+00-2.329632185E+00-2.273522743E+00-2.216340814E+00
-2.158106453E+00-2.098830356E+00-2.038513918E+00-1.977149351E+00-1.914719985E+00
-1.851200602E+00-1.786557844E+00-1.720750661E+00-1.653730778E+00-1.585443155E+00
-1.515826432E+00-1.444813316E+00-1.372330908E+00-1.298300938E+00-1.222639900E+00
-1.145259056E+00-1.066064331E+00-9.849560213E-01-9.018283754E-01-8.165689586E-01
-7.290578361E-01-6.391665179E-01-5.467566394E-01-4.516783493E-01-3.537683233E-01
-2.528473594E-01-1.487174367E-01-4.115811480E-02 7.007791421E-02 1.852703674E-01
 3.047383798E-01 4.288495075E-01 5.580315438E-01 6.927884130E-01 8.337222663E-01
 9.815653492E-01 1.137228185E+00 1.301876298E+00 1.477058498E+00 1.664922771E+00
 1.868511403E+00 2.092101617E+00 2.313927731E+00 2.513468908E+00 2.687422793E+00
 2.841056216E+00 2.975473074E+00 3.090669938E+00 3.184587073E+00 3.252482538E+00
 3.298616404E+00 3.322870605E+00 3.323856941E+00 3.297469199E+00 3.236376241E+00
 3.141394951E+00 3.029888817E+00 2.928381298E+00 2.835406862E+00 2.749953498E+00
 2.671313221E+00 2.598915898E+00 2.532257780E+00-1.769820642E+00-1.819485036E+00
-1.876835423E+00-1.942027759E+00-2.013463839E+00-2.085428761E+00-2.156076094E+00
-2.225223848E+00-2.292745005E+00-2.358522934E+00-2.422450887E+00-2.484431900E+00
-2.544378428E+00-2.602211779E+00-2.657861362E+00-2.711263582E+00-2.762360889E+00
-2.811100498E+00-2.857433387E+00-2.901313301E+00-2.942695867E+00-2.981538107E+00
-3.017797971E+00-3.051434226E+00-3.082406450E+00-3.110675347E+00-3.136203092E+00
-3.158953819E+00-3.178894237E+00-3.195994234E+00-3.210227399E+00-3.221571720E+00
-3.230009952E+00-3.235530040E+00-3.238125495E+00-3.237795521E+00-3.234545157E+00
-3.228385467E+00-3.219333697E+00-3.207413622E+00-3.192656208E+00-3.175100440E+00
-3.154793697E+00-3.131792075E+00-3.106160507E+00-3.077972684E+00-3.047310572E+00
-3.014263557E+00-2.978927557E+00-2.941403992E+00-2.901798621E+00-2.860220346E+00
-2.816780003E+00-2.771589069E+00-2.724758400E+00-2.676396994E+00-2.626610707E+00
-2.575501077E+00-2.523164136E+00-2.469689271E+00-2.415158195E+00-2.359644000E+00
-2.303210339E+00-2.245910771E+00-2.187788080E+00-2.128874065E+00-2.069189265E+00
-2.008742923E+00-1.947533121E+00-1.885547109E+00-1.822761736E+00-1.759144000E+00
-1.694651704E+00-1.629234173E+00-1.562832990E+00-1.495382748E+00-1.426811763E+00
-1.357042729E+00-1.285993293E+00-1.213576521E+00-1.139701263E+00-1.064272352E+00
-9.871906868E-01-9.083531427E-01-8.276523391E-01-7.449762159E-01-6.602074599E-01
-5.732227200E-01-4.838916537E-01-3.920757221E-01-2.976267751E-01-2.003853464E-01
-1.001786283E-01 3.181917985E-03 1.099034166E-01 2.202149949E-01 3.343719153E-01
 4.526606475E-01 5.754051892E-01 7.029751773E-01 8.357966012E-01 9.743666713E-01
 1.119275753E+00 1.271242740E+00 1.431179903E+00 1.600338374E+00 1.780791771E+00
 1.972597190E+00 2.151642754E+00 2.317055283E+00 2.467895779E+00 2.602396540E+00
 2.718678718E+00 2.817498566E+00 2.899284900E+00 2.963419607E+00 3.008117974E+00
 3.031311139E+00 3.033375815E+00 3.013926860E+00 2.970778588E+00 2.899477625E+00
 2.825375906E+00 2.753325298E+00 2.684063510E+00 2.618023272E+00 2.555431665E+00
 2.496376565E+00 2.440848379E+00-1.821041612E+00-1.873481862E+00-1.933747095E+00
-2.001896100E+00-2.077180736E+00-2.151958273E+00-2.225219953E+00-2.296834729E+00
-2.366653282E+00-2.434538400E+00-2.500366012E+00-2.564025689E+00-2.625420523E+00
-2.684466284E+00-2.741090248E+00-2.795229362E+00-2.846828343E+00-2.895837644E+00
-2.942211554E+00-2.985906630E+00-3.026880299E+00-3.065090029E+00-3.100492745E+00
-3.133044692E+00-3.162701711E+00-3.189419582E+00-3.213154959E+00-3.233866046E+00
-3.251513855E+00-3.266063081E+00-3.277483302E+00-3.285749891E+00-3.290845019E+00
-3.292758378E+00-3.291487875E+00-3.287040080E+00-3.279430688E+00-3.268684637E+00
-3.254836399E+00-3.237930076E+00-3.218019460E+00-3.195168166E+00-3.169449401E+00
-3.140945827E+00-3.109749176E+00-3.075959590E+00-3.039685096E+00-3.001040562E+00
-2.960146824E+00-2.917129658E+00-2.872118525E+00-2.825245517E+00-2.776644028E+00
-2.726447565E+00-2.674788321E+00-2.621795909E+00-2.567595911E+00-2.512308603E+00
-2.456047399E+00-2.398917711E+00-2.341015513E+00-2.282426201E+00-2.223223640E+00
-2.163469140E+00-2.103210912E+00-2.042483524E+00-1.981307709E+00-1.919690437E+00
-1.857625131E+00-1.795092194E+00-1.732059708E+00-1.668484303E+00-1.604312161E+00
-1.539480109E+00-1.473916756E+00-1.407543617E+00-1.340276209E+00-1.272025049E+00
-1.202696558E+00-1.132193822E+00-1.060417196E+00-9.872647657E-01-9.126326375E-01
-8.364150602E-01-7.585044091E-01-6.787909902E-01-5.971627394E-01-5.135047676E-01
-4.276987889E-01-3.396224520E-01-2.491485691E-01-1.561442602E-01-6.047005971E-02
 3.802102037E-02 1.394843867E-01 2.440846577E-01 3.519962179E-01 4.634033019E-01
 5.784992318E-01 6.974841215E-01 8.205597356E-01 9.479190475E-01 1.079725209E+00
 1.216068254E+00 1.356871236E+00 1.501675148E+00 1.649159579E+00 1.796465244E+00
 1.939559341E+00 2.074927734E+00 2.200187062E+00 2.313739424E+00 2.414443507E+00
 2.501430245E+00 2.574003532E+00 2.631587945E+00 2.673709091E+00 2.700007815E+00
 2.710310419E+00 2.704818253E+00 2.684560089E+00 2.652130915E+00 2.611580210E+00
 2.566633583E+00 2.519760285E+00 2.472481772E+00 2.425753182E+00 2.380184354E+00
 2.336162173E+00-1.879851790E+00-1.935862029E+00-1.999647438E+00-2.071235900E+00
-2.149634428E+00-2.227613246E+00-2.303924388E+00-2.378397761E+00-2.450857808E+00
-2.521144396E+00-2.589115278E+00-2.654647679E+00-2.717638630E+00-2.778003839E+00
-2.835675275E+00-2.890598021E+00-2.942726677E+00-2.992021927E+00-3.038447380E+00
-3.081967053E+00-3.122543374E+00-3.160135981E+00-3.194701176E+00-3.226191856E+00
-3.254558162E+00-3.279748318E+00-3.301710046E+00-3.320392072E+00-3.335745819E+00
-3.347727145E+00-3.356298032E+00-3.361428213E+00-3.363096626E+00-3.361292612E+00
-3.356016927E+00-3.347282497E+00-3.335114898E+00-3.319552711E+00-3.300647383E+00
-3.278463244E+00-3.253077107E+00-3.224577758E+00-3.193065376E+00-3.158650779E+00
-3.121454494E+00-3.081605940E+00-3.039242270E+00-2.994507416E+00-2.947550931E+00
-2.898526846E+00-2.847592559E+00-2.794907604E+00-2.740632424E+00-2.684926976E+00
-2.627949495E+00-2.569854862E+00-2.510793096E+00-2.450907801E+00-2.390334345E+00
-2.329198331E+00-2.267613871E+00-2.205682057E+00-2.143489658E+00-2.081107809E+00
-2.018591308E+00-1.955977882E+00-1.893287977E+00-1.830524898E+00-1.767675247E+00
-1.704709719E+00-1.641584178E+00-1.578241001E+00-1.514610588E+00-1.450613002E+00
-1.386159643E+00-1.321154928E+00-1.255497867E+00-1.189083534E+00-1.121804355E+00
-1.053551218E+00-9.842143720E-01-9.136841276E-01-8.418513484E-01-7.686077741E-01
-6.938461697E-01-6.174603521E-01-5.393450918E-01-4.593959535E-01-3.775090912E-01
-2.935810289E-01-2.075084980E-01-1.191883689E-01-2.851774752E-02 6.460563839E-02
 1.602826505E-01 2.586113271E-01 3.596845547E-01 4.635863676E-01 5.703861785E-01
 6.801298688E-01 7.928260166E-01 9.084245553E-01 1.026783627E+00 1.147618586E+00
 1.270426419E+00 1.394385607E+00 1.518259523E+00 1.640384333E+00 1.758827673E+00
 1.871666042E+00 1.977204227E+00 2.074052216E+00 2.161108033E+00 2.237512999E+00
 2.302612825E+00 2.355936277E+00 2.397195604E+00 2.426313298E+00 2.443480224E+00
 2.449246345E+00 2.444618884E+00 2.431088548E+00 2.410481846E+00 2.384665091E+00
 2.355284913E+00 2.323663438E+00 2.290810602E+00 2.257479015E+00 2.224221157E+00
-1.945762882E+00-2.006201260E+00-2.074224808E+00-2.149873619E+00-2.231440720E+00
-2.313136116E+00-2.393020639E+00-2.470825799E+00-2.546341373E+00-2.619375895E+00
-2.689763457E+00-2.757368750E+00-2.822088163E+00-2.883847172E+00-2.942595164E+00
-2.998298868E+00-3.050935845E+00-3.100488365E+00-3.146938544E+00-3.190264543E+00
-3.230437974E+00-3.267422486E+00-3.301173298E+00-3.331637802E+00-3.358756626E+00
-3.382465611E+00-3.402697927E+00-3.419386682E+00-3.432467604E+00-3.441881689E+00
-3.447577819E+00-3.449515206E+00-3.447665384E+00-3.442014112E+00-3.432562688E+00
-3.419328977E+00-3.402348014E+00-3.381672097E+00-3.357370713E+00-3.329529896E+00
-3.298251513E+00-3.263652116E+00-3.225861824E+00-3.185022807E+00-3.141288086E+00
-3.094819945E+00-3.045788612E+00-2.994371001E+00-2.940749334E+00-2.885110021E+00
-2.827642491E+00-2.768538037E+00-2.707988590E+00-2.646185381E+00-2.583317630E+00
-2.519570796E+00-2.455124853E+00-2.390152374E+00-2.324816302E+00-2.259267914E+00
-2.193644498E+00-2.128067394E+00-2.062639900E+00-1.997445805E+00-1.932548031E+00
-1.867987840E+00-1.803784526E+00-1.739935618E+00-1.676417597E+00-1.613187129E+00
-1.550182713E+00-1.487326702E+00-1.424527576E+00-1.361682368E+00-1.298679148E+00
-1.235399421E+00-1.171720410E+00-1.107517088E+00-1.042663963E+00-9.770365672E-01
-9.105126345E-01-8.429730187E-01-7.743023211E-01-7.043893304E-01-6.331272531E-01
-5.604138322E-01-4.861513777E-01-4.102467571E-01-3.326114167E-01-2.531614768E-01
-1.718179701E-01-8.850731114E-02-3.162067632E-03 8.427781716E-02 1.738632052E-01
 2.656331283E-01 3.596110455E-01 4.557995947E-01 5.541733066E-01 6.546685910E-01
 7.571700919E-01 8.614924551E-01 9.673566843E-01 1.074361221E+00 1.181950314E+00
 1.289387008E+00 1.395744066E+00 1.499928280E+00 1.600743766E+00 1.696979510E+00
 1.787492800E+00 1.871267159E+00 1.947441583E+00 2.015320249E+00 2.074374187E+00
 2.124243369E+00 2.164744487E+00 2.195886107E+00 2.217889921E+00 2.231210810E+00
 2.236542475E+00 2.234791264E+00 2.227009511E+00 2.214300825E+00 2.197727344E+00
 2.178244595E+00 2.156671128E+00 2.133684562E+00 2.109832612E+00-2.016905088E+00
-2.082428382E+00-2.155540490E+00-2.236145611E+00-2.323246422E+00-2.409456116E+00
-2.493541783E+00-2.575263338E+00-2.654349988E+00-2.730549478E+00-2.803654068E+00
-2.873514068E+00-2.940037863E+00-3.003182533E+00-3.062940249E+00-3.119324343E+00
-3.172357157E+00-3.222060374E+00-3.268447712E+00-3.311520083E+00-3.351262779E+00
-3.387644216E+00-3.420616260E+00-3.450115820E+00-3.476067150E+00-3.498385282E+00
-3.516979588E+00-3.531757929E+00-3.542630746E+00-3.549515084E+00-3.552338491E+00
-3.551042392E+00-3.545585104E+00-3.535944269E+00-3.522118721E+00-3.504129738E+00
-3.482021636E+00-3.455861788E+00-3.425740028E+00-3.391767540E+00-3.354075452E+00
-3.312812869E+00-3.268144886E+00-3.220250450E+00-3.169320136E+00-3.115554187E+00
-3.059160714E+00-3.000353952E+00-2.939352997E+00-2.876380609E+00-2.811662184E+00
-2.745424822E+00-2.677896302E+00-2.609304014E+00-2.539873547E+00-2.469827023E+00
-2.399381019E+00-2.328744208E+00-2.258114527E+00-2.187676313E+00-2.117597138E+00
-2.048024830E+00-1.979084645E+00-1.910876864E+00-1.843474878E+00-1.776924029E+00
-1.711241088E+00-1.646414603E+00-1.582405994E+00-1.519151433E+00-1.456564356E+00
-1.394538535E+00-1.332951493E+00-1.271668133E+00-1.210544379E+00-1.149430647E+00
-1.088175037E+00-1.026626133E+00-9.646353362E-01-9.020587369E-01-8.387585323E-01
-7.746040274E-01-7.094722837E-01-6.432484916E-01-5.758261290E-01-5.071069904E-01
-4.370011524E-01-3.654269498E-01-2.923110051E-01-2.175884263E-01-1.412031833E-01
-6.310878300E-02 1.673068417E-02 9.833902691E-02 1.817258269E-01 2.668835579E-01
 3.537837572E-01 4.423720368E-01 5.325616974E-01 6.242256985E-01 7.171868728E-01
 8.112064006E-01 9.059710887E-01 1.001080716E+00 1.096037786E+00 1.190243247E+00
 1.283002203E+00 1.373542471E+00 1.461045621E+00 1.544685931E+00 1.623670139E+00
 1.697271749E+00 1.764856833E+00 1.825901774E+00 1.880005273E+00 1.926897354E+00
 1.966447170E+00 1.998670073E+00 2.023732554E+00 2.041952183E+00 2.053788296E+00
 2.059820523E+00 2.060714663E+00 2.057180772E+00 2.049930633E+00 2.039642425E+00
 2.026936335E+00 2.012361415E+00 1.996391668E+00-2.095977069E+00-2.168122721E+00
-2.247456410E+00-2.333780390E+00-2.426291073E+00-2.517612985E+00-2.606672033E+00
-2.693127333E+00-2.776521409E+00-2.856437827E+00-2.932582306E+00-3.004801437E+00
-3.073059449E+00-3.137400174E+00-3.197911352E+00-3.254697309E+00-3.307859446E+00
-3.357483410E+00-3.403630704E+00-3.446334018E+00-3.485595134E+00-3.521385024E+00
-3.553645810E+00-3.582294112E+00-3.607225661E+00-3.628320764E+00-3.645450292E+00
-3.658481996E+00-3.667286630E+00-3.671743997E+00-3.671748357E+00-3.667213248E+00
-3.658075637E+00-3.644299192E+00-3.625876587E+00-3.602831075E+00-3.575217069E+00
-3.543119729E+00-3.506653827E+00-3.465961785E+00-3.421211100E+00-3.372591300E+00
-3.320310591E+00-3.264592471E+00-3.205672623E+00-3.143795878E+00-3.079213830E+00
-3.012182934E+00-2.942963059E+00-2.871816706E+00-2.799008277E+00-2.724803878E+00
-2.649470837E+00-2.573277140E+00-2.496490464E+00-2.419376487E+00-2.342196687E+00
-2.265205212E+00-2.188645248E+00-2.112744709E+00-2.037711762E+00-1.963730201E+00
-1.890955203E+00-1.819509578E+00-1.749480832E+00-1.680919268E+00-1.613837211E+00
-1.548209460E+00-1.483974961E+00-1.421039653E+00-1.359280352E+00-1.298549435E+00
-1.238680089E+00-1.179491780E+00-1.120795669E+00-1.062399642E+00-1.004112782E+00
-9.457490959E-01-8.871304603E-01-8.280888000E-01-7.684675474E-01-7.081225093E-01
-6.469222583E-01-5.847481730E-01-5.214942489E-01-4.570667914E-01-3.913840698E-01
-3.243760451E-01-2.559841985E-01-1.861615697E-01-1.148730267E-01-4.209585320E-02
 3.217929802E-02 1.079470130E-01 1.851852168E-01 2.638526868E-01 3.438858987E-01
 4.251951588E-01 5.076599701E-01 5.911236664E-01 6.753875039E-01 7.602044781E-01
 8.452735471E-01 9.302351175E-01 1.014669075E+00 1.098096714E+00 1.179987807E+00
 1.259773270E+00 1.336862936E+00 1.410666671E+00 1.480616563E+00 1.546187847E+00
 1.606917035E+00 1.662416624E+00 1.712386505E+00 1.756622506E+00 1.795022407E+00
 1.827589356E+00 1.854432119E+00 1.875761209E+00 1.891879982E+00 1.903170208E+00
 1.910072832E+00 1.913065681E+00 1.912640755E+00 1.909283714E+00 1.903457457E+00
 1.895590571E+00 1.886070492E+00-2.184183482E+00-2.265698884E+00-2.352705871E+00
-2.444988814E+00-2.541311953E+00-2.638055460E+00-2.733415089E+00-2.826213503E+00
-2.915274779E+00-2.999727158E+00-3.079169514E+00-3.153577954E+00-3.223133791E+00
-3.288101329E+00-3.348760471E+00-3.405371878E+00-3.458158718E+00-3.507296858E+00
-3.552909924E+00-3.595067402E+00-3.633785143E+00-3.669028075E+00-3.700714812E+00
-3.728724075E+00-3.752902472E+00-3.773073478E+00-3.789046655E+00-3.800627319E+00
-3.807625536E+00-3.809864781E+00-3.807189415E+00-3.799471355E+00-3.786615480E+00
-3.768563851E+00-3.745298815E+00-3.716844653E+00-3.683268022E+00-3.644677163E+00
-3.601219748E+00-3.553079455E+00-3.500471892E+00-3.443639430E+00-3.382845946E+00
-3.318371441E+00-3.250507114E+00-3.179551122E+00-3.105805343E+00-3.029573046E+00
-2.951157835E+00-2.870863408E+00-2.788994101E+00-2.705855823E+00-2.621757057E+00
-2.537009564E+00-2.451928338E+00-2.366830505E+00-2.282032864E+00-2.197847986E+00
-2.114579067E+00-2.032513431E+00-1.951915615E+00-1.873020131E+00-1.796024639E+00
-1.721084051E+00-1.648305876E+00-1.577747137E+00-1.509413065E+00-1.443257684E+00
-1.379186292E+00-1.317059801E+00-1.256700755E+00-1.197900662E+00-1.140428195E+00
-1.084037687E+00-1.028477338E+00-9.734966115E-01-9.188524684E-01-8.643142118E-01
-8.096669431E-01-7.547137517E-01-6.992767939E-01-6.431975665E-01-5.863365578E-01
-5.285725171E-01-4.698015363E-01-4.099360695E-01-3.489039967E-01-2.866478569E-01
-2.231242588E-01-1.583035578E-01-9.216982082E-02-2.472111222E-02 4.402986920E-02
 1.140547758E-01 1.853082010E-01 2.577258566E-01 3.312223358E-01 4.056885024E-01
 4.809885304E-01 5.569567740E-01 6.333946115E-01 7.100676083E-01 7.867033971E-01
 8.629908116E-01 9.385808285E-01 1.013089881E+00 1.086105890E+00 1.157197052E+00
 1.225923058E+00 1.291847958E+00 1.354553768E+00 1.413653769E+00 1.468804714E+00
 1.519717354E+00 1.566165012E+00 1.607990032E+00 1.645108033E+00 1.677509812E+00
 1.705260643E+00 1.728496779E+00 1.747418997E+00 1.762283311E+00 1.773389363E+00
 1.781067354E+00 1.785664635E+00 1.787533062E+00 1.787018042E+00 1.784449822E+00
 1.780137181E+00-2.271697124E+00-2.363394082E+00-2.459319175E+00-2.559313996E+00
-2.662665949E+00-2.768136833E+00-2.873997722E+00-2.977649866E+00-3.075449409E+00
-3.165303812E+00-3.247555352E+00-3.323063563E+00-3.392630871E+00-3.456944177E+00
-3.516577666E+00-3.572001176E+00-3.623587020E+00-3.671614228E+00-3.716271651E+00
-3.757660728E+00-3.795799266E+00-3.830627178E+00-3.862014577E+00-3.889772421E+00
-3.913665179E+00-3.933424789E+00-3.948765204E+00-3.959396523E+00-3.965038223E+00
-3.965431037E+00-3.960347070E+00-3.949598461E+00-3.933044241E+00-3.910595643E+00
-3.882219803E+00-3.847941932E+00-3.807845487E+00-3.762070718E+00-3.710811206E+00
-3.654308446E+00-3.592844958E+00-3.526736028E+00-3.456320911E+00-3.381954190E+00
-3.303997888E+00-3.222815172E+00-3.138765664E+00-3.052203170E+00-2.963475064E+00
-2.872923781E+00-2.780889370E+00-2.687713296E+00-2.593742040E+00-2.499330671E+00
-2.404844972E+00-2.310661788E+00-2.217166785E+00-2.124749539E+00-2.033795754E+00
-1.944677102E+00-1.857739801E+00-1.773292706E+00-1.691596261E+00-1.612852948E+00
-1.537199959E+00-1.464704345E+00-1.395360819E+00-1.329092368E+00-1.265753789E+00
-1.205138205E+00-1.146986410E+00-1.090998617E+00-1.036847741E+00-9.841930901E-01
-9.326932850E-01-8.820173522E-01-8.318533409E-01-7.819142907E-01-7.319416792E-01
-6.817067881E-01-6.310105132E-01-5.796821107E-01-5.275773293E-01-4.745762707E-01
-4.205811986E-01-3.655145210E-01-3.093169747E-01-2.519461489E-01-1.933753220E-01
-1.335926625E-01-7.260077738E-02-1.041660883E-02 5.292832753E-02 1.173873792E-01
 1.828978848E-01 2.493800197E-01 3.167354012E-01 3.848455233E-01 4.535700875E-01
 5.227453799E-01 5.921828590E-01 6.616681492E-01 7.309607103E-01 7.997944590E-01
 8.678795903E-01 9.349058314E-01 1.000547206E+00 1.064468282E+00 1.126331670E+00
 1.185806424E+00 1.242576844E+00 1.296351212E+00 1.346869957E+00 1.393912895E+00
 1.437305214E+00 1.476922019E+00 1.512691273E+00 1.544594976E+00 1.572668544E+00
 1.596998286E+00 1.617717091E+00 1.634998450E+00 1.649049188E+00 1.660101336E+00
 1.668403714E+00 1.674213780E+00 1.677790192E+00 1.679386471E+00 1.679245928E+00
-2.349933154E+00-2.450620244E+00-2.556081653E+00-2.666435737E+00-2.781627466E+00
-2.901433672E+00-3.025515372E+00-3.153768432E+00-3.270677307E+00-3.362107867E+00
-3.443468911E+00-3.516866871E+00-3.583719302E+00-3.645089005E+00-3.701803731E+00
-3.754513625E+00-3.803720844E+00-3.849793904E+00-3.892974167E+00-3.933378729E+00
-3.971004141E+00-4.005733210E+00-4.037346663E+00-4.065539718E+00-4.089942367E+00
-4.110141838E+00-4.125705129E+00-4.136200208E+00-4.141214649E+00-4.140371413E+00
-4.133341708E+00-4.119855242E+00-4.099708340E+00-4.072770170E+00-4.038987347E+00
-3.998386610E+00-3.951075504E+00-3.897240418E+00-3.837141586E+00-3.771104913E+00
-3.699510638E+00-3.622779709E+00-3.541358752E+00-3.455705473E+00-3.366275701E+00
-3.273513309E+00-3.177843917E+00-3.079672390E+00-2.979384083E+00-2.877349254E+00
-2.773929927E+00-2.669488280E+00-2.564395831E+00-2.459042140E+00-2.353841935E+00
-2.249239012E+00-2.145705669E+00-2.043736471E+00-1.943836075E+00-1.846502043E+00
-1.752204579E+00-1.661366008E+00-1.574342256E+00-1.491407870E+00-1.412745116E+00
-1.338436935E+00-1.268463532E+00-1.202702565E+00-1.140933418E+00-1.082846232E+00
-1.028056218E+00-9.761229243E-01-9.265729268E-01-8.789233833E-01-8.327035255E-01
-7.874717481E-01-7.428271936E-01-6.984159053E-01-6.539325282E-01-6.091188343E-01
-5.637603206E-01-5.176818599E-01-4.707430920E-01-4.228340127E-01-3.738709785E-01
-3.237932789E-01-2.725602721E-01-2.201490970E-01-1.665529133E-01-1.117796334E-01
-5.585107759E-02 1.197473781E-03 5.931739311E-02 1.184465220E-01 1.785087418E-01
 2.394133470E-01 3.010542774E-01 3.633092933E-01 4.260391563E-01 4.890869384E-01
 5.522775767E-01 6.154178073E-01 6.782966167E-01 7.406863776E-01 8.023447707E-01
 8.630175599E-01 9.224422854E-01 9.803527593E-01 1.036484276E+00 1.090579299E+00
 1.142393367E+00 1.191700956E+00 1.238300994E+00 1.282021775E+00 1.322725085E+00
 1.360309320E+00 1.394711517E+00 1.425908164E+00 1.453914775E+00 1.478784226E+00
 1.500603915E+00 1.519491905E+00 1.535592234E+00 1.549069677E+00 1.560104252E+00
 1.568885780E+00 1.575608755E+00 1.580467755E+00 1.583653535E+00-2.417568210E+00
-2.526406574E+00-2.641122574E+00-2.762221257E+00-2.890258107E+00-3.025894602E+00
-3.170004595E+00-3.323839037E+00-3.474474522E+00-3.586568055E+00-3.670912698E+00
-3.736729904E+00-3.796918666E+00-3.852213415E+00-3.903513774E+00-3.951551446E+00
-3.996908385E+00-4.040019956E+00-4.081168213E+00-4.120471416E+00-4.157877129E+00
-4.193165074E+00-4.225962530E+00-4.255771388E+00-4.282003358E+00-4.304017888E+00
-4.321158848E+00-4.332786192E+00-4.338301456E+00-4.337166826E+00-4.328919228E+00
-4.313180340E+00-4.289664642E+00-4.258185802E+00-4.218662533E+00-4.171123106E+00
-4.115708083E+00-4.052669678E+00-3.982366309E+00-3.905250918E+00-3.821852830E+00
-3.732754195E+00-3.638563222E+00-3.539887947E+00-3.437313678E+00-3.331386790E+00
-3.222605996E+00-3.111420980E+00-2.998237578E+00-2.883427773E+00-2.767343803E+00
-2.650334710E+00-2.532764454E+00-2.415030597E+00-2.297581215E+00-2.180928197E+00
-2.065652545E+00-1.952398455E+00-1.841853322E+00-1.734715193E+00-1.631653167E+00
-1.533268701E+00-1.440064357E+00-1.352422334E+00-1.270591476E+00-1.194679804E+00
-1.124650124E+00-1.060318064E+00-1.001353963E+00-9.472919172E-01-8.975496556E-01
-8.514609852E-01-8.083181957E-01-7.674172102E-01-7.280967172E-01-6.897650815E-01
-6.519136390E-01-6.141187798E-01-5.760366774E-01-5.373942979E-01-4.979792365E-01
-4.576298588E-01-4.162265185E-01-3.736840994E-01-3.299458943E-01-2.849787081E-01
-2.387690350E-01-1.913201263E-01-1.426498233E-01-9.278900352E-02-4.178053833E-02
 1.032133450E-02 6.345130574E-02 1.175330236E-01 1.724789259E-01 2.281899316E-01
 2.845550594E-01 3.414510381E-01 3.987419718E-01 4.562791582E-01 5.139011178E-01
 5.714339385E-01 6.286920066E-01 6.854792039E-01 7.415906284E-01 7.968148482E-01
 8.509367070E-01 9.037406087E-01 9.550141913E-01 1.004552280E+00 1.052160939E+00
 1.097661474E+00 1.140894199E+00 1.181721784E+00 1.220032099E+00 1.255740351E+00
 1.288790499E+00 1.319155829E+00 1.346838700E+00 1.371869475E+00 1.394304649E+00
 1.414224326E+00 1.431729139E+00 1.446936770E+00 1.459978275E+00 1.470994351E+00
 1.480131747E+00 1.487539938E+00 1.493368147E+00-2.472028559E+00-2.587545359E+00
-2.709990251E+00-2.840191200E+00-2.979143341E+00-3.128055635E+00-3.288389545E+00
-3.461864833E+00-3.633253608E+00-3.774212042E+00-3.888606032E+00-3.973069824E+00
-4.030107529E+00-4.075719122E+00-4.118842145E+00-4.159990597E+00-4.199811887E+00
-4.238833965E+00-4.277419671E+00-4.315713769E+00-4.353601276E+00-4.390695599E+00
-4.426363103E+00-4.459777005E+00-4.489986990E+00-4.515990406E+00-4.536794541E+00
-4.551463538E+00-4.559149373E+00-4.559109611E+00-4.550716277E+00-4.533460390E+00
-4.506955668E+00-4.470943715E+00-4.425301661E+00-4.370051770E+00-4.305371421E+00
-4.231599812E+00-4.149237221E+00-4.058931756E+00-3.961450812E+00-3.857637799E+00
-3.748360329E+00-3.634458907E+00-3.516705498E+00-3.395777296E+00-3.272247186E+00
-3.146587779E+00-3.019185705E+00-2.890362491E+00-2.760399765E+00-2.629567294E+00
-2.498154245E+00-2.366502915E+00-2.235045046E+00-2.104337229E+00-1.975088357E+00
-1.848165446E+00-1.724563017E+00-1.605331594E+00-1.491483873E+00-1.383911190E+00
-1.283332447E+00-1.190274867E+00-1.105072646E+00-1.027869312E+00-9.586153459E-01
-8.970584678E-01-8.427300271E-01-7.949376468E-01-7.527807635E-01-7.152049844E-01
-6.810947643E-01-6.493783970E-01-6.191094145E-01-5.895057857E-01-5.599522237E-01
-5.299815585E-01-4.992488670E-01-4.675060595E-01-4.345800941E-01-4.003554500E-01
-3.647605556E-01-3.277574782E-01-2.893341885E-01-2.494988695E-01-2.082757251E-01
-1.657019958E-01-1.218258542E-01-7.670497824E-02-3.040564936E-02 1.699776392E-02
 6.542303125E-02 1.147800749E-01 1.649708441E-01 2.158891073E-01 2.674202201E-01
 3.194409201E-01 3.718192180E-01 4.244143986E-01 4.770772559E-01 5.296505287E-01
 5.819696584E-01 6.338638527E-01 6.851575062E-01 7.356719690E-01 7.852276537E-01
 8.336464338E-01 8.807542713E-01 9.263839994E-01 9.703781498E-01 1.012591709E+00
 1.052894727E+00 1.091174634E+00 1.127338178E+00 1.161312932E+00 1.193048268E+00
 1.222515776E+00 1.249709134E+00 1.274643403E+00 1.297353794E+00 1.317893994E+00
 1.336334092E+00 1.352758229E+00 1.367262078E+00 1.379950237E+00 1.390933683E+00
 1.400327329E+00 1.408247794E+00-2.510825669E+00-2.630837680E+00-2.758424786E+00
-2.894600567E+00-3.040624598E+00-3.198084255E+00-3.368980365E+00-3.555728313E+00
-3.744832116E+00-3.905500844E+00-4.043233232E+00-4.155316902E+00-4.242305617E+00
-4.307050840E+00-4.342992764E+00-4.374790862E+00-4.407076122E+00-4.440601636E+00
-4.476020086E+00-4.513668324E+00-4.553406486E+00-4.594570865E+00-4.636046325E+00
-4.676405176E+00-4.714065312E+00-4.747434763E+00-4.775020014E+00-4.795488556E+00
-4.807691790E+00-4.810662619E+00-4.803602143E+00-4.785865509E+00-4.756953581E+00
-4.716513345E+00-4.664348803E+00-4.600441971E+00-4.524981913E+00-4.438396185E+00
-4.341373880E+00-4.234864709E+00-4.120038181E+00-3.998197702E+00-3.870664310E+00
-3.738663048E+00-3.603241678E+00-3.465234251E+00-3.325263084E+00-3.183764590E+00
-3.041026170E+00-2.897226464E+00-2.752475106E+00-2.606852977E+00-2.460454657E+00
-2.313437935E+00-2.166086123E+00-2.018888961E+00-1.872642046E+00-1.728536665E+00
-1.588158086E+00-1.453297326E+00-1.325637400E+00-1.206528602E+00-1.096944033E+00
-9.975344468E-01-9.086943028E-01-8.306027543E-01-7.632311560E-01-7.063153409E-01
-6.592921409E-01-6.212093835E-01-5.906554270E-01-5.658148210E-01-5.447318364E-01
-5.256556631E-01-5.072352653E-01-4.885214334E-01-4.688819408E-01-4.479110239E-01
-4.253589636E-01-4.010824966E-01-3.750109564E-01-3.471233207E-01-3.174326303E-01
-2.859753938E-01-2.528044080E-01-2.179839200E-01-1.815864119E-01-1.436905250E-01
-1.043797855E-01-6.374188781E-02-2.186837107E-02 2.114543297E-02 6.520027255E-02
 1.101927358E-01 1.560149567E-01 2.025543098E-01 2.496931333E-01 2.973085343E-01
 3.452722785E-01 3.934508340E-01 4.417055806E-01 4.898932163E-01 5.378663837E-01
 5.854745395E-01 6.325650558E-01 6.789845680E-01 7.245805334E-01 7.692029805E-01
 8.127063867E-01 8.549516609E-01 8.958081196E-01 9.351554248E-01 9.728853899E-01
 1.008903594E+00 1.043130736E+00 1.075503671E+00 1.105976110E+00 1.134518920E+00
 1.161120058E+00 1.185784097E+00 1.208531421E+00 1.229397068E+00 1.248429325E+00
 1.265688110E+00 1.281243197E+00 1.295172387E+00 1.307559655E+00 1.318493360E+00
 1.328064564E+00-2.532412216E+00-2.654323712E+00-2.783871206E+00-2.922046148E+00
-3.070086508E+00-3.229600338E+00-3.402833586E+00-3.593450475E+00-3.791099374E+00
-3.967585409E+00-4.126338685E+00-4.263596933E+00-4.376940468E+00-4.469670364E+00
-4.538792075E+00-4.585407851E+00-4.611198001E+00-4.636735939E+00-4.667621528E+00
-4.705151469E+00-4.749284681E+00-4.798699914E+00-4.851233069E+00-4.904248288E+00
-4.954984365E+00-5.000868673E+00-5.039705390E+00-5.069716042E+00-5.089489235E+00
-5.097902392E+00-5.094050037E+00-5.077191421E+00-5.046720116E+00-5.002155723E+00
-4.943157960E+00-4.869565356E+00-4.781461118E+00-4.679265653E+00-4.563843801E+00
-4.436588064E+00-4.299402228E+00-4.154513719E+00-4.004144883E+00-3.850201174E+00
-3.694113033E+00-3.536833351E+00-3.378916432E+00-3.220615225E+00-3.061967864E+00
-2.902865877E+00-2.743107081E+00-2.582437849E+00-2.420592055E+00-2.257334519E+00
-2.092522624E+00-1.926211890E+00-1.758866931E+00-1.591812888E+00-1.427945413E+00
-1.271386947E+00-1.125385187E+00-9.916914203E-01-8.712039325E-01-7.644203576E-01
-6.716396642E-01-5.930438967E-01-5.287153500E-01-4.786001556E-01-4.423958417E-01
-4.192858508E-01-4.073587325E-01-4.028972028E-01-4.013758436E-01-3.997059565E-01
-3.963581583E-01-3.906297633E-01-3.822198209E-01-3.710334411E-01-3.570866896E-01
-3.404565149E-01-3.212527546E-01-2.996019416E-01-2.756378170E-01-2.494958273E-01
-2.213100797E-01-1.912118107E-01-1.593287998E-01-1.257853811E-01-9.070280490E-02
-5.419980714E-02-1.639328967E-02 2.260095784E-02 6.266753963E-02 1.036907684E-01
 1.455540422E-01 1.881392998E-01 2.313265749E-01 2.749936678E-01 3.190159441E-01
 3.632662837E-01 4.076151892E-01 4.519310702E-01 4.960806912E-01 5.399298209E-01
 5.833440515E-01 6.261897774E-01 6.683353387E-01 7.096522782E-01 7.500166887E-01
 7.893106118E-01 8.274234444E-01 8.642532861E-01 8.997082192E-01 9.337074256E-01
 9.661821395E-01 9.970763765E-01 1.026347420E+00 1.053966044E+00 1.079916483E+00
 1.104196099E+00 1.126814842E+00 1.147794449E+00 1.167167471E+00 1.184976122E+00
 1.201271031E+00 1.216109921E+00 1.229556259E+00 1.241677924E+00 1.252545927E+00
-2.536613572E+00-2.657884905E+00-2.786293893E+00-2.922600722E+00-3.067676066E+00
-3.222498065E+00-3.388079214E+00-3.565084789E+00-3.752771289E+00-3.945619593E+00
-4.125651455E+00-4.285348321E+00-4.425715848E+00-4.550624836E+00-4.644154660E+00
-4.720964687E+00-4.778341124E+00-4.811374749E+00-4.834729617E+00-4.873274262E+00
-4.927432191E+00-4.993364149E+00-5.066829154E+00-5.142688498E+00-5.215691183E+00
-5.281621417E+00-5.337573129E+00-5.381610851E+00-5.412394264E+00-5.428921976E+00
-5.430376291E+00-5.416032927E+00-5.385213182E+00-5.337266292E+00-5.271580249E+00
-5.187626154E+00-5.085052484E+00-4.963859552E+00-4.824701954E+00-4.669350688E+00
-4.501139477E+00-4.324681093E+00-4.144430289E+00-3.963472102E+00-3.783473453E+00
-3.605123239E+00-3.428518422E+00-3.253409174E+00-3.079341467E+00-2.905737630E+00
-2.731939867E+00-2.557232288E+00-2.380849475E+00-2.201976136E+00-2.019738727E+00
-1.833182768E+00-1.641208277E+00-1.442298102E+00-1.232704195E+00-1.048143154E+00
-8.777728158E-01-7.246508338E-01-5.961787496E-01-4.800821946E-01-3.804227189E-01
-3.055842821E-01-2.433680554E-01-1.983607488E-01-1.798909197E-01-1.759886511E-01
-1.925323649E-01-2.331499330E-01-2.605943258E-01-2.806109232E-01-2.942772078E-01
-3.023081406E-01-3.052810489E-01-3.036920460E-01-2.979766763E-01-2.885202857E-01
-2.756649722E-01-2.597152673E-01-2.409431333E-01-2.195924938E-01-1.958833127E-01
-1.700152526E-01-1.421709138E-01-1.125186900E-01-8.121527153E-02-4.840783062E-02
-1.423592155E-02 2.116687457E-02 5.767153102E-02 9.515236473E-02 1.334860153E-01
 1.725506009E-01 2.122250447E-01 2.523885644E-01 2.929203239E-01 3.336992429E-01
 3.746039720E-01 4.155130087E-01 4.563049899E-01 4.968591203E-01 5.370557381E-01
 5.767770167E-01 6.159077686E-01 6.543363424E-01 6.919555787E-01 7.286637996E-01
 7.643658012E-01 7.989737974E-01 8.324083261E-01 8.645990309E-01 8.954853251E-01
 9.250169116E-01 9.531541174E-01 9.798680628E-01 1.005140628E+00 1.028964241E+00
 1.051341487E+00 1.072284547E+00 1.091814508E+00 1.109960547E+00 1.126759016E+00
 1.142252493E+00 1.156488776E+00 1.169519882E+00 1.181401078E+00-2.524571518E+00
-2.643147817E+00-2.768042621E+00-2.899736891E+00-3.038707518E+00-3.185377428E+00
-3.340025827E+00-3.502661589E+00-3.672929996E+00-3.850173522E+00-4.033594682E+00
-4.218621182E+00-4.383784210E+00-4.530567225E+00-4.655609761E+00-4.759664523E+00
-4.841257589E+00-4.898118826E+00-4.935891349E+00-4.989344454E+00-5.065661506E+00
-5.162695167E+00-5.276812219E+00-5.396381597E+00-5.506308396E+00-5.601519712E+00
-5.680442256E+00-5.742404919E+00-5.786999347E+00-5.813853149E+00-5.822530145E+00
-5.812480490E+00-5.783012515E+00-5.733275369E+00-5.662249154E+00-5.568746400E+00
-5.451436883E+00-5.308929401E+00-5.140003230E+00-4.944336033E+00-4.725603521E+00
-4.499720836E+00-4.279086979E+00-4.066038757E+00-3.860324927E+00-3.660991435E+00
-3.466873462E+00-3.276760224E+00-3.089449370E+00-2.903755676E+00-2.718497716E+00
-2.532471529E+00-2.344414248E+00-2.152954995E+00-1.956545730E+00-1.753354592E+00
-1.541089843E+00-1.316725316E+00-1.079228355E+00-8.675606577E-01-6.786309949E-01
-5.131060592E-01-3.728744111E-01-2.508397769E-01-1.496388016E-01-7.281101146E-02
-1.436556552E-02 2.178313423E-02 3.055849719E-02 1.641337501E-02-2.691154912E-02
-9.438573268E-02-1.456599409E-01-1.841167512E-01-2.122763651E-01-2.319371164E-01
-2.444351363E-01-2.508037935E-01-2.518662511E-01-2.482922284E-01-2.406354239E-01
-2.293597212E-01-2.148584050E-01-1.974686475E-01-1.774826920E-01-1.551566256E-01
-1.307173228E-01-1.043680233E-01-7.629283529E-02-4.666040313E-02-1.562691033E-02
 1.666144947E-02 5.006643920E-02 8.445610334E-02 1.197033982E-01 1.556850822E-01
 1.922808346E-01 2.293725780E-01 2.668439898E-01 3.045801749E-01 3.424675136E-01
 3.803936435E-01 4.182475837E-01 4.559199947E-01 4.933035466E-01 5.302933835E-01
 5.667876961E-01 6.026883253E-01 6.379014566E-01 6.723382981E-01 7.059157780E-01
 7.385572266E-01 7.701929965E-01 8.007610112E-01 8.302072451E-01 8.584860747E-01
 8.855605226E-01 9.114023698E-01 9.359921307E-01 9.593189093E-01 9.813801055E-01
 1.002181024E+00 1.021734372E+00 1.040059661E+00 1.057182544E+00 1.073134108E+00
 1.087950125E+00 1.101670291E+00 1.114337487E+00-2.498280235E+00-2.612751734E+00
-2.732652346E+00-2.858255734E+00-2.989796673E+00-3.127440507E+00-3.271246879E+00
-3.421137913E+00-3.576887244E+00-3.738143217E+00-3.904480617E+00-4.075460302E+00
-4.250755803E+00-4.425243704E+00-4.573778084E+00-4.702689716E+00-4.809378591E+00
-4.889771978E+00-4.950042065E+00-5.027784462E+00-5.133410674E+00-5.269788830E+00
-5.442819374E+00-5.632624747E+00-5.788056584E+00-5.915730771E+00-6.019038835E+00
-6.099880900E+00-6.159288916E+00-6.197659729E+00-6.214861359E+00-6.210351576E+00
-6.183373102E+00-6.133039469E+00-6.058163709E+00-5.957035383E+00-5.827262475E+00
-5.665582065E+00-5.467495125E+00-5.226407529E+00-4.931364166E+00-4.640154129E+00
-4.377428346E+00-4.134982527E+00-3.907704570E+00-3.691939922E+00-3.484863200E+00
-3.284175767E+00-3.087924446E+00-2.894376257E+00-2.701922433E+00-2.508997628E+00
-2.314004794E+00-2.115239673E+00-1.910810307E+00-1.698552616E+00-1.475954162E+00
-1.240119849E+00-9.918778829E-01-7.682953057E-01-5.705293002E-01-3.984686724E-01
-2.521539206E-01-1.272775375E-01-2.529220177E-02 5.216244789E-02 1.079827154E-01
 1.391846330E-01 1.424717078E-01 1.191282667E-01 6.437542065E-02-1.346003298E-02
-7.580748717E-02-1.240007370E-01-1.603934469E-01-1.869486700E-01-2.052572631E-01
-2.165955056E-01-2.219878851E-01-2.222619557E-01-2.180923759E-01-2.100350436E-01
-1.985532144E-01-1.840374503E-01-1.668208991E-01-1.471910892E-01-1.253991014E-01
-1.016667618E-01-7.619233525E-02-4.915506206E-02-2.071880269E-02 8.965021805E-03
 3.975504642E-02 7.151802882E-02 1.041272851E-01 1.374614318E-01 1.714033870E-01
 2.058395953E-01 2.406594439E-01 2.757548628E-01 3.110200645E-01 3.463514275E-01
 3.816475183E-01 4.168092014E-01 4.517398660E-01 4.863457345E-01 5.205362264E-01
 5.542243983E-01 5.873274032E-01 6.197669766E-01 6.514699291E-01 6.823686093E-01
 7.124013608E-01 7.415128891E-01 7.696546137E-01 7.967849066E-01 8.228692609E-01
 8.478803743E-01 8.717981254E-01 8.946094580E-01 9.163081810E-01 9.368946743E-01
 9.563755125E-01 9.747630389E-01 9.920748576E-01 1.008333316E+00 1.023564925E+00
 1.037799795E+00 1.051071047E+00-2.460039211E+00-2.569552927E+00-2.683664844E+00
-2.802516609E+00-2.926208808E+00-3.054785448E+00-3.188218915E+00-3.326399535E+00
-3.469132781E+00-3.616146325E+00-3.767104382E+00-3.921624291E+00-4.079288880E+00
-4.239652282E+00-4.402604183E+00-4.556850525E+00-4.688675707E+00-4.791314406E+00
-4.873972576E+00-4.973154001E+00-5.100647748E+00-5.260870394E+00-5.460465788E+00
-5.676575718E+00-5.853675873E+00-5.997856844E+00-6.113618610E+00-6.203952327E+00
-6.270668304E+00-6.314670818E+00-6.336143136E+00-6.334720969E+00-6.309707881E+00
-6.260162646E+00-6.184723206E+00-6.081352573E+00-5.947111718E+00-5.777872238E+00
-5.567890937E+00-5.309286851E+00-4.991768149E+00-4.678654322E+00-4.398895122E+00
-4.144160404E+00-3.908081785E+00-3.685921027E+00-3.474100678E+00-3.269825680E+00
-3.070816019E+00-2.875120473E+00-2.680981727E+00-2.486731194E+00-2.290698854E+00
-2.091127992E+00-1.886088311E+00-1.673387318E+00-1.450490656E+00-1.214485223E+00
-9.661102328E-01-7.426257738E-01-5.449561600E-01-3.730632783E-01-2.270869021E-01
-1.025283414E-01-9.191117212E-04 7.599423302E-02 1.313031310E-01 1.619432843E-01
 1.645055616E-01 1.404732657E-01 8.498319103E-02 6.226372731E-03-5.702698555E-02
-1.061953198E-01-1.436333106E-01-1.713037407E-01-1.907966170E-01-2.033872352E-01
-2.100991549E-01-2.117590763E-01-2.090408615E-01-2.024996061E-01-1.925977126E-01
-1.797247845E-01-1.642128558E-01-1.463481416E-01-1.263801646E-01-1.045289075E-01
-8.099046118E-02-5.594152321E-02-2.954300094E-02-1.942914381E-03 2.672125666E-02
 5.632067111E-02 8.673358943E-02 1.178441373E-01 1.495413188E-01 1.817182450E-01
 2.142715463E-01 2.471009398E-01 2.801089500E-01 3.132007336E-01 3.462840299E-01
 3.792692003E-01 4.120693478E-01 4.446005113E-01 4.767819111E-01 5.085362461E-01
 5.397900166E-01 5.704738583E-01 6.005228925E-01 6.298770558E-01 6.584814101E-01
 6.862864235E-01 7.132481971E-01 7.393286469E-01 7.644956147E-01 7.887229276E-01
 8.119903754E-01 8.342836246E-01 8.555940681E-01 8.759186035E-01 8.952593564E-01
 9.136233570E-01 9.310221675E-01 9.474714738E-01 9.629906608E-01 9.776023707E-01
 9.913320379E-01
 3.915554830E+00 3.717253860E+00 3.650922310E+00 3.609455240E+00 3.583502900E+00
 3.564744440E+00 3.551332870E+00 3.537440870E+00 3.527631950E+00 3.518516870E+00
 3.510279540E+00 3.503330940E+00 3.496349540E+00 3.490572830E+00 3.484572510E+00
 3.479263770E+00 3.474544220E+00 3.469799830E+00 3.466135810E+00 3.462184420E+00
 3.458721620E+00 3.455995090E+00 3.453212680E+00 3.450820280E+00 3.449059250E+00
 3.447297710E+00 3.445844250E+00 3.444958920E+00 3.444127590E+00 3.443526460E+00
 3.443468700E+00 3.443506180E+00 3.443789050E+00 3.444330350E+00 3.445197010E+00
 3.446253850E+00 3.447402380E+00 3.448985130E+00 3.450748310E+00 3.452655500E+00
 3.454738850E+00 3.457163270E+00 3.459795540E+00 3.462505750E+00 3.465445770E+00
 3.468660660E+00 3.472062720E+00 3.475633140E+00 3.479324750E+00 3.483240860E+00
 3.487415610E+00 3.491784140E+00 3.496187010E+00 3.500874010E+00 3.505741640E+00
 3.510828960E+00 3.516052760E+00 3.521396130E+00 3.526976320E+00 3.532800860E+00
 3.538800970E+00 3.544873020E+00 3.551119800E+00 3.557534880E+00 3.564179210E+00
 3.571034280E+00 3.578195260E+00 3.585849030E+00 3.594110920E+00 3.603182140E+00
 3.613037130E+00 3.623785240E+00 3.635517370E+00 3.648370530E+00 3.662407940E+00
 3.677617900E+00 3.694062030E+00 3.711814940E+00 3.730975440E+00 3.751574670E+00
 3.773636160E+00 3.797232700E+00 3.822396170E+00 3.849211770E+00 3.877751040E+00
 3.908004050E+00 3.940154070E+00 3.974166040E+00 4.010099360E+00 4.048125040E+00
 4.088185790E+00 4.130570950E+00 4.175218940E+00 4.222154640E+00 4.271639140E+00
 4.323654450E+00 4.378497390E+00 4.436065280E+00 4.496414570E+00 4.559868560E+00
 4.626552040E+00 4.696896040E+00 4.770605280E+00 4.848167300E+00 4.929475780E+00
 5.013780970E+00 5.100552050E+00 5.189379240E+00 5.280121490E+00 5.371686060E+00
 5.463466320E+00 5.553859590E+00 5.641164510E+00 5.723491270E+00 5.798685320E+00
 5.865691340E+00 5.924050120E+00 5.975170260E+00 6.022479690E+00 6.070123100E+00
 6.124516110E+00 6.193122190E+00 6.282790200E+00 6.403571580E+00 6.566827060E+00
 6.795192750E+00 7.129622420E+00 7.714473020E+00 1.049315830E+01
   90    6
 2.671534941E+00 0.000000000E+00 2.675263788E+00 2.352941176E-01 2.687063600E+00
 4.705882353E-01 2.701209035E+00 6.470588235E-01 2.726470588E+00 8.694050894E-01
 2.754579012E+00 1.058823529E+00 2.786398329E+00 1.235294118E+00 2.820220588E+00
 1.397208807E+00 2.851470588E+00 1.531035887E+00 2.895835671E+00 1.705882353E+00
 2.944089812E+00 1.882352941E+00 2.977472847E+00 2.000000000E+00 3.029313506E+00
 2.176470588E+00 3.070220588E+00 2.310750459E+00 3.124380329E+00 2.470588235E+00
 3.179604094E+00 2.620012659E+00 3.195237576E+00 2.658948094E+00 3.320220588E+00
 2.609204188E+00 3.413970588E+00 2.567545647E+00 3.507720588E+00 2.523519600E+00
 3.614762941E+00 2.470588235E+00 3.726470588E+00 2.412134824E+00 3.820220588E+00
 2.359538071E+00 3.913970588E+00 2.303501005E+00 4.007720588E+00 2.243681889E+00
 4.101470588E+00 2.179487200E+00 4.185244165E+00 2.117647059E+00 4.260874094E+00
 2.058823529E+00 4.351470588E+00 1.983063129E+00 4.445220588E+00 1.898533318E+00
 4.522345671E+00 1.823529412E+00 4.601470588E+00 1.741718727E+00 4.685486682E+00
 1.647058824E+00 4.757720588E+00 1.559007325E+00 4.824165129E+00 1.470588235E+00
 4.903318000E+00 1.352941176E+00 4.973341624E+00 1.235294118E+00 5.035740635E+00
 1.117647059E+00 5.091782800E+00 1.000000000E+00 5.142400282E+00 8.823529412E-01
 5.195220588E+00 7.451232024E-01 5.248676776E+00 5.882352941E-01 5.288970588E+00
 4.481454682E-01 5.323827506E+00 2.941176471E-01 5.349901224E+00 5.882352941E-02
 5.341335694E+00-1.764705882E-01 5.312054706E+00-3.529411765E-01 5.266801694E+00
-5.294117647E-01 5.226470588E+00-6.568401035E-01 5.165878565E+00-8.235294118E-01
 5.117574118E+00-9.411764706E-01 5.064225176E+00-1.058823529E+00 5.005041859E+00
-1.176470588E+00 4.938966376E+00-1.294117647E+00 4.864621271E+00-1.411764706E+00
 4.788970588E+00-1.517977659E+00 4.726470588E+00-1.598308715E+00 4.634796400E+00
-1.705882353E+00 4.570220588E+00-1.775883558E+00 4.476470588E+00-1.870104689E+00
 4.400495012E+00-1.941176471E+00 4.320220588E+00-2.012164139E+00 4.226470588E+00
-2.088846572E+00 4.132720588E+00-2.159767078E+00 4.038970588E+00-2.225523767E+00
 3.945220588E+00-2.286739494E+00 3.851470588E+00-2.344078868E+00 3.757720588E+00
-2.398014353E+00 3.663970588E+00-2.448736494E+00 3.570220588E+00-2.496504965E+00
 3.476470588E+00-2.540993741E+00 3.366666824E+00-2.588235294E+00 3.257720588E+00
-2.635295271E+00 3.195673059E+00-2.660389647E+00 3.132720588E+00-2.495307059E+00
 3.085600706E+00-2.352941176E+00 3.038970588E+00-2.204088555E+00 2.996436612E+00
-2.058823529E+00 2.945901129E+00-1.882352941E+00 2.913343035E+00-1.764705882E+00
 2.866597153E+00-1.588235294E+00 2.823859082E+00-1.411764706E+00 2.788970588E+00
-1.248982965E+00 2.757720588E+00-1.080428741E+00 2.727615765E+00-8.823529412E-01
 2.706839459E+00-7.058823529E-01 2.691410094E+00-5.294117647E-01 2.677736329E+00
-2.941176471E-01 2.671818706E+00-5.882352941E-02 2.671534941E+00 0.000000000E+00
 5.380000000E+00 2.710000000E+00 2.620000000E+00 2.710000000E+00 2.620000000E+00
-2.710000000E+00 5.380000000E+00-2.710000000E+00 5.380000000E+00 2.710000000E+00
 5.380000000E+00 2.710000000E+00
    0 7.000000000E+00    0
