  EFITD    03/25/2017    #158766  4200ms           3 129 129
 0.170000000E+01 0.320000000E+01 0.169550002E+01 0.840000000E+00 0.000000000E+00
 0.174641456E+01 0.200558890E-01-0.263301419E+00-0.497544249E-01-0.146871481E+01
 0.894801348E+06-0.263301419E+00 0.000000000E+00 0.174641456E+01 0.000000000E+00
 0.200558890E-01 0.000000000E+00-0.497544249E-01 0.000000000E+00 0.000000000E+00
-0.254477491E+01-0.254315846E+01-0.254157077E+01-0.254001164E+01-0.253848087E+01
-0.253697824E+01-0.253550353E+01-0.253405655E+01-0.253263706E+01-0.253124487E+01
-0.252987974E+01-0.252854146E+01-0.252722982E+01-0.252594458E+01-0.252468553E+01
-0.252345245E+01-0.252224510E+01-0.252106326E+01-0.251990671E+01-0.251877522E+01
-0.251766855E+01-0.251658648E+01-0.251552877E+01-0.251449519E+01-0.251348550E+01
-0.251249948E+01-0.251153688E+01-0.251059746E+01-0.250968100E+01-0.250878724E+01
-0.250791595E+01-0.250706689E+01-0.250623982E+01-0.250543448E+01-0.250465065E+01
-0.250388807E+01-0.250314649E+01-0.250242568E+01-0.250172538E+01-0.250104535E+01
-0.250038533E+01-0.249974508E+01-0.249912435E+01-0.249852288E+01-0.249794043E+01
-0.249737673E+01-0.249683155E+01-0.249630462E+01-0.249579570E+01-0.249530451E+01
-0.249483082E+01-0.249437436E+01-0.249393488E+01-0.249351212E+01-0.249310583E+01
-0.249271573E+01-0.249234158E+01-0.249198312E+01-0.249164009E+01-0.249131222E+01
-0.249099926E+01-0.249070095E+01-0.249041702E+01-0.249014721E+01-0.248989127E+01
-0.248964892E+01-0.248941991E+01-0.248920397E+01-0.248900085E+01-0.248881027E+01
-0.248863197E+01-0.248846569E+01-0.248831117E+01-0.248816814E+01-0.248803633E+01
-0.248791548E+01-0.248780533E+01-0.248770560E+01-0.248761605E+01-0.248753639E+01
-0.248746636E+01-0.248740570E+01-0.248735414E+01-0.248731142E+01-0.248727726E+01
-0.248725141E+01-0.248723359E+01-0.248722354E+01-0.248722099E+01-0.248722568E+01
-0.248723734E+01-0.248725569E+01-0.248728048E+01-0.248731144E+01-0.248734830E+01
-0.248739079E+01-0.248743865E+01-0.248749161E+01-0.248754940E+01-0.248761176E+01
-0.248767841E+01-0.248774910E+01-0.248782354E+01-0.248790149E+01-0.248798266E+01
-0.248806680E+01-0.248815363E+01-0.248824289E+01-0.248833432E+01-0.248842764E+01
-0.248852258E+01-0.248861889E+01-0.248871629E+01-0.248881452E+01-0.248891331E+01
-0.248901239E+01-0.248911150E+01-0.248921037E+01-0.248930874E+01-0.248940634E+01
-0.248950289E+01-0.248959814E+01-0.248969182E+01-0.248978366E+01-0.248987340E+01
-0.248996076E+01-0.249004549E+01-0.249012732E+01-0.249020598E+01
 0.512500645E+05 0.508574849E+05 0.504647823E+05 0.500719566E+05 0.496790079E+05
 0.492859363E+05 0.488927415E+05 0.484994238E+05 0.481059831E+05 0.477124193E+05
 0.473187326E+05 0.469249228E+05 0.465309900E+05 0.461369342E+05 0.457427554E+05
 0.453484535E+05 0.449540286E+05 0.445594808E+05 0.441648099E+05 0.437700160E+05
 0.433750990E+05 0.429800591E+05 0.425848961E+05 0.421896102E+05 0.417942012E+05
 0.413986692E+05 0.410030142E+05 0.406072361E+05 0.402113351E+05 0.398153110E+05
 0.394191639E+05 0.390228938E+05 0.386265007E+05 0.382299846E+05 0.378333454E+05
 0.374365833E+05 0.370396981E+05 0.366426899E+05 0.362455587E+05 0.358483045E+05
 0.354509272E+05 0.350534270E+05 0.346558037E+05 0.342580574E+05 0.338601881E+05
 0.334621958E+05 0.330640804E+05 0.326658421E+05 0.322674807E+05 0.318689963E+05
 0.314703889E+05 0.310716585E+05 0.306728051E+05 0.302738286E+05 0.298747292E+05
 0.294755067E+05 0.290761612E+05 0.286766927E+05 0.282771012E+05 0.278773866E+05
 0.274775491E+05 0.270775885E+05 0.266775049E+05 0.262772983E+05 0.258769687E+05
 0.254765160E+05 0.250759404E+05 0.246752417E+05 0.242744200E+05 0.238734753E+05
 0.234724076E+05 0.230712169E+05 0.226699031E+05 0.222684664E+05 0.218669066E+05
 0.214652238E+05 0.210634180E+05 0.206614892E+05 0.202594373E+05 0.198572625E+05
 0.194549646E+05 0.190525437E+05 0.186499998E+05 0.182473329E+05 0.178445429E+05
 0.174416300E+05 0.170385940E+05 0.166354350E+05 0.162321530E+05 0.158287480E+05
 0.154252200E+05 0.150215689E+05 0.146177949E+05 0.142138978E+05 0.138098777E+05
 0.134057346E+05 0.130014684E+05 0.125970793E+05 0.121925671E+05 0.117879320E+05
 0.113831738E+05 0.109782926E+05 0.105732883E+05 0.101681611E+05 0.976291085E+04
 0.935753758E+04 0.895204130E+04 0.854642200E+04 0.814067968E+04 0.773481435E+04
 0.732882600E+04 0.692271463E+04 0.651648025E+04 0.611012285E+04 0.570364244E+04
 0.529703901E+04 0.489031257E+04 0.448346311E+04 0.407649063E+04 0.366939514E+04
 0.326217663E+04 0.285483511E+04 0.244737057E+04 0.203978301E+04 0.163207244E+04
 0.122423886E+04 0.816282253E+03 0.408202634E+03 0.000000000E+00
-0.248765211E+01-0.244206141E+01-0.239686847E+01-0.235207330E+01-0.230767589E+01
-0.226367624E+01-0.222007435E+01-0.217687023E+01-0.213406387E+01-0.209165527E+01
-0.204964443E+01-0.200803136E+01-0.196681605E+01-0.192599850E+01-0.188557871E+01
-0.184555669E+01-0.180593243E+01-0.176670593E+01-0.172787720E+01-0.168944623E+01
-0.165141302E+01-0.161377757E+01-0.157653989E+01-0.153969996E+01-0.150325781E+01
-0.146721341E+01-0.143156678E+01-0.139631791E+01-0.136146680E+01-0.132701345E+01
-0.129295787E+01-0.125930005E+01-0.122603999E+01-0.119317770E+01-0.116071317E+01
-0.112864640E+01-0.109697739E+01-0.106570615E+01-0.103483266E+01-0.100435695E+01
-0.974278990E+00-0.944598797E+00-0.915316366E+00-0.886431698E+00-0.857944793E+00
-0.829855650E+00-0.802164270E+00-0.774870653E+00-0.747974798E+00-0.721476706E+00
-0.695376377E+00-0.669673810E+00-0.644369006E+00-0.619461965E+00-0.594952686E+00
-0.570841170E+00-0.547127417E+00-0.523811426E+00-0.500893198E+00-0.478372733E+00
-0.456250030E+00-0.434525090E+00-0.413197913E+00-0.392268499E+00-0.371736847E+00
-0.351602957E+00-0.331866831E+00-0.312528467E+00-0.293587866E+00-0.275045027E+00
-0.256899951E+00-0.239152638E+00-0.221803087E+00-0.204851299E+00-0.188297274E+00
-0.172141012E+00-0.156382512E+00-0.141021774E+00-0.126058800E+00-0.111493588E+00
-0.973261387E-01-0.835564521E-01-0.701845282E-01-0.572103670E-01-0.446339684E-01
-0.324553326E-01-0.206744593E-01-0.929134880E-02 0.169399907E-02 0.122815843E-01
 0.224714068E-01 0.322634667E-01 0.416577639E-01 0.506542984E-01 0.592530703E-01
 0.674540795E-01 0.752573260E-01 0.826628098E-01 0.896705310E-01 0.962804895E-01
 0.102492685E+00 0.108307119E+00 0.113723789E+00 0.118742697E+00 0.123363842E+00
 0.127587225E+00 0.131412844E+00 0.134840702E+00 0.137870796E+00 0.140503128E+00
 0.142737697E+00 0.144574504E+00 0.146013547E+00 0.147054828E+00 0.147698347E+00
 0.147944103E+00 0.147792096E+00 0.147242326E+00 0.146294794E+00 0.144949499E+00
 0.143206442E+00 0.141065622E+00 0.138527039E+00 0.135590693E+00 0.132256585E+00
 0.128524714E+00 0.124395080E+00 0.119867684E+00 0.114942525E+00
-0.235275234E+06-0.235348969E+06-0.235422705E+06-0.235496441E+06-0.235570176E+06
-0.235643912E+06-0.235717648E+06-0.235791383E+06-0.235865119E+06-0.235938855E+06
-0.236012590E+06-0.236086326E+06-0.236160061E+06-0.236233797E+06-0.236307533E+06
-0.236381268E+06-0.236455004E+06-0.236528740E+06-0.236602475E+06-0.236676211E+06
-0.236749947E+06-0.236823682E+06-0.236897418E+06-0.236971154E+06-0.237044889E+06
-0.237118625E+06-0.237192361E+06-0.237266096E+06-0.237339832E+06-0.237413567E+06
-0.237487303E+06-0.237561039E+06-0.237634774E+06-0.237708510E+06-0.237782246E+06
-0.237855981E+06-0.237929717E+06-0.238003453E+06-0.238077188E+06-0.238150924E+06
-0.238224660E+06-0.238298395E+06-0.238372131E+06-0.238445867E+06-0.238519602E+06
-0.238593338E+06-0.238667074E+06-0.238740809E+06-0.238814545E+06-0.238888280E+06
-0.238962016E+06-0.239035752E+06-0.239109487E+06-0.239183223E+06-0.239256959E+06
-0.239330694E+06-0.239404430E+06-0.239478166E+06-0.239551901E+06-0.239625637E+06
-0.239699373E+06-0.239773108E+06-0.239846844E+06-0.239920580E+06-0.239994315E+06
-0.240068051E+06-0.240141786E+06-0.240215522E+06-0.240289258E+06-0.240362993E+06
-0.240436729E+06-0.240510465E+06-0.240584200E+06-0.240657936E+06-0.240731672E+06
-0.240805407E+06-0.240879143E+06-0.240952879E+06-0.241026614E+06-0.241100350E+06
-0.241174086E+06-0.241247821E+06-0.241321557E+06-0.241395293E+06-0.241469028E+06
-0.241542764E+06-0.241616499E+06-0.241690235E+06-0.241763971E+06-0.241837706E+06
-0.241911442E+06-0.241985178E+06-0.242058913E+06-0.242132649E+06-0.242206385E+06
-0.242280120E+06-0.242353856E+06-0.242427592E+06-0.242501327E+06-0.242575063E+06
-0.242648799E+06-0.242722534E+06-0.242796270E+06-0.242870006E+06-0.242943741E+06
-0.243017477E+06-0.243091212E+06-0.243164948E+06-0.243238684E+06-0.243312419E+06
-0.243386155E+06-0.243459891E+06-0.243533626E+06-0.243607362E+06-0.243681098E+06
-0.243754833E+06-0.243828569E+06-0.243902305E+06-0.243976040E+06-0.244049776E+06
-0.244123512E+06-0.244197247E+06-0.244270983E+06-0.244344718E+06-0.244418454E+06
-0.244492190E+06-0.244565925E+06-0.244639661E+06-0.244713397E+06
-0.292992533E-01-0.314228572E-01-0.336340267E-01-0.359375017E-01-0.383373028E-01
-0.408365100E-01-0.434371025E-01-0.461399082E-01-0.489447086E-01-0.518505069E-01
-0.548559100E-01-0.579595388E-01-0.611603851E-01-0.644580798E-01-0.678610104E-01
-0.711815805E-01-0.743146261E-01-0.771769601E-01-0.799314890E-01-0.830863769E-01
-0.867790836E-01-0.911108624E-01-0.962264570E-01-0.101753842E+00-0.106467952E+00
-0.110500903E+00-0.113951582E+00-0.116886646E+00-0.119347499E+00-0.121356895E+00
-0.122924577E+00-0.124051821E+00-0.124733318E+00-0.124955823E+00-0.124695396E+00
-0.123914462E+00-0.122558044E+00-0.120547968E+00-0.117774120E+00-0.114083595E+00
-0.109274387E+00-0.104548137E+00-0.100618918E+00-0.973247214E-01-0.945457735E-01
-0.921982761E-01-0.902251046E-01-0.885884513E-01-0.872649351E-01-0.862426142E-01
-0.855193525E-01-0.851021844E-01-0.850074958E-01-0.852619719E-01-0.859043478E-01
-0.869880103E-01-0.885842352E-01-0.907847825E-01-0.935917470E-01-0.954749280E-01
-0.965493653E-01-0.967495661E-01-0.959951740E-01-0.945706775E-01-0.923505874E-01
-0.891935239E-01-0.853399083E-01-0.806108577E-01-0.748025282E-01-0.681001831E-01
-0.602530098E-01-0.514827511E-01-0.433471966E-01-0.357266215E-01-0.285283308E-01
-0.216778353E-01-0.151161603E-01-0.879654094E-02-0.268163428E-02 0.325861280E-02
 0.904855174E-02 0.147080120E-01 0.202531836E-01 0.256972858E-01 0.310510797E-01
 0.363232678E-01 0.415208083E-01 0.466491660E-01 0.517125129E-01 0.567138907E-01
 0.616553440E-01 0.665380296E-01 0.713623074E-01 0.761278185E-01 0.808335525E-01
 0.854779068E-01 0.900587421E-01 0.945734329E-01 0.990189182E-01 0.103391750E+00
 0.107688145E+00 0.111904033E+00 0.116035114E+00 0.120076910E+00 0.124024824E+00
 0.127874199E+00 0.131620383E+00 0.135258783E+00 0.138784936E+00 0.142194564E+00
 0.145483641E+00 0.148648442E+00 0.151685605E+00 0.154592175E+00 0.157365649E+00
 0.160004009E+00 0.162505755E+00 0.164869923E+00 0.167096095E+00 0.169184408E+00
 0.171135543E+00 0.172950716E+00 0.174631654E+00 0.176180572E+00 0.177600134E+00
 0.178893419E+00 0.180063878E+00 0.181115287E+00 0.182051704E+00-0.298017776E-01
-0.320010178E-01-0.342969184E-01-0.366953182E-01-0.392015287E-01-0.418199214E-01
-0.445534821E-01-0.474034708E-01-0.503694022E-01-0.534494892E-01-0.566414458E-01
-0.599433742E-01-0.633585118E-01-0.667594105E-01-0.699577625E-01-0.729249774E-01
-0.757090616E-01-0.782583461E-01-0.806753346E-01-0.834933966E-01-0.868172941E-01
-0.907173839E-01-0.953227613E-01-0.100326165E+00-0.104606061E+00-0.108310231E+00
-0.111514868E+00-0.114263783E+00-0.116582141E+00-0.118482239E+00-0.119967513E+00
-0.121035884E+00-0.121681012E+00-0.121890832E+00-0.121645104E+00-0.120913261E+00
-0.119652079E+00-0.117801971E+00-0.115279817E+00-0.111962146E+00-0.107638137E+00
-0.103390092E+00-0.998322299E-01-0.968045833E-01-0.942154574E-01-0.920054028E-01
-0.901343980E-01-0.885762196E-01-0.873155071E-01-0.863461866E-01-0.856707773E-01
-0.853003868E-01-0.852553213E-01-0.855662767E-01-0.862760450E-01-0.874414954E-01
-0.891351861E-01-0.914453513E-01-0.943178370E-01-0.963418877E-01-0.974761605E-01
-0.977010839E-01-0.970081270E-01-0.955563973E-01-0.932730490E-01-0.900931802E-01
-0.861256319E-01-0.812417064E-01-0.753161933E-01-0.684005575E-01-0.603029947E-01
-0.513485086E-01-0.429767468E-01-0.351309868E-01-0.277223207E-01-0.206753674E-01
-0.139283097E-01-0.743124805E-02-0.114409399E-02 0.496539457E-02 0.109232413E-01
 0.167505303E-01 0.224643879E-01 0.280787324E-01 0.336048467E-01 0.390518182E-01
 0.444268814E-01 0.497356841E-01 0.549824997E-01 0.601703945E-01 0.653013646E-01
 0.703764453E-01 0.753958037E-01 0.803588153E-01 0.852641308E-01 0.901097355E-01
 0.948930037E-01 0.996107505E-01 0.104259283E+00 0.108834452E+00 0.113331705E+00
 0.117746145E+00 0.122072585E+00 0.126305619E+00 0.130439684E+00 0.134469132E+00
 0.138388308E+00 0.142191621E+00 0.145873628E+00 0.149429106E+00 0.152853133E+00
 0.156141161E+00 0.159289083E+00 0.162293296E+00 0.165150758E+00 0.167859033E+00
 0.170416328E+00 0.172821518E+00 0.175074158E+00 0.177174489E+00 0.179123426E+00
 0.180922539E+00 0.182574026E+00 0.184080670E+00 0.185445798E+00 0.186673222E+00
 0.187767188E+00 0.188732317E+00 0.189573537E+00-0.301037521E-01-0.323602022E-01
-0.347232294E-01-0.372009046E-01-0.398012868E-01-0.425317335E-01-0.453976966E-01
-0.484011117E-01-0.515394058E-01-0.548066098E-01-0.581964359E-01-0.616765273E-01
-0.648413621E-01-0.678729679E-01-0.707075352E-01-0.733017786E-01-0.757080708E-01
-0.778735366E-01-0.799056555E-01-0.822737530E-01-0.850294400E-01-0.881484829E-01
-0.915724944E-01-0.950920068E-01-0.984157874E-01-0.101438815E+00-0.104131736E+00
-0.106485096E+00-0.108495162E+00-0.110158999E+00-0.111472378E+00-0.112428787E+00
-0.113018915E+00-0.113230378E+00-0.113047614E+00-0.112452029E+00-0.111422647E+00
-0.109937963E+00-0.107980912E+00-0.105553813E+00-0.102737375E+00-0.998407880E-01
-0.971310908E-01-0.946764848E-01-0.924882531E-01-0.905630191E-01-0.888943750E-01
-0.874771795E-01-0.863094868E-01-0.853936090E-01-0.847369136E-01-0.843526617E-01
-0.842610902E-01-0.844909349E-01-0.850816379E-01-0.860865641E-01-0.875774617E-01
-0.896492768E-01-0.922616276E-01-0.940402902E-01-0.949507859E-01-0.949879405E-01
-0.941498924E-01-0.925834166E-01-0.902195713E-01-0.869990939E-01-0.830216825E-01
-0.781674233E-01-0.723201659E-01-0.655193034E-01-0.575683573E-01-0.487770809E-01
-0.405473551E-01-0.328092686E-01-0.254681705E-01-0.184507250E-01-0.117001280E-01
-0.517181259E-02 0.116966243E-02 0.735279460E-02 0.134006868E-01 0.193321704E-01
 0.251626352E-01 0.309046518E-01 0.365684449E-01 0.421622569E-01 0.476926301E-01
 0.531646273E-01 0.585820068E-01 0.639473610E-01 0.692622279E-01 0.745271820E-01
 0.797419091E-01 0.849052698E-01 0.900153538E-01 0.950695299E-01 0.100064493E+00
 0.104996307E+00 0.109860458E+00 0.114651897E+00 0.119365098E+00 0.123994117E+00
 0.128532655E+00 0.132974132E+00 0.137311765E+00 0.141538654E+00 0.145647867E+00
 0.149632543E+00 0.153485984E+00 0.157201757E+00 0.160773791E+00 0.164196474E+00
 0.167464740E+00 0.170574154E+00 0.173520984E+00 0.176302257E+00 0.178915811E+00
 0.181360322E+00 0.183635324E+00 0.185741207E+00 0.187679203E+00 0.189451356E+00
 0.191060481E+00 0.192510107E+00 0.193804415E+00 0.194948164E+00 0.195946617E+00
 0.196805456E+00 0.197530708E+00-0.301795689E-01-0.324693742E-01-0.348745650E-01
-0.374064904E-01-0.400780781E-01-0.429037317E-01-0.458981620E-01-0.490706370E-01
-0.524109651E-01-0.558409802E-01-0.590957740E-01-0.621690680E-01-0.650236611E-01
-0.676762378E-01-0.700899053E-01-0.722774627E-01-0.742861585E-01-0.760561341E-01
-0.777849029E-01-0.797945355E-01-0.820554104E-01-0.845109943E-01-0.870898314E-01
-0.896995312E-01-0.922425564E-01-0.946394900E-01-0.968359833E-01-0.987969104E-01
-0.100499110E+00-0.101926284E+00-0.103065886E+00-0.103907324E+00-0.104441035E+00
-0.104658173E+00-0.104550890E+00-0.104113286E+00-0.103343367E+00-0.102246587E+00
-0.100841874E+00-0.991707108E-01-0.973058874E-01-0.953466288E-01-0.933914279E-01
-0.915136013E-01-0.897591470E-01-0.881552038E-01-0.867180386E-01-0.854583800E-01
-0.843847361E-01-0.835054888E-01-0.828303018E-01-0.823711824E-01-0.821434328E-01
-0.821667171E-01-0.824665953E-01-0.830773474E-01-0.840485778E-01-0.854646690E-01
-0.873786052E-01-0.884506053E-01-0.888311038E-01-0.884690820E-01-0.872918456E-01
-0.855316057E-01-0.830683960E-01-0.797852372E-01-0.758900776E-01-0.712321851E-01
-0.656556444E-01-0.593277355E-01-0.520086485E-01-0.438482537E-01-0.362033997E-01
-0.289157953E-01-0.219049513E-01-0.151211089E-01-0.852811456E-02-0.209751304E-02
 0.419396226E-02 0.103656780E-01 0.164338769E-01 0.224122058E-01 0.283121033E-01
 0.341430995E-01 0.399130524E-01 0.456283378E-01 0.512940012E-01 0.569138812E-01
 0.624907090E-01 0.680261882E-01 0.735210599E-01 0.789751556E-01 0.843874406E-01
 0.897560516E-01 0.950783290E-01 0.100350848E+00 0.105569449E+00 0.110729272E+00
 0.115824793E+00 0.120849865E+00 0.125797772E+00 0.130661284E+00 0.135432733E+00
 0.140104082E+00 0.144667027E+00 0.149113090E+00 0.153433732E+00 0.157620471E+00
 0.161665010E+00 0.165559360E+00 0.169295970E+00 0.172867855E+00 0.176268711E+00
 0.179493028E+00 0.182536181E+00 0.185394512E+00 0.188065393E+00 0.190547262E+00
 0.192839645E+00 0.194943152E+00 0.196859452E+00 0.198591233E+00 0.200142135E+00
 0.201516674E+00 0.202720153E+00 0.203758562E+00 0.204638472E+00 0.205366927E+00
 0.205951336E+00-0.300083375E-01-0.323007513E-01-0.347126357E-01-0.372580891E-01
-0.399546941E-01-0.428252050E-01-0.459013356E-01-0.492356145E-01-0.526289782E-01
-0.557914568E-01-0.587409955E-01-0.615080140E-01-0.639282052E-01-0.661568925E-01
-0.681556418E-01-0.698572588E-01-0.713946396E-01-0.729864696E-01-0.746916371E-01
-0.765220785E-01-0.784697909E-01-0.805080260E-01-0.825965227E-01-0.846865508E-01
-0.867268100E-01-0.886693801E-01-0.904735295E-01-0.921066929E-01-0.935436054E-01
-0.947648174E-01-0.957553045E-01-0.965034484E-01-0.970004562E-01-0.972402216E-01
-0.972196416E-01-0.969394258E-01-0.964054455E-01-0.956306121E-01-0.946370476E-01
-0.934577885E-01-0.921365725E-01-0.907242906E-01-0.892726083E-01-0.878277537E-01
-0.864272303E-01-0.850996442E-01-0.838662410E-01-0.827428700E-01-0.817417373E-01
-0.808727533E-01-0.801444645E-01-0.795646010E-01-0.791402406E-01-0.788775080E-01
-0.787805473E-01-0.788490212E-01-0.790717452E-01-0.794067412E-01-0.797122979E-01
-0.797231823E-01-0.792763005E-01-0.783120982E-01-0.768029664E-01-0.747318017E-01
-0.720852579E-01-0.688514615E-01-0.650195346E-01-0.605803911E-01-0.555299908E-01
-0.498783193E-01-0.436794488E-01-0.371227310E-01-0.304833394E-01-0.238886645E-01
-0.173757759E-01-0.109539355E-01-0.462213763E-02 0.162495209E-02 0.779446090E-02
 0.138940620E-01 0.199313124E-01 0.259132911E-01 0.318464003E-01 0.377362618E-01
 0.435876668E-01 0.494045563E-01 0.551900179E-01 0.609462907E-01 0.666747726E-01
 0.723760285E-01 0.780497968E-01 0.836949937E-01 0.893097166E-01 0.948912466E-01
 0.100436051E+00 0.105939790E+00 0.111397320E+00 0.116802712E+00 0.122149270E+00
 0.127429564E+00 0.132635466E+00 0.137758213E+00 0.142788474E+00 0.147716433E+00
 0.152531903E+00 0.157224434E+00 0.161783458E+00 0.166198437E+00 0.170459019E+00
 0.174555213E+00 0.178477552E+00 0.182217265E+00 0.185766437E+00 0.189118157E+00
 0.192266644E+00 0.195207358E+00 0.197937081E+00 0.200453965E+00 0.202757561E+00
 0.204848807E+00 0.206729989E+00 0.208404676E+00 0.209877630E+00 0.211154692E+00
 0.212242659E+00 0.213149135E+00 0.213882397E+00 0.214451239E+00 0.214864831E+00
-0.295823052E-01-0.318413966E-01-0.342159472E-01-0.367200248E-01-0.393712220E-01
-0.421917026E-01-0.452091995E-01-0.484563055E-01-0.516932392E-01-0.546105180E-01
-0.572358974E-01-0.595935126E-01-0.616494367E-01-0.634320797E-01-0.649429197E-01
-0.664383131E-01-0.679737725E-01-0.695582299E-01-0.711973102E-01-0.728910355E-01
-0.746316847E-01-0.764032703E-01-0.781826673E-01-0.799417800E-01-0.816501614E-01
-0.832775554E-01-0.847958792E-01-0.861804022E-01-0.874101867E-01-0.884680428E-01
-0.893402689E-01-0.900163807E-01-0.904889535E-01-0.907536446E-01-0.908094237E-01
-0.906590094E-01-0.903094666E-01-0.897728512E-01-0.890666933E-01-0.882140083E-01
-0.872425201E-01-0.861829804E-01-0.850668667E-01-0.839240796E-01-0.827812458E-01
-0.816608807E-01-0.805812891E-01-0.795569091E-01-0.785988096E-01-0.777151348E-01
-0.769113590E-01-0.761902511E-01-0.755514321E-01-0.749903508E-01-0.744963807E-01
-0.740495624E-01-0.736154544E-01-0.731385946E-01-0.725395748E-01-0.717256026E-01
-0.706119933E-01-0.691350005E-01-0.672508097E-01-0.649300306E-01-0.621533135E-01
-0.589090335E-01-0.551928291E-01-0.510089216E-01-0.463735059E-01-0.413205456E-01
-0.359085562E-01-0.302209716E-01-0.243501006E-01-0.183738103E-01-0.123458323E-01
-0.629944110E-02-0.254073044E-03 0.577956046E-02 0.117961491E-01 0.177936926E-01
 0.237721727E-01 0.297326950E-01 0.356769219E-01 0.416066914E-01 0.475237555E-01
 0.534295980E-01 0.593253028E-01 0.652114566E-01 0.710880746E-01 0.769545392E-01
 0.828095502E-01 0.886510793E-01 0.944763305E-01 0.100281704E+00 0.106062762E+00
 0.111814205E+00 0.117529847E+00 0.123202603E+00 0.128824486E+00 0.134386619E+00
 0.139879262E+00 0.145291856E+00 0.150613091E+00 0.155831002E+00 0.160933082E+00
 0.165906429E+00 0.170737913E+00 0.175414366E+00 0.179922797E+00 0.184250609E+00
 0.188385834E+00 0.192317360E+00 0.196035153E+00 0.199530457E+00 0.202795978E+00
 0.205826028E+00 0.208616637E+00 0.211165623E+00 0.213472618E+00 0.215539051E+00
 0.217368087E+00 0.218964529E+00 0.220334682E+00 0.221486191E+00 0.222427857E+00
 0.223169438E+00 0.223721449E+00 0.224094956E+00 0.224301384E+00-0.289134568E-01
-0.311037822E-01-0.333968649E-01-0.358039288E-01-0.383389162E-01-0.410190121E-01
-0.438649603E-01-0.469010682E-01-0.498670759E-01-0.524751733E-01-0.547444598E-01
-0.567039405E-01-0.583106084E-01-0.598442453E-01-0.613726700E-01-0.629038090E-01
-0.644446317E-01-0.659998269E-01-0.675711021E-01-0.691564225E-01-0.707494638E-01
-0.723395310E-01-0.739120296E-01-0.754493957E-01-0.769322940E-01-0.783408628E-01
-0.796558176E-01-0.808592965E-01-0.819354205E-01-0.828706111E-01-0.836537467E-01
-0.842762401E-01-0.847321060E-01-0.850180601E-01-0.851336695E-01-0.850815451E-01
-0.848675389E-01-0.845008789E-01-0.839941507E-01-0.833630289E-01-0.826256945E-01
-0.818019487E-01-0.809121328E-01-0.799760322E-01-0.790119405E-01-0.780359917E-01
-0.770617713E-01-0.761001427E-01-0.751591902E-01-0.742441740E-01-0.733574063E-01
-0.724979646E-01-0.716611721E-01-0.708377787E-01-0.700128121E-01-0.691641689E-01
-0.682612657E-01-0.672645148E-01-0.661267390E-01-0.647971148E-01-0.632265336E-01
-0.613720759E-01-0.591992266E-01-0.566822022E-01-0.538034760E-01-0.505533408E-01
-0.469299278E-01-0.429397981E-01-0.385989748E-01-0.339339235E-01-0.289814775E-01
-0.237864677E-01-0.183967772E-01-0.128575370E-01-0.720698335E-02-0.147501859E-02
 0.431623671E-02 0.101510425E-01 0.160185353E-01 0.219114279E-01 0.278249805E-01
 0.337562159E-01 0.397033293E-01 0.456652461E-01 0.516412861E-01 0.576309080E-01
 0.636335094E-01 0.696482665E-01 0.756740040E-01 0.817090829E-01 0.877513035E-01
 0.937978174E-01 0.998450465E-01 0.105888608E+00 0.111923242E+00 0.117942751E+00
 0.123939935E+00 0.129906551E+00 0.135833270E+00 0.141709663E+00 0.147524197E+00
 0.153264269E+00 0.158916257E+00 0.164465615E+00 0.169897005E+00 0.175194465E+00
 0.180341622E+00 0.185321935E+00 0.190118978E+00 0.194716743E+00 0.199099953E+00
 0.203254387E+00 0.207167185E+00 0.210827138E+00 0.214224936E+00 0.217353382E+00
 0.220207540E+00 0.222784833E+00 0.225085076E+00 0.227110439E+00 0.228865359E+00
 0.230356384E+00 0.231591972E+00 0.232582257E+00 0.233338772E+00 0.233874172E+00
 0.234201943E+00 0.234336124E+00 0.234291042E+00-0.280346062E-01-0.301282443E-01
-0.323047353E-01-0.345705815E-01-0.369341273E-01-0.394061005E-01-0.420006419E-01
-0.447370451E-01-0.473742846E-01-0.495710675E-01-0.514153027E-01-0.530883530E-01
-0.547130221E-01-0.563000014E-01-0.578600557E-01-0.594013672E-01-0.609296976E-01
-0.624483755E-01-0.639581679E-01-0.654571301E-01-0.669405376E-01-0.684009847E-01
-0.698286891E-01-0.712119859E-01-0.725379521E-01-0.737930825E-01-0.749639384E-01
-0.760377139E-01-0.770026889E-01-0.778485712E-01-0.785667427E-01-0.791504388E-01
-0.795948863E-01-0.798974181E-01-0.800575729E-01-0.800771730E-01-0.799603622E-01
-0.797135762E-01-0.793454098E-01-0.788663561E-01-0.782884051E-01-0.776245189E-01
-0.768880270E-01-0.760920048E-01-0.752486980E-01-0.743690360E-01-0.734622515E-01
-0.725355927E-01-0.715940962E-01-0.706403800E-01-0.696744138E-01-0.686932348E-01
-0.676905873E-01-0.666564923E-01-0.655767936E-01-0.644327892E-01-0.632011332E-01
-0.618542454E-01-0.603614144E-01-0.586905699E-01-0.568104064E-01-0.546923781E-01
-0.523121999E-01-0.496507679E-01-0.466946442E-01-0.434363165E-01-0.398743913E-01
-0.360137685E-01-0.318657170E-01-0.274476556E-01-0.227823893E-01-0.178966397E-01
-0.128189816E-01-0.757760886E-02-0.219846387E-02 0.329592475E-02 0.888687036E-02
 0.145594108E-01 0.203018835E-01 0.261053811E-01 0.319632005E-01 0.378703407E-01
 0.438230693E-01 0.498185581E-01 0.558545795E-01 0.619292543E-01 0.680408396E-01
 0.741875481E-01 0.803673906E-01 0.865780346E-01 0.928166754E-01 0.990799142E-01
 0.105363642E+00 0.111662925E+00 0.117971896E+00 0.124283646E+00 0.130590120E+00
 0.136882025E+00 0.143148746E+00 0.149378281E+00 0.155557199E+00 0.161670632E+00
 0.167702305E+00 0.173634623E+00 0.179448799E+00 0.185125057E+00 0.190642896E+00
 0.195981407E+00 0.201119654E+00 0.206037090E+00 0.210714009E+00 0.215131994E+00
 0.219274363E+00 0.223126583E+00 0.226676628E+00 0.229915280E+00 0.232836343E+00
 0.235436782E+00 0.237716756E+00 0.239679563E+00 0.241331498E+00 0.242681615E+00
 0.243741426E+00 0.244524543E+00 0.245046276E+00 0.245323223E+00 0.245372856E+00
 0.245213129E+00 0.244862121E+00-0.269964812E-01-0.289786416E-01-0.310188078E-01
-0.331175763E-01-0.352763769E-01-0.374966622E-01-0.397791642E-01-0.421282157E-01
-0.442934396E-01-0.461800045E-01-0.479661015E-01-0.496739778E-01-0.513211848E-01
-0.529205428E-01-0.544815417E-01-0.560110323E-01-0.575135759E-01-0.589916110E-01
-0.604455271E-01-0.618737124E-01-0.632726281E-01-0.646369479E-01-0.659597822E-01
-0.672329837E-01-0.684475177E-01-0.695938642E-01-0.706624226E-01-0.716438886E-01
-0.725295868E-01-0.733117487E-01-0.739837387E-01-0.745402315E-01-0.749773491E-01
-0.752927629E-01-0.754857617E-01-0.755572835E-01-0.755099025E-01-0.753477608E-01
-0.750764344E-01-0.747027268E-01-0.742343918E-01-0.736797942E-01-0.730475307E-01
-0.723460361E-01-0.715831993E-01-0.707660107E-01-0.699002515E-01-0.689902236E-01
-0.680385137E-01-0.670457786E-01-0.660105390E-01-0.649289757E-01-0.637947295E-01
-0.625987259E-01-0.613290585E-01-0.599709914E-01-0.585071482E-01-0.569179529E-01
-0.551823448E-01-0.532787304E-01-0.511860624E-01-0.488849043E-01-0.463583563E-01
-0.435927773E-01-0.405782975E-01-0.373091528E-01-0.337838696E-01-0.300053093E-01
-0.259805450E-01-0.217205235E-01-0.172394683E-01-0.125540252E-01-0.768222239E-02
-0.264238261E-02 0.254784951E-02 0.787224362E-02 0.133164325E-01 0.188680931E-01
 0.245169225E-01 0.302544771E-01 0.360739403E-01 0.419698591E-01 0.479378809E-01
 0.539745026E-01 0.600768406E-01 0.662424221E-01 0.724689954E-01 0.787543570E-01
 0.850961905E-01 0.914919144E-01 0.979385349E-01 0.104432500E+00 0.110969554E+00
 0.117544587E+00 0.124151487E+00 0.130782977E+00 0.137430467E+00 0.144083890E+00
 0.150731558E+00 0.157360026E+00 0.163953978E+00 0.170496155E+00 0.176967334E+00
 0.183346362E+00 0.189610292E+00 0.195734592E+00 0.201693473E+00 0.207460309E+00
 0.213008155E+00 0.218310342E+00 0.223341119E+00 0.228076316E+00 0.232493992E+00
 0.236575036E+00 0.240303692E+00 0.243667993E+00 0.246660078E+00 0.249276371E+00
 0.251517641E+00 0.253388907E+00 0.254899208E+00 0.256061254E+00 0.256890949E+00
 0.257406852E+00 0.257629568E+00 0.257581135E+00 0.257284425E+00 0.256762585E+00
 0.256038557E+00-0.258617029E-01-0.277359368E-01-0.296390012E-01-0.315658372E-01
-0.335144396E-01-0.354826656E-01-0.374600176E-01-0.394186802E-01-0.413158128E-01
-0.431311333E-01-0.448715707E-01-0.465481919E-01-0.481706425E-01-0.497466899E-01
-0.512823219E-01-0.527818750E-01-0.542481251E-01-0.556823482E-01-0.570843675E-01
-0.584526058E-01-0.597841629E-01-0.610749280E-01-0.623197375E-01-0.635125734E-01
-0.646467973E-01-0.657154051E-01-0.667112884E-01-0.676274873E-01-0.684574257E-01
-0.691951178E-01-0.698353453E-01-0.703738017E-01-0.708072051E-01-0.711333782E-01
-0.713512969E-01-0.714611035E-01-0.714640824E-01-0.713625951E-01-0.711599711E-01
-0.708603540E-01-0.704685072E-01-0.699895838E-01-0.694288729E-01-0.687915329E-01
-0.680823258E-01-0.673053617E-01-0.664638615E-01-0.655599413E-01-0.645944194E-01
-0.635666439E-01-0.624743417E-01-0.613134917E-01-0.600782277E-01-0.587607879E-01
-0.573515278E-01-0.558390239E-01-0.542102889E-01-0.524511156E-01-0.505465457E-01
-0.484814397E-01-0.462411033E-01-0.438119160E-01-0.411819074E-01-0.383412461E-01
-0.352826171E-01-0.320014803E-01-0.284962098E-01-0.247681072E-01-0.208212852E-01
-0.166624144E-01-0.123003334E-01-0.774554363E-02-0.300962587E-02 0.189536198E-02
 0.695744539E-02 0.121651995E-01 0.175080912E-01 0.229766892E-01 0.285627573E-01
 0.342592513E-01 0.400602485E-01 0.459608315E-01 0.519569476E-01 0.580452547E-01
 0.642229643E-01 0.704876849E-01 0.768372687E-01 0.832696606E-01 0.897827485E-01
 0.963742127E-01 0.103041373E+00 0.109781026E+00 0.116589279E+00 0.123461368E+00
 0.130391463E+00 0.137372462E+00 0.144395763E+00 0.151451038E+00 0.158525984E+00
 0.165606086E+00 0.172674393E+00 0.179711324E+00 0.186694536E+00 0.193598869E+00
 0.200396415E+00 0.207056729E+00 0.213547206E+00 0.219833639E+00 0.225880945E+00
 0.231654028E+00 0.237118738E+00 0.242242858E+00 0.246997079E+00 0.251355879E+00
 0.255298305E+00 0.258808591E+00 0.261876614E+00 0.264498169E+00 0.266675038E+00
 0.268414860E+00 0.269730786E+00 0.270640924E+00 0.271167619E+00 0.271336591E+00
 0.271175999E+00 0.270715501E+00 0.269985358E+00 0.269015645E+00 0.267835592E+00
-0.247020126E-01-0.265010569E-01-0.282831781E-01-0.300441756E-01-0.317727773E-01
-0.335170328E-01-0.352724417E-01-0.370203652E-01-0.387447058E-01-0.404340050E-01
-0.420828140E-01-0.436901269E-01-0.452571745E-01-0.467859353E-01-0.482783251E-01
-0.497357756E-01-0.511590119E-01-0.525479375E-01-0.539015807E-01-0.552180869E-01
-0.564947480E-01-0.577280658E-01-0.589138495E-01-0.600473398E-01-0.611233577E-01
-0.621364676E-01-0.630811484E-01-0.639519631E-01-0.647437207E-01-0.654516234E-01
-0.660713958E-01-0.665993932E-01-0.670326853E-01-0.673691167E-01-0.676073404E-01
-0.677468240E-01-0.677878272E-01-0.677313494E-01-0.675790478E-01-0.673331258E-01
-0.669961956E-01-0.665711189E-01-0.660608313E-01-0.654681568E-01-0.647956212E-01
-0.640452680E-01-0.632184846E-01-0.623158420E-01-0.613369512E-01-0.602803388E-01
-0.591433457E-01-0.579220533E-01-0.566112428E-01-0.552043961E-01-0.536937482E-01
-0.520704002E-01-0.503245000E-01-0.484454923E-01-0.464224325E-01-0.442443489E-01
-0.419006330E-01-0.393814306E-01-0.366780083E-01-0.337830722E-01-0.306910230E-01
-0.273981349E-01-0.239026514E-01-0.202047950E-01-0.163066878E-01-0.122121863E-01
-0.792663836E-02-0.345657639E-02 0.119062957E-02 0.600713237E-02 0.109849524E-01
 0.161162816E-01 0.213937288E-01 0.268104992E-01 0.323605060E-01 0.380384232E-01
 0.438396878E-01 0.497604631E-01 0.557975730E-01 0.619484175E-01 0.682108721E-01
 0.745831800E-01 0.810638351E-01 0.876514592E-01 0.943446723E-01 0.101141953E+00
 0.108041488E+00 0.115041009E+00 0.122137607E+00 0.129327528E+00 0.136605942E+00
 0.143966680E+00 0.151401941E+00 0.158901958E+00 0.166454640E+00 0.174045180E+00
 0.181655654E+00 0.189264625E+00 0.196846797E+00 0.204372757E+00 0.211808876E+00
 0.219117421E+00 0.226256961E+00 0.233183081E+00 0.239849431E+00 0.246209037E+00
 0.252215791E+00 0.257825999E+00 0.262999848E+00 0.267702736E+00 0.271906375E+00
 0.275589680E+00 0.278739410E+00 0.281350568E+00 0.283426539E+00 0.284978930E+00
 0.286027073E+00 0.286597200E+00 0.286721287E+00 0.286435666E+00 0.285779507E+00
 0.284793323E+00 0.283517602E+00 0.281991673E+00 0.280252834E+00-0.234377107E-01
-0.251564361E-01-0.268316082E-01-0.284577420E-01-0.300277018E-01-0.316071959E-01
-0.332024310E-01-0.348009690E-01-0.363923544E-01-0.379682002E-01-0.395224471E-01
-0.410511525E-01-0.425519523E-01-0.440234577E-01-0.454647451E-01-0.468749793E-01
-0.482531545E-01-0.495979262E-01-0.509075090E-01-0.521796257E-01-0.534114961E-01
-0.545998590E-01-0.557410219E-01-0.568309331E-01-0.578652729E-01-0.588395562E-01
-0.597492429E-01-0.605898504E-01-0.613570620E-01-0.620468286E-01-0.626554592E-01
-0.631796973E-01-0.636167809E-01-0.639644857E-01-0.642211476E-01-0.643856664E-01
-0.644574879E-01-0.644365648E-01-0.643232979E-01-0.641184567E-01-0.638230830E-01
-0.634383800E-01-0.629655896E-01-0.624058635E-01-0.617601308E-01-0.610289682E-01
-0.602124750E-01-0.593101583E-01-0.583208310E-01-0.572425259E-01-0.560724306E-01
-0.548068452E-01-0.534411690E-01-0.519699194E-01-0.503867878E-01-0.486847356E-01
-0.468561320E-01-0.448929319E-01-0.427868884E-01-0.405297906E-01-0.381137160E-01
-0.355312815E-01-0.327758793E-01-0.298418855E-01-0.267248273E-01-0.234215028E-01
-0.199300467E-01-0.162499382E-01-0.123819517E-01-0.832805340E-02-0.409124868E-02
 0.324607748E-03 0.491502809E-02 0.967511807E-02 0.145997992E-01 0.196840134E-01
 0.249228986E-01 0.303119300E-01 0.358470235E-01 0.415246020E-01 0.473416285E-01
 0.532956099E-01 0.593845765E-01 0.656070420E-01 0.719619474E-01 0.784485919E-01
 0.850665513E-01 0.918155863E-01 0.986955372E-01 0.105706206E+00 0.112847219E+00
 0.120117873E+00 0.127516951E+00 0.135042505E+00 0.142691604E+00 0.150460026E+00
 0.158341900E+00 0.166329276E+00 0.174411619E+00 0.182575227E+00 0.190802577E+00
 0.199071604E+00 0.207354969E+00 0.215619385E+00 0.223825089E+00 0.231925634E+00
 0.239868151E+00 0.247594214E+00 0.255041394E+00 0.262145399E+00 0.268842583E+00
 0.275072493E+00 0.280780186E+00 0.285918141E+00 0.290447762E+00 0.294340505E+00
 0.297578733E+00 0.300156302E+00 0.302078885E+00 0.303363919E+00 0.304040045E+00
 0.304145911E+00 0.303728316E+00 0.302839816E+00 0.301536107E+00 0.299873501E+00
 0.297906772E+00 0.295687542E+00 0.293263206E+00-0.220649400E-01-0.236976150E-01
-0.252783306E-01-0.267992056E-01-0.282649004E-01-0.297274114E-01-0.312048733E-01
-0.326906073E-01-0.341773971E-01-0.356588003E-01-0.371293665E-01-0.385846546E-01
-0.400211037E-01-0.414358214E-01-0.428263514E-01-0.441904602E-01-0.455259616E-01
-0.468305829E-01-0.481018718E-01-0.493371376E-01-0.505334240E-01-0.516875069E-01
-0.527959143E-01-0.538549650E-01-0.548608204E-01-0.558095472E-01-0.566971866E-01
-0.575198267E-01-0.582736730E-01-0.589551166E-01-0.595607950E-01-0.600876438E-01
-0.605329383E-01-0.608943222E-01-0.611698240E-01-0.613578579E-01-0.614572117E-01
-0.614670198E-01-0.613867215E-01-0.612160072E-01-0.609547525E-01-0.606029417E-01
-0.601605838E-01-0.596276234E-01-0.590038484E-01-0.582887989E-01-0.574816787E-01
-0.565812745E-01-0.555858843E-01-0.544932587E-01-0.533005582E-01-0.520043293E-01
-0.506005022E-01-0.490844122E-01-0.474508474E-01-0.456941227E-01-0.438081807E-01
-0.417867160E-01-0.396233202E-01-0.373116409E-01-0.348455475E-01-0.322192956E-01
-0.294276812E-01-0.264661765E-01-0.233310405E-01-0.200193977E-01-0.165292823E-01
-0.128596449E-01-0.901032144E-02-0.498196766E-02-0.775961868E-03 0.360571714E-02
 0.816062989E-02 0.128860251E-01 0.177789895E-01 0.228365897E-01 0.280560014E-01
 0.334346194E-01 0.389701465E-01 0.446606609E-01 0.505046614E-01 0.565010926E-01
 0.626493526E-01 0.689492840E-01 0.754011517E-01 0.820056073E-01 0.887636419E-01
 0.956765268E-01 0.102745741E+00 0.109972882E+00 0.117359561E+00 0.124907270E+00
 0.132617224E+00 0.140490157E+00 0.148526078E+00 0.156723952E+00 0.165081311E+00
 0.173593749E+00 0.182254298E+00 0.191052646E+00 0.199974168E+00 0.208998763E+00
 0.218099496E+00 0.227241115E+00 0.236378580E+00 0.245455898E+00 0.254405655E+00
 0.263149742E+00 0.271601674E+00 0.279670492E+00 0.287265617E+00 0.294301552E+00
 0.300701577E+00 0.306400241E+00 0.311344932E+00 0.315496940E+00 0.318832320E+00
 0.321342758E+00 0.323036419E+00 0.323938580E+00 0.324091568E+00 0.323553404E+00
 0.322394707E+00 0.320694124E+00 0.318533217E+00 0.315991875E+00 0.313144860E+00
 0.310059679E+00 0.306795598E+00-0.206372190E-01-0.221958885E-01-0.236951028E-01
-0.251293460E-01-0.264977812E-01-0.278677291E-01-0.292546476E-01-0.306528565E-01
-0.320569515E-01-0.334617688E-01-0.348625315E-01-0.362549158E-01-0.376350446E-01
-0.389994266E-01-0.403448670E-01-0.416683664E-01-0.429670256E-01-0.442379634E-01
-0.454782514E-01-0.466848686E-01-0.478546734E-01-0.489843940E-01-0.500706324E-01
-0.511098822E-01-0.520985568E-01-0.530330254E-01-0.539096545E-01-0.547248519E-01
-0.554751117E-01-0.561570574E-01-0.567674806E-01-0.573033749E-01-0.577619630E-01
-0.581407154E-01-0.584373608E-01-0.586498872E-01-0.587765340E-01-0.588157747E-01
-0.587662907E-01-0.586269367E-01-0.583966987E-01-0.580746447E-01-0.576598694E-01
-0.571514352E-01-0.565483087E-01-0.558492981E-01-0.550529900E-01-0.541576923E-01
-0.531613824E-01-0.520616655E-01-0.508557450E-01-0.495404071E-01-0.481120211E-01
-0.465665574E-01-0.448996239E-01-0.431065197E-01-0.411823067E-01-0.391218960E-01
-0.369201469E-01-0.345719733E-01-0.320724544E-01-0.294169434E-01-0.266011685E-01
-0.236213227E-01-0.204741357E-01-0.171569262E-01-0.136676304E-01-0.100048061E-01
-0.616761267E-02-0.215576718E-02 0.203052020E-02 0.639062794E-02 0.109236179E-01
 0.156283377E-01 0.205035265E-01 0.255479180E-01 0.307603385E-01 0.361397951E-01
 0.416855525E-01 0.473971977E-01 0.532746911E-01 0.593184051E-01 0.655291507E-01
 0.719081934E-01 0.784572585E-01 0.851785267E-01 0.920746212E-01 0.991485849E-01
 0.106403846E+00 0.113844175E+00 0.121473617E+00 0.129296416E+00 0.137316901E+00
 0.145539343E+00 0.153967758E+00 0.162605647E+00 0.171455637E+00 0.180519008E+00
 0.189795039E+00 0.199280123E+00 0.208966572E+00 0.218840997E+00 0.228882162E+00
 0.239058225E+00 0.249323378E+00 0.259614207E+00 0.269846572E+00 0.279914411E+00
 0.289692321E+00 0.299043669E+00 0.307833039E+00 0.315936868E+00 0.323248601E+00
 0.329680152E+00 0.335161893E+00 0.339642416E+00 0.343088746E+00 0.345487412E+00
 0.346846548E+00 0.347198868E+00 0.346604732E+00 0.345153049E+00 0.342956244E+00
 0.340138831E+00 0.336825315E+00 0.333131418E+00 0.329159032E+00 0.324994383E+00
 0.320708414E+00-0.191513023E-01-0.206422186E-01-0.220707367E-01-0.234325984E-01
-0.247235458E-01-0.260203098E-01-0.273359373E-01-0.286654778E-01-0.300045313E-01
-0.313487045E-01-0.326937062E-01-0.340354155E-01-0.353699123E-01-0.366934765E-01
-0.380025643E-01-0.392937707E-01-0.405637856E-01-0.418093514E-01-0.430272247E-01
-0.442141469E-01-0.453668228E-01-0.464819101E-01-0.475560167E-01-0.485857074E-01
-0.495675166E-01-0.504979676E-01-0.513735955E-01-0.521909719E-01-0.529467312E-01
-0.536375961E-01-0.542604001E-01-0.548121084E-01-0.552898330E-01-0.556908444E-01
-0.560125774E-01-0.562526324E-01-0.564087713E-01-0.564789083E-01-0.564610973E-01
-0.563535139E-01-0.561544344E-01-0.558622091E-01-0.554752322E-01-0.549919055E-01
-0.544105982E-01-0.537296025E-01-0.529470881E-01-0.520610581E-01-0.510693084E-01
-0.499693946E-01-0.487586076E-01-0.474339606E-01-0.459921877E-01-0.444297565E-01
-0.427428924E-01-0.409276171E-01-0.389797978E-01-0.368952062E-01-0.346695863E-01
-0.322987257E-01-0.297785299E-01-0.271050945E-01-0.242747716E-01-0.212842290E-01
-0.181304972E-01-0.148110028E-01-0.113235862E-01-0.766650359E-02-0.383841116E-02
 0.161665616E-03 0.433437773E-02 0.868011059E-02 0.131990518E-01 0.178912656E-01
 0.227567716E-01 0.277956238E-01 0.330079884E-01 0.383942179E-01 0.439549196E-01
 0.496910181E-01 0.556038105E-01 0.616950153E-01 0.679668145E-01 0.744218895E-01
 0.810634519E-01 0.878952695E-01 0.949216872E-01 0.102147644E+00 0.109578687E+00
 0.117220974E+00 0.125081276E+00 0.133166964E+00 0.141485984E+00 0.150046806E+00
 0.158858343E+00 0.167929824E+00 0.177270592E+00 0.186889798E+00 0.196795943E+00
 0.206996168E+00 0.217495189E+00 0.228293656E+00 0.239385620E+00 0.250754617E+00
 0.262367679E+00 0.274166611E+00 0.286056882E+00 0.297897635E+00 0.309497225E+00
 0.320614941E+00 0.331027914E+00 0.340562108E+00 0.349079192E+00 0.356470294E+00
 0.362650955E+00 0.367557145E+00 0.371143644E+00 0.373384772E+00 0.374277656E+00
 0.373849531E+00 0.372169782E+00 0.369371704E+00 0.365665501E+00 0.361268157E+00
 0.356377599E+00 0.351162427E+00 0.345756262E+00 0.340260806E+00 0.334751904E+00
-0.176000809E-01-0.190258440E-01-0.203925065E-01-0.216935759E-01-0.229361619E-01
-0.241761457E-01-0.254356373E-01-0.267118792E-01-0.280010133E-01-0.292990500E-01
-0.306019614E-01-0.319057458E-01-0.332064716E-01-0.345003020E-01-0.357835022E-01
-0.370524341E-01-0.383035420E-01-0.395333343E-01-0.407383638E-01-0.419152099E-01
-0.430604646E-01-0.441707221E-01-0.452425735E-01-0.462726070E-01-0.472574115E-01
-0.481935840E-01-0.490777399E-01-0.499065252E-01-0.506766286E-01-0.513847941E-01
-0.520278317E-01-0.526026275E-01-0.531061496E-01-0.535354537E-01-0.538876845E-01
-0.541600759E-01-0.543499502E-01-0.544547161E-01-0.544718676E-01-0.543989834E-01
-0.542337268E-01-0.539738439E-01-0.536171577E-01-0.531615551E-01-0.526049639E-01
-0.519453209E-01-0.511805331E-01-0.503084372E-01-0.493267610E-01-0.482330898E-01
-0.470248422E-01-0.456992544E-01-0.442533758E-01-0.426840746E-01-0.409880535E-01
-0.391618756E-01-0.372019974E-01-0.351048101E-01-0.328666844E-01-0.304840200E-01
-0.279532945E-01-0.252711116E-01-0.224342455E-01-0.194396792E-01-0.162846345E-01
-0.129665931E-01-0.948330649E-02-0.583279485E-02-0.201333391E-02 0.197656912E-02
 0.613821019E-02 0.104727324E-01 0.149811774E-01 0.196645434E-01 0.245238468E-01
 0.295601866E-01 0.347748097E-01 0.401691763E-01 0.457450228E-01 0.515044241E-01
 0.574498527E-01 0.635842360E-01 0.699110114E-01 0.764341809E-01 0.831583644E-01
 0.900888537E-01 0.972316682E-01 0.104593612E+00 0.112182336E+00 0.120006401E+00
 0.128075350E+00 0.136399779E+00 0.144991419E+00 0.153863216E+00 0.163029417E+00
 0.172505647E+00 0.182308973E+00 0.192457950E+00 0.202972605E+00 0.213874325E+00
 0.225185573E+00 0.236929263E+00 0.249127498E+00 0.261799021E+00 0.274953871E+00
 0.288581602E+00 0.302624094E+00 0.316918594E+00 0.331146924E+00 0.344769316E+00
 0.357381345E+00 0.368810121E+00 0.378894688E+00 0.387501291E+00 0.394582558E+00
 0.400055250E+00 0.403836781E+00 0.405916096E+00 0.406241325E+00 0.404771058E+00
 0.401565087E+00 0.396724348E+00 0.390725696E+00 0.384009683E+00 0.376932258E+00
 0.369725041E+00 0.362532120E+00 0.355445057E+00 0.348522795E+00-0.160094867E-01
-0.173816547E-01-0.186946340E-01-0.199438676E-01-0.211315229E-01-0.223242667E-01
-0.235406955E-01-0.247773041E-01-0.260304001E-01-0.272961037E-01-0.285704265E-01
-0.298493407E-01-0.311288326E-01-0.324049392E-01-0.336737715E-01-0.349315232E-01
-0.361744713E-01-0.373989694E-01-0.386014377E-01-0.397783509E-01-0.409262275E-01
-0.420416196E-01-0.431211056E-01-0.441612850E-01-0.451587763E-01-0.461102158E-01
-0.470122600E-01-0.478615868E-01-0.486548988E-01-0.493889251E-01-0.500604235E-01
-0.506661797E-01-0.512030070E-01-0.516677428E-01-0.520572458E-01-0.523683925E-01
-0.525980760E-01-0.527432085E-01-0.528007309E-01-0.527676308E-01-0.526409688E-01
-0.524179121E-01-0.520957642E-01-0.516719813E-01-0.511441657E-01-0.505100368E-01
-0.497673835E-01-0.489140120E-01-0.479476961E-01-0.468661356E-01-0.456669258E-01
-0.443475382E-01-0.429053119E-01-0.413374541E-01-0.396410503E-01-0.378130811E-01
-0.358504457E-01-0.337499900E-01-0.315085380E-01-0.291229253E-01-0.265900323E-01
-0.239068171E-01-0.210703440E-01-0.180778085E-01-0.149265563E-01-0.116140954E-01
-0.813810072E-02-0.449640995E-02-0.687011669E-03 0.329197516E-02 0.744232954E-02
 0.117657639E-01 0.162639662E-01 0.209386469E-01 0.257915908E-01 0.308247124E-01
 0.360401130E-01 0.414401404E-01 0.470274496E-01 0.528050647E-01 0.587764419E-01
 0.649455333E-01 0.713168542E-01 0.778955515E-01 0.846874777E-01 0.916992693E-01
 0.989384329E-01 0.106413440E+00 0.114133835E+00 0.122110354E+00 0.130355068E+00
 0.138881539E+00 0.147705012E+00 0.156842636E+00 0.166313722E+00 0.176140063E+00
 0.186346310E+00 0.196960436E+00 0.208014311E+00 0.219544433E+00 0.231592867E+00
 0.244208524E+00 0.257448939E+00 0.271382968E+00 0.286095204E+00 0.301694333E+00
 0.318332906E+00 0.336283976E+00 0.354892487E+00 0.372078355E+00 0.387693577E+00
 0.401476550E+00 0.413337878E+00 0.423384981E+00 0.431610947E+00 0.437913754E+00
 0.442056922E+00 0.443955591E+00 0.443690377E+00 0.441193661E+00 0.436259023E+00
 0.428447713E+00 0.417995332E+00 0.407709909E+00 0.397699141E+00 0.388034692E+00
 0.378757109E+00 0.369886918E+00 0.361431077E+00-0.143585452E-01-0.156817198E-01
-0.169476058E-01-0.181533108E-01-0.192938980E-01-0.204509889E-01-0.216368002E-01
-0.228470088E-01-0.240777693E-01-0.253250175E-01-0.265845614E-01-0.278521648E-01
-0.291236103E-01-0.303947441E-01-0.316615026E-01-0.329199255E-01-0.341661580E-01
-0.353964468E-01-0.366071298E-01-0.377946252E-01-0.389554191E-01-0.400860534E-01
-0.411831155E-01-0.422432290E-01-0.432630461E-01-0.442392414E-01-0.451685063E-01
-0.460475443E-01-0.468730660E-01-0.476417834E-01-0.483504034E-01-0.489956191E-01
-0.495741001E-01-0.500824806E-01-0.505173470E-01-0.508752252E-01-0.511525720E-01
-0.513457731E-01-0.514511565E-01-0.514650268E-01-0.513837313E-01-0.512037567E-01
-0.509218377E-01-0.505350285E-01-0.500407167E-01-0.494365744E-01-0.487204623E-01
-0.478903331E-01-0.469441520E-01-0.458798396E-01-0.446952341E-01-0.433880697E-01
-0.419559673E-01-0.403964354E-01-0.387068777E-01-0.368846068E-01-0.349268618E-01
-0.328308299E-01-0.305936689E-01-0.282125311E-01-0.256845866E-01-0.230070455E-01
-0.201771770E-01-0.171923250E-01-0.140499201E-01-0.107474852E-01-0.728263644E-02
-0.365307685E-02 0.143415206E-03 0.410900468E-02 0.824582437E-02 0.125560053E-01
 0.170417126E-01 0.217051863E-01 0.265487862E-01 0.315750409E-01 0.367867007E-01
 0.421867926E-01 0.477786792E-01 0.535661210E-01 0.595533412E-01 0.657450953E-01
 0.721467456E-01 0.787643410E-01 0.856047061E-01 0.926755377E-01 0.999855148E-01
 0.107544423E+00 0.115363298E+00 0.123454591E+00 0.131832362E+00 0.140512515E+00
 0.149513071E+00 0.158854500E+00 0.168560135E+00 0.178656665E+00 0.189174777E+00
 0.200149942E+00 0.211623457E+00 0.223643806E+00 0.236268510E+00 0.249566715E+00
 0.263622966E+00 0.278542966E+00 0.294462837E+00 0.311564711E+00 0.330102468E+00
 0.350431952E+00 0.373122925E+00 0.394144873E+00 0.412486914E+00 0.428659531E+00
 0.442719327E+00 0.454668488E+00 0.464030338E+00 0.470806658E+00 0.475355568E+00
 0.477608635E+00 0.477436407E+00 0.474177324E+00 0.467650689E+00 0.457904751E+00
 0.444413894E+00 0.430178382E+00 0.417012988E+00 0.404769603E+00 0.393351064E+00
 0.382686903E+00 0.372718825E+00-0.126132352E-01-0.138850538E-01-0.151087907E-01
-0.162791822E-01-0.174037809E-01-0.185392672E-01-0.197075027E-01-0.209053229E-01
-0.221283445E-01-0.233719554E-01-0.246314661E-01-0.259022156E-01-0.271796407E-01
-0.284593167E-01-0.297369759E-01-0.310085105E-01-0.322699656E-01-0.335175260E-01
-0.347474996E-01-0.359563005E-01-0.371404317E-01-0.382964692E-01-0.394210469E-01
-0.405108439E-01-0.415625724E-01-0.425729670E-01-0.435387745E-01-0.444567436E-01
-0.453236150E-01-0.461361091E-01-0.468909125E-01-0.475846625E-01-0.482139274E-01
-0.487751834E-01-0.492647878E-01-0.496789481E-01-0.500136895E-01-0.502648269E-01
-0.504279512E-01-0.504984551E-01-0.504716355E-01-0.503429224E-01-0.501082390E-01
-0.497642029E-01-0.493081708E-01-0.487381170E-01-0.480523214E-01-0.472491665E-01
-0.463270125E-01-0.452841325E-01-0.441186812E-01-0.428286846E-01-0.414120406E-01
-0.398665274E-01-0.381898155E-01-0.363794829E-01-0.344330321E-01-0.323479082E-01
-0.301215175E-01-0.277512455E-01-0.252344745E-01-0.225685986E-01-0.197510369E-01
-0.167792436E-01-0.136507141E-01-0.103629874E-01-0.691364340E-02-0.330029587E-02
 0.479419653E-03 0.442786317E-02 0.854741233E-02 0.128404895E-01 0.173095935E-01
 0.219573355E-01 0.267864800E-01 0.317999885E-01 0.370010686E-01 0.423932259E-01
 0.479803208E-01 0.537666290E-01 0.597569075E-01 0.659564660E-01 0.723712451E-01
 0.790079028E-01 0.858739102E-01 0.929776601E-01 0.100328590E+00 0.107937323E+00
 0.115815833E+00 0.123977633E+00 0.132438006E+00 0.141214270E+00 0.150326106E+00
 0.159795947E+00 0.169649458E+00 0.179916129E+00 0.190630011E+00 0.201830643E+00
 0.213564231E+00 0.225885160E+00 0.238857959E+00 0.252559868E+00 0.267084188E+00
 0.282544617E+00 0.299080566E+00 0.316862857E+00 0.336097508E+00 0.357022602E+00
 0.379891149E+00 0.403824765E+00 0.424984410E+00 0.443486282E+00 0.459385502E+00
 0.472592005E+00 0.483009134E+00 0.490834335E+00 0.496122767E+00 0.498780912E+00
 0.498557433E+00 0.495189845E+00 0.488692567E+00 0.478910064E+00 0.465538390E+00
 0.448718856E+00 0.432889495E+00 0.418390682E+00 0.405080122E+00 0.392836164E+00
 0.381551801E+00-0.107854427E-01-0.120123643E-01-0.131988234E-01-0.143411771E-01
-0.154429329E-01-0.165677066E-01-0.177335446E-01-0.189353087E-01-0.201674088E-01
-0.214241793E-01-0.227000757E-01-0.239897873E-01-0.252882861E-01-0.265908356E-01
-0.278929759E-01-0.291904966E-01-0.304794056E-01-0.317558975E-01-0.330163232E-01
-0.342571630E-01-0.354750020E-01-0.366665086E-01-0.378284158E-01-0.389575048E-01
-0.400505897E-01-0.411045043E-01-0.421160887E-01-0.430821767E-01-0.439995813E-01
-0.448650802E-01-0.456753974E-01-0.464271820E-01-0.471169816E-01-0.477412089E-01
-0.482960984E-01-0.487776500E-01-0.491815542E-01-0.495030962E-01-0.497370358E-01
-0.498774885E-01-0.499178926E-01-0.498513618E-01-0.496723160E-01-0.493768034E-01
-0.489626061E-01-0.484291194E-01-0.477757718E-01-0.470018159E-01-0.461062377E-01
-0.450877682E-01-0.439449127E-01-0.426759809E-01-0.412791158E-01-0.397523178E-01
-0.380934674E-01-0.363003447E-01-0.343706490E-01-0.323020159E-01-0.300920343E-01
-0.277382611E-01-0.252382354E-01-0.225894893E-01-0.197895572E-01-0.168359816E-01
-0.137263163E-01-0.104581257E-01-0.702898019E-02-0.343644819E-02 0.321916017E-03
 0.424858869E-02 0.834609696E-02 0.126170432E-01 0.170641337E-01 0.216902110E-01
 0.264982901E-01 0.314915995E-01 0.366736252E-01 0.420481593E-01 0.476193536E-01
 0.533917773E-01 0.593704810E-01 0.655610661E-01 0.719697631E-01 0.786035169E-01
 0.854700845E-01 0.925781436E-01 0.999374184E-01 0.107558823E+00 0.115454626E+00
 0.123638650E+00 0.132126493E+00 0.140935808E+00 0.150086617E+00 0.159601708E+00
 0.169507098E+00 0.179832602E+00 0.190612533E+00 0.201886546E+00 0.213700684E+00
 0.226108654E+00 0.239173382E+00 0.252968868E+00 0.267582336E+00 0.283116576E+00
 0.299692173E+00 0.317449039E+00 0.336546339E+00 0.357159833E+00 0.379476339E+00
 0.403723589E+00 0.427215198E+00 0.447587946E+00 0.464626350E+00 0.478846645E+00
 0.490398282E+00 0.499323652E+00 0.505389331E+00 0.508274809E+00 0.508363963E+00
 0.505642944E+00 0.499984154E+00 0.490963310E+00 0.478107473E+00 0.461651297E+00
 0.443805236E+00 0.427568143E+00 0.412811218E+00 0.399382229E+00 0.387136717E+00
-0.883458636E-02-0.100155115E-01-0.111682381E-01-0.122913121E-01-0.133773627E-01
-0.145090525E-01-0.156926430E-01-0.169193646E-01-0.181813754E-01-0.194712972E-01
-0.207823894E-01-0.221085727E-01-0.234443718E-01-0.247848292E-01-0.261254167E-01
-0.274619553E-01-0.287905458E-01-0.301075133E-01-0.314093599E-01-0.326927276E-01
-0.339543672E-01-0.351911125E-01-0.363998597E-01-0.375775487E-01-0.387211476E-01
-0.398276382E-01-0.408940026E-01-0.419172096E-01-0.428942004E-01-0.438218731E-01
-0.446970644E-01-0.455165281E-01-0.462769078E-01-0.469747019E-01-0.476062174E-01
-0.481675028E-01-0.486542473E-01-0.490616141E-01-0.493839411E-01-0.496141608E-01
-0.497425924E-01-0.497542777E-01-0.496410436E-01-0.493980559E-01-0.490240051E-01
-0.485253322E-01-0.479033524E-01-0.471585024E-01-0.462903405E-01-0.452979480E-01
-0.441800626E-01-0.429351727E-01-0.415615730E-01-0.400574039E-01-0.384206802E-01
-0.366493147E-01-0.347411379E-01-0.326939153E-01-0.305053627E-01-0.281731597E-01
-0.256949609E-01-0.230684043E-01-0.202911177E-01-0.173607223E-01-0.142748323E-01
-0.110310529E-01-0.762697420E-02-0.406016252E-02-0.328148062E-03 0.357159034E-02
 0.764164400E-02 0.118846965E-01 0.163035491E-01 0.209011499E-01 0.256806265E-01
 0.306453219E-01 0.357988348E-01 0.411450639E-01 0.466882558E-01 0.524330590E-01
 0.583845822E-01 0.645484592E-01 0.709309211E-01 0.775388764E-01 0.843800011E-01
 0.914628407E-01 0.987969253E-01 0.106392902E+00 0.114262686E+00 0.122419639E+00
 0.130878769E+00 0.139656974E+00 0.148773319E+00 0.158249368E+00 0.168109574E+00
 0.178381742E+00 0.189097574E+00 0.200293317E+00 0.212010523E+00 0.224296929E+00
 0.237207469E+00 0.250805406E+00 0.265163533E+00 0.280365390E+00 0.296506370E+00
 0.313694583E+00 0.332051379E+00 0.351711574E+00 0.372823604E+00 0.395549641E+00
 0.419751243E+00 0.441123928E+00 0.459235574E+00 0.474389237E+00 0.486701677E+00
 0.496165023E+00 0.502603966E+00 0.506193991E+00 0.507089329E+00 0.505238527E+00
 0.500454956E+00 0.492390405E+00 0.481072256E+00 0.466499150E+00 0.448605061E+00
 0.431217848E+00 0.415585982E+00 0.401512415E+00 0.388804623E+00-0.668317197E-02
-0.780208350E-02-0.892186880E-02-0.100398990E-01-0.111594442E-01-0.123293654E-01
-0.135610938E-01-0.148421671E-01-0.161611015E-01-0.175083531E-01-0.188760662E-01
-0.202577039E-01-0.216477175E-01-0.230412870E-01-0.244341294E-01-0.258223589E-01
-0.272023852E-01-0.285708387E-01-0.299245160E-01-0.312603374E-01-0.325753159E-01
-0.338665315E-01-0.351311117E-01-0.363662152E-01-0.375690174E-01-0.387366988E-01
-0.398664329E-01-0.409553749E-01-0.420006503E-01-0.429993420E-01-0.439484759E-01
-0.448450045E-01-0.456857882E-01-0.464675732E-01-0.471869683E-01-0.478404207E-01
-0.484241960E-01-0.489343746E-01-0.493668934E-01-0.497177172E-01-0.499833565E-01
-0.500980766E-01-0.500635033E-01-0.498733788E-01-0.495125178E-01-0.490400667E-01
-0.484440784E-01-0.477261409E-01-0.468849400E-01-0.459194190E-01-0.448282055E-01
-0.436097607E-01-0.422623870E-01-0.407842567E-01-0.391734326E-01-0.374278868E-01
-0.355455171E-01-0.335241625E-01-0.313616172E-01-0.290556424E-01-0.266039762E-01
-0.240043402E-01-0.212544438E-01-0.183519848E-01-0.152946471E-01-0.120800969E-01
-0.870597484E-02-0.516988733E-02-0.146939405E-02 0.239800617E-02 0.643489241E-02
 0.106439414E-01 0.150279498E-01 0.195898598E-01 0.243327877E-01 0.292600549E-01
 0.343752234E-01 0.396821340E-01 0.451849488E-01 0.508881977E-01 0.567968299E-01
 0.629162700E-01 0.692524810E-01 0.758120332E-01 0.826021817E-01 0.896309527E-01
 0.969072406E-01 0.104440917E+00 0.112242955E+00 0.120325569E+00 0.128702375E+00
 0.137388576E+00 0.146401166E+00 0.155759171E+00 0.165483922E+00 0.175599364E+00
 0.186132402E+00 0.197113296E+00 0.208576093E+00 0.220559095E+00 0.233105354E+00
 0.246263193E+00 0.260086709E+00 0.274636289E+00 0.289979145E+00 0.306189988E+00
 0.323352147E+00 0.341559704E+00 0.360921714E+00 0.381570022E+00 0.403678956E+00
 0.425590868E+00 0.444281991E+00 0.459844561E+00 0.472122650E+00 0.481531350E+00
 0.488373763E+00 0.492730262E+00 0.494518142E+00 0.493350443E+00 0.489458256E+00
 0.482963377E+00 0.473785924E+00 0.461677592E+00 0.446074536E+00 0.428333531E+00
 0.412566923E+00 0.398576566E+00 0.386075153E+00-0.429044955E-02-0.532274834E-02
-0.640785206E-02-0.754746338E-02-0.873118964E-02-0.999205424E-02-0.113221685E-01
-0.126995679E-01-0.141094187E-01-0.155415152E-01-0.169884346E-01-0.184444460E-01
-0.199048772E-01-0.213657396E-01-0.228234986E-01-0.242749282E-01-0.257170162E-01
-0.271469003E-01-0.285618233E-01-0.299591018E-01-0.313361031E-01-0.326902277E-01
-0.340188958E-01-0.353195365E-01-0.365895792E-01-0.378264450E-01-0.390275405E-01
-0.401902500E-01-0.413119286E-01-0.423898947E-01-0.434214209E-01-0.444037246E-01
-0.453339574E-01-0.462091946E-01-0.470264290E-01-0.477825725E-01-0.484744775E-01
-0.490989883E-01-0.496530360E-01-0.501337940E-01-0.504762848E-01-0.506762979E-01
-0.507302384E-01-0.506338278E-01-0.503826304E-01-0.499750070E-01-0.493955583E-01
-0.487054400E-01-0.478912246E-01-0.469537484E-01-0.458909891E-01-0.447013503E-01
-0.433830339E-01-0.419341679E-01-0.403527935E-01-0.386368800E-01-0.367843361E-01
-0.347930234E-01-0.326607700E-01-0.303853833E-01-0.279646600E-01-0.253963912E-01
-0.226783642E-01-0.198083598E-01-0.167841475E-01-0.136034783E-01-0.102640765E-01
-0.676362946E-02-0.309977611E-02 0.729906203E-03 0.472791671E-02 0.889684820E-02
 0.132394061E-01 0.177584299E-01 0.224569170E-01 0.273380490E-01 0.324052207E-01
 0.376620725E-01 0.431125248E-01 0.487608168E-01 0.546115484E-01 0.606697257E-01
 0.669408113E-01 0.734307791E-01 0.801461744E-01 0.870941799E-01 0.942826882E-01
 0.101720381E+00 0.109416818E+00 0.117382531E+00 0.125629131E+00 0.134169422E+00
 0.143017525E+00 0.152189014E+00 0.161701054E+00 0.171572545E+00 0.181824273E+00
 0.192479040E+00 0.203561792E+00 0.215099696E+00 0.227122183E+00 0.239660902E+00
 0.252749592E+00 0.266423834E+00 0.280720721E+00 0.295678507E+00 0.311336440E+00
 0.327735296E+00 0.344919825E+00 0.362946466E+00 0.381906565E+00 0.401923410E+00
 0.419893815E+00 0.434503132E+00 0.446156346E+00 0.455359245E+00 0.462275731E+00
 0.466928283E+00 0.469090119E+00 0.468771860E+00 0.466247748E+00 0.461531664E+00
 0.454535584E+00 0.444929028E+00 0.432630261E+00 0.417756771E+00 0.402991338E+00
 0.390186803E+00 0.378801400E+00-0.151192263E-02-0.236604725E-02-0.340584637E-02
-0.463763180E-02-0.602357705E-02-0.749138669E-02-0.899536803E-02-0.105185832E-01
-0.120533919E-01-0.135951271E-01-0.151403367E-01-0.166861520E-01-0.182300126E-01
-0.197695291E-01-0.213024093E-01-0.228264152E-01-0.243393370E-01-0.258389767E-01
-0.273231371E-01-0.287896150E-01-0.302361958E-01-0.316606503E-01-0.330607312E-01
-0.344341721E-01-0.357786847E-01-0.370919582E-01-0.383716575E-01-0.396154221E-01
-0.408208648E-01-0.419855703E-01-0.431070922E-01-0.441829494E-01-0.452106199E-01
-0.461875314E-01-0.471110513E-01-0.479784820E-01-0.487870793E-01-0.495341189E-01
-0.502169846E-01-0.507722075E-01-0.511952047E-01-0.514815985E-01-0.516271794E-01
-0.516277625E-01-0.514792271E-01-0.511776210E-01-0.507185554E-01-0.501002452E-01
-0.493063278E-01-0.484003874E-01-0.473680718E-01-0.462099572E-01-0.449236835E-01
-0.435073812E-01-0.419590125E-01-0.402765014E-01-0.384577183E-01-0.365004978E-01
-0.344026559E-01-0.321620105E-01-0.297763966E-01-0.272436704E-01-0.245617049E-01
-0.217283813E-01-0.187415787E-01-0.155991628E-01-0.122989758E-01-0.883882591E-02
-0.521647659E-02-0.142963508E-02 0.252406002E-02 0.664705240E-02 0.109418834E-01
 0.154112089E-01 0.200578180E-01 0.248846542E-01 0.298948374E-01 0.350916892E-01
 0.404787598E-01 0.460598571E-01 0.518390781E-01 0.578208427E-01 0.640099300E-01
 0.704115164E-01 0.770312173E-01 0.838751299E-01 0.909498791E-01 0.982626646E-01
 0.105821310E+00 0.113634314E+00 0.121710896E+00 0.130061047E+00 0.138695567E+00
 0.147626103E+00 0.156865165E+00 0.166426121E+00 0.176323169E+00 0.186571254E+00
 0.197185925E+00 0.208183107E+00 0.219578755E+00 0.231388339E+00 0.243626135E+00
 0.256304210E+00 0.269431035E+00 0.283009543E+00 0.297034353E+00 0.311487602E+00
 0.326332091E+00 0.341498298E+00 0.356853423E+00 0.372090675E+00 0.386334349E+00
 0.398728296E+00 0.409122354E+00 0.417521294E+00 0.423947076E+00 0.428420794E+00
 0.430959815E+00 0.431579419E+00 0.430297032E+00 0.427137559E+00 0.422139910E+00
 0.415368852E+00 0.406944057E+00 0.397136220E+00 0.386759205E+00 0.376831177E+00
 0.367560548E+00 0.153491399E-02 0.946644215E-03-0.425930098E-04-0.144172552E-02
-0.320466881E-02-0.496958633E-02-0.668645032E-02-0.837689631E-02-0.100508371E-01
-0.117129335E-01-0.133653315E-01-0.150088125E-01-0.166433444E-01-0.182683732E-01
-0.198829899E-01-0.214860323E-01-0.230761496E-01-0.246518458E-01-0.262115102E-01
-0.277534379E-01-0.292758465E-01-0.307768870E-01-0.322546536E-01-0.337071907E-01
-0.351324986E-01-0.365285395E-01-0.378932417E-01-0.392245053E-01-0.405202072E-01
-0.417782073E-01-0.429963546E-01-0.441724920E-01-0.453044557E-01-0.463900619E-01
-0.474270681E-01-0.484131006E-01-0.493455851E-01-0.502219209E-01-0.509800856E-01
-0.516154584E-01-0.521235214E-01-0.524998712E-01-0.527402038E-01-0.528402853E-01
-0.527959373E-01-0.526030236E-01-0.522574069E-01-0.517550235E-01-0.510912652E-01
-0.502641910E-01-0.492566027E-01-0.481347356E-01-0.468834892E-01-0.455033346E-01
-0.439916902E-01-0.423464896E-01-0.405654989E-01-0.386464634E-01-0.365871156E-01
-0.343852295E-01-0.320386642E-01-0.295453563E-01-0.269032964E-01-0.241105033E-01
-0.211650030E-01-0.180648126E-01-0.148079285E-01-0.113923169E-01-0.781590454E-02
-0.407657115E-02-0.172139942E-03 0.389963185E-02 0.814106391E-02 0.125545649E-01
 0.171426460E-01 0.219079353E-01 0.268531946E-01 0.319813363E-01 0.372954423E-01
 0.427987838E-01 0.484948421E-01 0.543873301E-01 0.604802147E-01 0.667777386E-01
 0.732844428E-01 0.800051877E-01 0.869451724E-01 0.941099521E-01 0.101505451E+00
 0.109137969E+00 0.117014183E+00 0.125141130E+00 0.133526183E+00 0.142177000E+00
 0.151101447E+00 0.160307480E+00 0.169802979E+00 0.179595514E+00 0.189692021E+00
 0.200098362E+00 0.210818735E+00 0.221854874E+00 0.233204983E+00 0.244862292E+00
 0.256813107E+00 0.269034093E+00 0.281488437E+00 0.294120224E+00 0.306845939E+00
 0.319541465E+00 0.332023573E+00 0.344032884E+00 0.355249753E+00 0.365370847E+00
 0.374180724E+00 0.381553525E+00 0.387422763E+00 0.391757406E+00 0.394549228E+00
 0.395807691E+00 0.395559575E+00 0.393852323E+00 0.390761314E+00 0.386402317E+00
 0.380950321E+00 0.374659482E+00 0.367854822E+00 0.360858251E+00 0.353903610E+00
 0.402894603E-02 0.355485723E-02 0.259350055E-02 0.112862278E-02-0.753028471E-03
-0.267555649E-02-0.454450289E-02-0.637245262E-02-0.817013234E-02-0.994466942E-02
-0.117006124E-01-0.134407497E-01-0.151666637E-01-0.168790943E-01-0.185781774E-01
-0.202636058E-01-0.219347379E-01-0.235906755E-01-0.252303182E-01-0.268524046E-01
-0.284555418E-01-0.300382291E-01-0.315988760E-01-0.331358163E-01-0.346473206E-01
-0.361316064E-01-0.375868482E-01-0.390111876E-01-0.404027449E-01-0.417596346E-01
-0.430799850E-01-0.443619656E-01-0.456038197E-01-0.468038885E-01-0.479605734E-01
-0.490720665E-01-0.501353446E-01-0.510893743E-01-0.519293212E-01-0.526505530E-01
-0.532485940E-01-0.537190818E-01-0.540577343E-01-0.542603237E-01-0.543226588E-01
-0.542405686E-01-0.540098858E-01-0.536264320E-01-0.530859784E-01-0.523843364E-01
-0.515167223E-01-0.504811199E-01-0.492595804E-01-0.479211000E-01-0.464498722E-01
-0.448462651E-01-0.431074178E-01-0.412309570E-01-0.392143393E-01-0.370551437E-01
-0.347512810E-01-0.323008547E-01-0.297020644E-01-0.269531415E-01-0.240523155E-01
-0.209977968E-01-0.177877696E-01-0.144203869E-01-0.108937680E-01-0.720599477E-02
-0.335510821E-02 0.660896907E-03 0.484407777E-02 0.919655055E-02 0.137204984E-01
 0.184181802E-01 0.232919407E-01 0.283442202E-01 0.335775661E-01 0.389946434E-01
 0.445982457E-01 0.503913056E-01 0.563769038E-01 0.625582764E-01 0.689388205E-01
 0.755220952E-01 0.823118191E-01 0.893118614E-01 0.965262251E-01 0.103959020E+00
 0.111614421E+00 0.119496615E+00 0.127609715E+00 0.135957661E+00 0.144544072E+00
 0.153372058E+00 0.162443980E+00 0.171761130E+00 0.181323319E+00 0.191128357E+00
 0.201171377E+00 0.211443974E+00 0.221933111E+00 0.232619715E+00 0.243476886E+00
 0.254467614E+00 0.265541892E+00 0.276633154E+00 0.287654158E+00 0.298492972E+00
 0.309010890E+00 0.319045702E+00 0.328423645E+00 0.336978475E+00 0.344569244E+00
 0.351089024E+00 0.356464645E+00 0.360652311E+00 0.363633124E+00 0.365410265E+00
 0.366008213E+00 0.365473854E+00 0.363879111E+00 0.361324264E+00 0.357940057E+00
 0.353885038E+00 0.349334160E+00 0.344459171E+00 0.339409010E+00 0.622729808E-02
 0.581725425E-02 0.487546826E-02 0.337965687E-02 0.133864212E-02-0.672335982E-03
-0.263556266E-02-0.456148171E-02-0.645668071E-02-0.832645636E-02-0.101748203E-01
-0.120046540E-01-0.138179099E-01-0.156157994E-01-0.173989484E-01-0.191675203E-01
-0.209213117E-01-0.226598254E-01-0.243823271E-01-0.260878891E-01-0.277754251E-01
-0.294437171E-01-0.310914371E-01-0.327171653E-01-0.343194044E-01-0.358965923E-01
-0.374471133E-01-0.389693091E-01-0.404614915E-01-0.419219589E-01-0.433490251E-01
-0.447410742E-01-0.460966747E-01-0.474148299E-01-0.486955394E-01-0.499410986E-01
-0.510868560E-01-0.521264552E-01-0.530549139E-01-0.538677748E-01-0.545607791E-01
-0.551297414E-01-0.555705037E-01-0.558789177E-01-0.560508375E-01-0.560821152E-01
-0.559685951E-01-0.557061077E-01-0.552904600E-01-0.547174286E-01-0.539827251E-01
-0.530820956E-01-0.520106557E-01-0.507663884E-01-0.493306322E-01-0.477751380E-01
-0.460832088E-01-0.442546874E-01-0.422857191E-01-0.401729513E-01-0.379148468E-01
-0.355100229E-01-0.329571181E-01-0.302546958E-01-0.274012474E-01-0.243952043E-01
-0.212349521E-01-0.179188410E-01-0.144451927E-01-0.108123046E-01-0.701845139E-02
-0.306188539E-02 0.105916475E-02 0.534649592E-02 0.980193339E-02 0.144273342E-01
 0.192245910E-01 0.241956361E-01 0.293424453E-01 0.346670414E-01 0.401714964E-01
 0.458579323E-01 0.517285194E-01 0.577854715E-01 0.640310374E-01 0.704674869E-01
 0.770970903E-01 0.839220899E-01 0.909446615E-01 0.981668629E-01 0.105590568E+00
 0.113217379E+00 0.121048519E+00 0.129084693E+00 0.137325912E+00 0.145771278E+00
 0.154418711E+00 0.163264614E+00 0.172303463E+00 0.181527295E+00 0.190925095E+00
 0.200482043E+00 0.210178611E+00 0.219989491E+00 0.229882336E+00 0.239816334E+00
 0.249740668E+00 0.259593008E+00 0.269298338E+00 0.278768629E+00 0.287904077E+00
 0.296596568E+00 0.304735511E+00 0.312215108E+00 0.318941293E+00 0.324836731E+00
 0.329843313E+00 0.333922724E+00 0.337056010E+00 0.339242972E+00 0.340501805E+00
 0.340869061E+00 0.340399696E+00 0.339166675E+00 0.337259339E+00 0.334779734E+00
 0.331836614E+00 0.328537882E+00 0.324983323E+00 0.796024570E-02 0.757427014E-02
 0.663639199E-02 0.512977266E-02 0.312839891E-02 0.106977042E-02-0.956550237E-03
-0.295365523E-02-0.492496142E-02-0.687362058E-02-0.880231446E-02-0.107131799E-01
-0.126078129E-01-0.144873121E-01-0.163523388E-01-0.182031780E-01-0.200397957E-01
-0.218618887E-01-0.236689276E-01-0.254601926E-01-0.272348036E-01-0.289917452E-01
-0.307298871E-01-0.324480016E-01-0.341447778E-01-0.358188329E-01-0.374687216E-01
-0.390929418E-01-0.406899361E-01-0.422580876E-01-0.437957040E-01-0.453009837E-01
-0.467719472E-01-0.482062957E-01-0.496010826E-01-0.509518334E-01-0.521939756E-01
-0.533276947E-01-0.543509243E-01-0.552605762E-01-0.560530737E-01-0.567245925E-01
-0.572711753E-01-0.576887894E-01-0.579733569E-01-0.581207723E-01-0.581269111E-01
-0.579876356E-01-0.576987960E-01-0.572562316E-01-0.566557683E-01-0.558932201E-01
-0.549643610E-01-0.538650331E-01-0.525904456E-01-0.511387701E-01-0.494906670E-01
-0.477200955E-01-0.458069625E-01-0.437423655E-01-0.415312327E-01-0.391731696E-01
-0.366675922E-01-0.340133843E-01-0.312092536E-01-0.282538004E-01-0.251455735E-01
-0.218830941E-01-0.184648718E-01-0.148894122E-01-0.111552225E-01-0.726081567E-02
-0.320471276E-02 0.101455458E-02 0.539844237E-02 0.994839277E-02 0.146658329E-01
 0.195521738E-01 0.246088085E-01 0.298371100E-01 0.352384267E-01 0.408140757E-01
 0.465653337E-01 0.524934228E-01 0.585994918E-01 0.648845913E-01 0.713496415E-01
 0.779953906E-01 0.848223626E-01 0.918307920E-01 0.990205434E-01 0.106391011E+00
 0.113941000E+00 0.121668573E+00 0.129570877E+00 0.137643927E+00 0.145882343E+00
 0.154279050E+00 0.162824911E+00 0.171508305E+00 0.180314627E+00 0.189225729E+00
 0.198219278E+00 0.207268065E+00 0.216339265E+00 0.225393721E+00 0.234385309E+00
 0.243260536E+00 0.251958527E+00 0.260411630E+00 0.268546834E+00 0.276288096E+00
 0.283559466E+00 0.290288644E+00 0.296410444E+00 0.301869694E+00 0.306623294E+00
 0.310641449E+00 0.313908247E+00 0.316421821E+00 0.318194237E+00 0.319251161E+00
 0.319631225E+00 0.319384916E+00 0.318572789E+00 0.317262874E+00 0.315527369E+00
 0.313438961E+00 0.311067315E+00 0.950981950E-02 0.913389647E-02 0.819775071E-02
 0.668156213E-02 0.468312704E-02 0.258989771E-02 0.516084911E-03-0.153675348E-02
-0.357015629E-02-0.558574521E-02-0.758502822E-02-0.956929647E-02-0.115395708E-01
-0.134965840E-01-0.154407851E-01-0.173723580E-01-0.192912457E-01-0.211971764E-01
-0.230896896E-01-0.249681608E-01-0.268318226E-01-0.286797846E-01-0.305110501E-01
-0.323245305E-01-0.341190581E-01-0.358933962E-01-0.376462475E-01-0.393762585E-01
-0.410820187E-01-0.427620487E-01-0.444147684E-01-0.460384291E-01-0.476309970E-01
-0.491900159E-01-0.507126783E-01-0.521410439E-01-0.534701325E-01-0.546961840E-01
-0.558156591E-01-0.568249484E-01-0.577203144E-01-0.584979021E-01-0.591537649E-01
-0.596838890E-01-0.600842141E-01-0.603506489E-01-0.604790835E-01-0.604653996E-01
-0.603054797E-01-0.599952155E-01-0.595305194E-01-0.589073404E-01-0.581216897E-01
-0.571696949E-01-0.560476766E-01-0.547524844E-01-0.532812652E-01-0.516363556E-01
-0.498067521E-01-0.477690209E-01-0.456025404E-01-0.432896365E-01-0.408317043E-01
-0.382266774E-01-0.354732289E-01-0.325699312E-01-0.295154054E-01-0.263082913E-01
-0.229472553E-01-0.194309917E-01-0.157582273E-01-0.119277256E-01-0.793829206E-02
-0.378878073E-02 0.521900012E-03 0.499478125E-02 0.963082829E-02 0.144309358E-01
 0.193959224E-01 0.245265251E-01 0.298233906E-01 0.352870643E-01 0.409179759E-01
 0.467164194E-01 0.526825288E-01 0.588162461E-01 0.651172824E-01 0.715850700E-01
 0.782187034E-01 0.850168698E-01 0.919777633E-01 0.990989851E-01 0.106377423E+00
 0.113809112E+00 0.121389067E+00 0.129111092E+00 0.136967560E+00 0.144949152E+00
 0.153044577E+00 0.161240241E+00 0.169519894E+00 0.177864249E+00 0.186250583E+00
 0.194652337E+00 0.203038759E+00 0.211374611E+00 0.219620016E+00 0.227730512E+00
 0.235657388E+00 0.243348395E+00 0.250748859E+00 0.257803208E+00 0.264456815E+00
 0.270658012E+00 0.276360070E+00 0.281522973E+00 0.286114842E+00 0.290112960E+00
 0.293504418E+00 0.296286399E+00 0.298466167E+00 0.300060748E+00 0.301096311E+00
 0.301607196E+00 0.301634583E+00 0.301224797E+00 0.300427355E+00 0.299292901E+00
 0.297871239E+00 0.109860633E-01 0.106297760E-01 0.969391021E-02 0.816095777E-02
 0.605253974E-02 0.392217278E-02 0.180843443E-02-0.291733410E-03-0.237890107E-02
-0.445372284E-02-0.651686390E-02-0.856892079E-02-0.106103671E-01-0.126415212E-01
-0.146625322E-01-0.166733769E-01-0.186738665E-01-0.206636565E-01-0.226422608E-01
-0.246090650E-01-0.265633404E-01-0.285042574E-01-0.304308973E-01-0.323422637E-01
-0.342372929E-01-0.361148640E-01-0.379738092E-01-0.398129257E-01-0.416309897E-01
-0.434267711E-01-0.451990368E-01-0.469464965E-01-0.486675368E-01-0.503592804E-01
-0.519652183E-01-0.534807943E-01-0.549016186E-01-0.562235820E-01-0.574427353E-01
-0.585551784E-01-0.595569966E-01-0.604442335E-01-0.612128834E-01-0.618588963E-01
-0.623781863E-01-0.627666423E-01-0.630201389E-01-0.631345472E-01-0.631057454E-01
-0.629296300E-01-0.626021274E-01-0.621192075E-01-0.614768998E-01-0.606713122E-01
-0.596986480E-01-0.585552114E-01-0.572373194E-01-0.557411515E-01-0.540610960E-01
-0.521909378E-01-0.501282730E-01-0.478519465E-01-0.454453930E-01-0.428906676E-01
-0.401893979E-01-0.373395961E-01-0.343400630E-01-0.311895299E-01-0.278868139E-01
-0.244307848E-01-0.208203731E-01-0.170545745E-01-0.131324586E-01-0.905318051E-02
-0.481599332E-02-0.420259677E-03 0.413453962E-02 0.884879914E-02 0.137227832E-01
 0.187566192E-01 0.239502889E-01 0.293036154E-01 0.348162468E-01 0.404876335E-01
 0.463170011E-01 0.523033158E-01 0.584452429E-01 0.647410972E-01 0.711887842E-01
 0.777857308E-01 0.845288043E-01 0.914142189E-01 0.984374269E-01 0.105592995E+00
 0.112874462E+00 0.120274181E+00 0.127783143E+00 0.135390775E+00 0.143084734E+00
 0.150850675E+00 0.158672018E+00 0.166529711E+00 0.174402007E+00 0.182264270E+00
 0.190088835E+00 0.197844945E+00 0.205498815E+00 0.213013831E+00 0.220350953E+00
 0.227469319E+00 0.234327064E+00 0.240882346E+00 0.247094504E+00 0.252925306E+00
 0.258340166E+00 0.263309273E+00 0.267808534E+00 0.271820318E+00 0.275333942E+00
 0.278345930E+00 0.280860016E+00 0.282886926E+00 0.284443905E+00 0.285554036E+00
 0.286245322E+00 0.286549607E+00 0.286501357E+00 0.286136414E+00 0.285490791E+00
 0.121777622E-01 0.118182248E-01 0.108747733E-01 0.933011653E-02 0.725178977E-02
 0.509475938E-02 0.294472402E-02 0.801511601E-03-0.133484831E-02-0.346442058E-02
-0.558730416E-02-0.770357911E-02-0.981326771E-02-0.119163086E-01-0.140125420E-01
-0.161017028E-01-0.181834203E-01-0.202572215E-01-0.223225365E-01-0.243787057E-01
-0.264249874E-01-0.284605654E-01-0.304845561E-01-0.324960155E-01-0.344939463E-01
-0.364773045E-01-0.384450090E-01-0.403959575E-01-0.423290612E-01-0.442433272E-01
-0.461380615E-01-0.480133676E-01-0.498713570E-01-0.516522258E-01-0.533501657E-01
-0.549605640E-01-0.564792553E-01-0.579022502E-01-0.592256163E-01-0.604454192E-01
-0.615576931E-01-0.625584281E-01-0.634435686E-01-0.642090171E-01-0.648506426E-01
-0.653642900E-01-0.657457912E-01-0.659909757E-01-0.660956811E-01-0.660557636E-01
-0.658671069E-01-0.655256304E-01-0.650272939E-01-0.643680976E-01-0.635440701E-01
-0.625512381E-01-0.613855605E-01-0.600428234E-01-0.585184855E-01-0.568078594E-01
-0.549063892E-01-0.528089187E-01-0.505139230E-01-0.480001524E-01-0.453545780E-01
-0.425590043E-01-0.396154637E-01-0.365222287E-01-0.332783845E-01-0.298829501E-01
-0.263350459E-01-0.226338690E-01-0.187787143E-01-0.147689958E-01-0.106042729E-01
-0.628427382E-02-0.180890536E-02 0.282174404E-02 0.760740446E-02 0.125476226E-01
 0.176417560E-01 0.228889616E-01 0.282881792E-01 0.338381095E-01 0.395371850E-01
 0.453835363E-01 0.513749511E-01 0.575088266E-01 0.637821137E-01 0.701912541E-01
 0.767321070E-01 0.833998675E-01 0.901889742E-01 0.970930058E-01 0.104104568E+00
 0.111215167E+00 0.118415079E+00 0.125693206E+00 0.133036926E+00 0.140431950E+00
 0.147862172E+00 0.155309543E+00 0.162753957E+00 0.170173185E+00 0.177542848E+00
 0.184836467E+00 0.192025599E+00 0.199080074E+00 0.205968349E+00 0.212657992E+00
 0.219116270E+00 0.225310855E+00 0.231210590E+00 0.236786294E+00 0.242011547E+00
 0.246863426E+00 0.251323136E+00 0.255376505E+00 0.259014343E+00 0.262232621E+00
 0.265032497E+00 0.267420158E+00 0.269406520E+00 0.271006757E+00 0.272239711E+00
 0.273127193E+00 0.273693216E+00 0.273963200E+00 0.273963213E+00 0.132569681E-01
 0.128868830E-01 0.119334948E-01 0.103760366E-01 0.831388777E-02 0.613178473E-02
 0.394679599E-02 0.176242931E-02-0.420948232E-03-0.260305142E-02-0.478359944E-02
-0.696228748E-02-0.913876903E-02-0.113126458E-01-0.134834628E-01-0.156507064E-01
-0.178138046E-01-0.199721286E-01-0.221249945E-01-0.242716662E-01-0.264113582E-01
-0.285432384E-01-0.306664309E-01-0.327800181E-01-0.348830418E-01-0.369745011E-01
-0.390533440E-01-0.411184463E-01-0.431685641E-01-0.452022303E-01-0.472175448E-01
-0.492117680E-01-0.511806113E-01-0.530644051E-01-0.548633132E-01-0.565753793E-01
-0.581976713E-01-0.597267772E-01-0.611590252E-01-0.624905838E-01-0.637175102E-01
-0.648357768E-01-0.658412888E-01-0.667298978E-01-0.674974149E-01-0.681396230E-01
-0.686522890E-01-0.690311753E-01-0.692720512E-01-0.693707026E-01-0.693229410E-01
-0.691246093E-01-0.687715848E-01-0.682597773E-01-0.675851205E-01-0.667435547E-01
-0.657310013E-01-0.645433346E-01-0.631763654E-01-0.616258713E-01-0.598876374E-01
-0.579574494E-01-0.558312396E-01-0.535042698E-01-0.509755092E-01-0.482234394E-01
-0.453385493E-01-0.423024073E-01-0.391174928E-01-0.357823792E-01-0.322964661E-01
-0.286590797E-01-0.248696671E-01-0.209278093E-01-0.168332956E-01-0.125861861E-01
-0.818680886E-02-0.363573897E-02 0.106622190E-02 0.591805676E-02 0.109185341E-01
 0.160661993E-01 0.213593587E-01 0.267960572E-01 0.323740501E-01 0.380907701E-01
 0.439432886E-01 0.499282721E-01 0.560419323E-01 0.622799711E-01 0.686375181E-01
 0.751090627E-01 0.816883788E-01 0.883684434E-01 0.951413497E-01 0.101998214E+00
 0.108929080E+00 0.115922823E+00 0.122967049E+00 0.130048011E+00 0.137150524E+00
 0.144257904E+00 0.151351929E+00 0.158412831E+00 0.165419340E+00 0.172348765E+00
 0.179177149E+00 0.185879490E+00 0.192430031E+00 0.198802626E+00 0.204971173E+00
 0.210910100E+00 0.216594887E+00 0.222002600E+00 0.227112418E+00 0.231906110E+00
 0.236368463E+00 0.240487618E+00 0.244255307E+00 0.247666993E+00 0.250721883E+00
 0.253422845E+00 0.255776201E+00 0.257791435E+00 0.259480813E+00 0.260858934E+00
 0.261942245E+00 0.262748538E+00 0.263296453E+00 0.143410245E-01 0.139761555E-01
 0.130122453E-01 0.114328933E-01 0.927100408E-02 0.705442466E-02 0.483461142E-02
 0.260962971E-02 0.379881948E-03-0.185413965E-02-0.409186821E-02-0.633266950E-02
-0.857585702E-02-0.108207072E-01-0.130664710E-01-0.153123814E-01-0.175576566E-01
-0.198015012E-01-0.220431055E-01-0.242816443E-01-0.265162757E-01-0.287461401E-01
-0.309703597E-01-0.331880388E-01-0.353982640E-01-0.376001046E-01-0.397926105E-01
-0.419748024E-01-0.441456389E-01-0.463039122E-01-0.484479328E-01-0.505745882E-01
-0.526298707E-01-0.546089718E-01-0.565082822E-01-0.583244259E-01-0.600539576E-01
-0.616932869E-01-0.632386751E-01-0.646862523E-01-0.660320362E-01-0.672719504E-01
-0.684018410E-01-0.694174913E-01-0.703146372E-01-0.710889802E-01-0.717362018E-01
-0.722519762E-01-0.726319825E-01-0.728719161E-01-0.729674981E-01-0.729144838E-01
-0.727086672E-01-0.723458844E-01-0.718220117E-01-0.711329626E-01-0.702746810E-01
-0.692431366E-01-0.680343242E-01-0.666442721E-01-0.650690514E-01-0.633047814E-01
-0.613476329E-01-0.591937912E-01-0.568395901E-01-0.542806560E-01-0.515164370E-01
-0.485251498E-01-0.454008347E-01-0.421248084E-01-0.386999480E-01-0.351250203E-01
-0.313995809E-01-0.275231171E-01-0.234954351E-01-0.193169400E-01-0.149884623E-01
-0.105111415E-01-0.588635544E-02-0.111569170E-02 0.379905479E-02 0.885587018E-02
 0.140525017E-01 0.193864321E-01 0.248548513E-01 0.304546232E-01 0.361822511E-01
 0.420338376E-01 0.480050430E-01 0.540910380E-01 0.602864536E-01 0.665853266E-01
 0.729810414E-01 0.794662685E-01 0.860329005E-01 0.926719869E-01 0.993736686E-01
 0.106127115E+00 0.112920466E+00 0.119740782E+00 0.126574005E+00 0.133404939E+00
 0.140217249E+00 0.146993492E+00 0.153715170E+00 0.160362838E+00 0.166916236E+00
 0.173354480E+00 0.179656290E+00 0.185800269E+00 0.191765207E+00 0.197530431E+00
 0.203076159E+00 0.208383866E+00 0.213436629E+00 0.218219459E+00 0.222719572E+00
 0.226926627E+00 0.230832880E+00 0.234433283E+00 0.237725500E+00 0.240709859E+00
 0.243389225E+00 0.245768821E+00 0.247855986E+00 0.249659908E+00 0.251191313E+00
 0.252462160E+00 0.253485326E+00 0.152384923E-01 0.148597448E-01 0.138801571E-01
 0.122826328E-01 0.101258882E-01 0.788167644E-02 0.562715406E-02 0.336145323E-02
 0.108495124E-02-0.120167337E-02-0.349752169E-02-0.580156309E-02-0.811271055E-02
-0.104298719E-01-0.127519787E-01-0.150779989E-01-0.174069387E-01-0.197378388E-01
-0.220697684E-01-0.244018173E-01-0.267330903E-01-0.290627011E-01-0.313897693E-01
-0.337134184E-01-0.360327791E-01-0.383469972E-01-0.406552578E-01-0.429568426E-01
-0.452512777E-01-0.475387189E-01-0.498209888E-01-0.520411951E-01-0.541936831E-01
-0.562739711E-01-0.582781615E-01-0.602025740E-01-0.620435513E-01-0.637973676E-01
-0.654601923E-01-0.670280816E-01-0.684969834E-01-0.698627480E-01-0.711211409E-01
-0.722678580E-01-0.732985404E-01-0.742087890E-01-0.749941801E-01-0.756502793E-01
-0.761726558E-01-0.765568957E-01-0.767986135E-01-0.768934635E-01-0.768371483E-01
-0.766254266E-01-0.762541186E-01-0.757191100E-01-0.750163556E-01-0.741418823E-01
-0.730917935E-01-0.718622739E-01-0.704495949E-01-0.688501170E-01-0.670602885E-01
-0.650766392E-01-0.628957738E-01-0.605143254E-01-0.579290874E-01-0.551361153E-01
-0.521353950E-01-0.489048967E-01-0.455421663E-01-0.420280074E-01-0.383651311E-01
-0.345515616E-01-0.305861394E-01-0.264702436E-01-0.222056266E-01-0.177942497E-01
-0.132381704E-01-0.853956104E-02-0.370074211E-02 0.127578027E-02 0.638727891E-02
 0.116307725E-01 0.170029937E-01 0.225003580E-01 0.281189311E-01 0.338543959E-01
 0.397020171E-01 0.456566045E-01 0.517124731E-01 0.578634029E-01 0.641025950E-01
 0.704226280E-01 0.768154135E-01 0.832721521E-01 0.897832915E-01 0.963384894E-01
 0.102926581E+00 0.109535556E+00 0.116152548E+00 0.122763834E+00 0.129354859E+00
 0.135910274E+00 0.142414004E+00 0.148849338E+00 0.155199049E+00 0.161445547E+00
 0.167571051E+00 0.173557796E+00 0.179388259E+00 0.185045392E+00 0.190512876E+00
 0.195775361E+00 0.200818705E+00 0.205630186E+00 0.210198687E+00 0.214514848E+00
 0.218571169E+00 0.222362079E+00 0.225883942E+00 0.229135038E+00 0.232115485E+00
 0.234827135E+00 0.237273438E+00 0.239459281E+00 0.241390824E+00 0.243075320E+00
 0.244520945E+00 0.160458857E-01 0.156421892E-01 0.146440018E-01 0.130303389E-01
 0.108997313E-01 0.863242260E-02 0.634412315E-02 0.403738845E-02 0.171269193E-02
-0.628760431E-03-0.298537382E-02-0.535544141E-02-0.773729941E-02-0.101293957E-01
-0.125303094E-01-0.149387448E-01-0.173535158E-01-0.197735264E-01-0.221977522E-01
-0.246252234E-01-0.270550112E-01-0.294862162E-01-0.319179598E-01-0.343493773E-01
-0.367796115E-01-0.392078039E-01-0.416330719E-01-0.440544431E-01-0.464706608E-01
-0.488796137E-01-0.512766853E-01-0.536049242E-01-0.558642162E-01-0.580525614E-01
-0.601671254E-01-0.622046559E-01-0.641616461E-01-0.660343991E-01-0.678190587E-01
-0.695116273E-01-0.711079818E-01-0.726038879E-01-0.739950160E-01-0.752769572E-01
-0.764452391E-01-0.774953428E-01-0.784227191E-01-0.792228046E-01-0.798910383E-01
-0.804228763E-01-0.808138071E-01-0.810593651E-01-0.811551435E-01-0.810968058E-01
-0.808800964E-01-0.805008502E-01-0.799550011E-01-0.792385901E-01-0.783477728E-01
-0.772788267E-01-0.760281565E-01-0.745922992E-01-0.729679255E-01-0.711518398E-01
-0.691409769E-01-0.669323948E-01-0.645232706E-01-0.619108558E-01-0.590926124E-01
-0.560652707E-01-0.528295882E-01-0.493633211E-01-0.457667982E-01-0.420170285E-01
-0.381058283E-01-0.340432576E-01-0.298325818E-01-0.254769829E-01-0.209791340E-01
-0.163416758E-01-0.115673232E-01-0.665895255E-02-0.161965209E-02 0.354724061E-02
 0.883810794E-02 0.142490246E-01 0.197757312E-01 0.254136082E-01 0.311576491E-01
 0.370024335E-01 0.429420984E-01 0.489703098E-01 0.550802328E-01 0.612645023E-01
 0.675151938E-01 0.738237965E-01 0.801811889E-01 0.865776183E-01 0.930026874E-01
 0.994453480E-01 0.105893904E+00 0.112336027E+00 0.118758784E+00 0.125148685E+00
 0.131491741E+00 0.137773545E+00 0.143979369E+00 0.150094282E+00 0.156103282E+00
 0.161991445E+00 0.167744081E+00 0.173346903E+00 0.178786191E+00 0.184048956E+00
 0.189123094E+00 0.193997517E+00 0.198662276E+00 0.203108645E+00 0.207329189E+00
 0.211317794E+00 0.215069675E+00 0.218581356E+00 0.221850631E+00 0.224876508E+00
 0.227659139E+00 0.230199756E+00 0.232500595E+00 0.234564837E+00 0.236396551E+00
 0.169002404E-01 0.164814146E-01 0.154634389E-01 0.138310001E-01 0.116215516E-01
 0.932944812E-02 0.701031307E-02 0.466115854E-02 0.228418970E-02-0.117292826E-03
-0.254002926E-02-0.498115550E-02-0.743824711E-02-0.990926473E-02-0.123924798E-01
-0.148864062E-01-0.173897432E-01-0.199013306E-01-0.224201133E-01-0.249451137E-01
-0.274754112E-01-0.300101253E-01-0.325484041E-01-0.350894169E-01-0.376323516E-01
-0.401764241E-01-0.427209144E-01-0.452652788E-01-0.478094765E-01-0.503549141E-01
-0.528460177E-01-0.552768323E-01-0.576435452E-01-0.599429001E-01-0.621716648E-01
-0.643264660E-01-0.664037481E-01-0.683997729E-01-0.703106300E-01-0.721322521E-01
-0.738604304E-01-0.754908313E-01-0.770190134E-01-0.784404448E-01-0.797505208E-01
-0.809445823E-01-0.820179335E-01-0.829658604E-01-0.837836490E-01-0.844666030E-01
-0.850100609E-01-0.854094133E-01-0.856601187E-01-0.857577188E-01-0.856978531E-01
-0.854762720E-01-0.850888500E-01-0.845315970E-01-0.838006692E-01-0.828923789E-01
-0.818032034E-01-0.805297916E-01-0.790689709E-01-0.774177516E-01-0.755733328E-01
-0.735331084E-01-0.712946804E-01-0.688558828E-01-0.662148422E-01-0.633700658E-01
-0.603208715E-01-0.570670616E-01-0.536153413E-01-0.499549947E-01-0.460590725E-01
-0.420351784E-01-0.378642179E-01-0.335520934E-01-0.291003938E-01-0.245118507E-01
-0.197892635E-01-0.149357039E-01-0.995449117E-02-0.484921456E-02 0.376251073E-03
 0.571772811E-02 0.111707193E-01 0.167303909E-01 0.223915558E-01 0.281486563E-01
 0.339957472E-01 0.399264779E-01 0.459340749E-01 0.520113238E-01 0.581505530E-01
 0.643436186E-01 0.705818923E-01 0.768562537E-01 0.831570873E-01 0.894742866E-01
 0.957972660E-01 0.102114982E+00 0.108415962E+00 0.114688350E+00 0.120919959E+00
 0.127098333E+00 0.133210829E+00 0.139244704E+00 0.145187210E+00 0.151025703E+00
 0.156747746E+00 0.162341225E+00 0.167794454E+00 0.173096278E+00 0.178236159E+00
 0.183204259E+00 0.187991496E+00 0.192589584E+00 0.196991057E+00 0.201189271E+00
 0.205178387E+00 0.208953354E+00 0.212509872E+00 0.215844369E+00 0.218953979E+00
 0.221836541E+00 0.224490618E+00 0.226915533E+00 0.229111429E+00 0.176231202E-01
 0.171394511E-01 0.160934027E-01 0.144720531E-01 0.123041382E-01 0.100183083E-01
 0.766760212E-02 0.526510696E-02 0.282329739E-02 0.350448074E-03-0.214788221E-02
-0.466778117E-02-0.720636320E-02-0.976140809E-02-0.123311420E-01-0.149140988E-01
-0.175090287E-01-0.201148355E-01-0.227305330E-01-0.253552123E-01-0.279880189E-01
-0.306281341E-01-0.332747606E-01-0.359271089E-01-0.385843811E-01-0.412457402E-01
-0.439102370E-01-0.465766107E-01-0.492427292E-01-0.519039936E-01-0.545052272E-01
-0.570463070E-01-0.595254248E-01-0.619400069E-01-0.642870448E-01-0.665632237E-01
-0.687649792E-01-0.708885290E-01-0.729298955E-01-0.748849251E-01-0.767493069E-01
-0.785185902E-01-0.801882031E-01-0.817534717E-01-0.832096386E-01-0.845518829E-01
-0.857753403E-01-0.868751226E-01-0.878463386E-01-0.886841136E-01-0.893836100E-01
-0.899400462E-01-0.903487165E-01-0.906050088E-01-0.907044228E-01-0.906425869E-01
-0.904152738E-01-0.900184158E-01-0.894481183E-01-0.887006723E-01-0.877725656E-01
-0.866604925E-01-0.853613621E-01-0.838723054E-01-0.821906821E-01-0.803140868E-01
-0.782403571E-01-0.759675829E-01-0.734941187E-01-0.708185928E-01-0.679399006E-01
-0.648570740E-01-0.615690722E-01-0.580726012E-01-0.543636613E-01-0.504433293E-01
-0.462882709E-01-0.420112311E-01-0.375933348E-01-0.330412307E-01-0.283570759E-01
-0.235442330E-01-0.186061743E-01-0.135466906E-01-0.836985776E-02-0.308005049E-02
 0.231805097E-02 0.781945339E-02 0.134188438E-01 0.191105834E-01 0.248887013E-01
 0.307468878E-01 0.366784871E-01 0.426764892E-01 0.487335223E-01 0.548418459E-01
 0.609933478E-01 0.671795432E-01 0.733915789E-01 0.796202439E-01 0.858559840E-01
 0.920889257E-01 0.983089054E-01 0.104505507E+00 0.110668109E+00 0.116785934E+00
 0.122848110E+00 0.128843736E+00 0.134761951E+00 0.140592002E+00 0.146323324E+00
 0.151945599E+00 0.157448824E+00 0.162823364E+00 0.168059994E+00 0.173149924E+00
 0.178084813E+00 0.182856760E+00 0.187458280E+00 0.191882268E+00 0.196121945E+00
 0.200170814E+00 0.204022605E+00 0.207671256E+00 0.211110912E+00 0.214335973E+00
 0.217341198E+00 0.220121849E+00 0.222673894E+00 0.186085075E-01 0.181243542E-01
 0.170550818E-01 0.153785273E-01 0.132024324E-01 0.108280808E-01 0.837809235E-02
 0.588008574E-02 0.334651959E-02 0.784338196E-03-0.180210949E-02-0.440985261E-02
-0.703672065E-02-0.968103982E-02-0.123414600E-01-0.150168492E-01-0.177062257E-01
-0.204087123E-01-0.231235040E-01-0.258498451E-01-0.285870113E-01-0.313342973E-01
-0.340910075E-01-0.368564523E-01-0.396299540E-01-0.424108800E-01-0.451987482E-01
-0.479935425E-01-0.507966280E-01-0.535542468E-01-0.562607210E-01-0.589124372E-01
-0.615063276E-01-0.640393425E-01-0.665082711E-01-0.689096873E-01-0.712399403E-01
-0.734951616E-01-0.756712777E-01-0.777640265E-01-0.797689740E-01-0.816815330E-01
-0.834969816E-01-0.852104830E-01-0.868171060E-01-0.883118460E-01-0.896896461E-01
-0.909454196E-01-0.920740720E-01-0.930705231E-01-0.939297298E-01-0.946467081E-01
-0.952165552E-01-0.956344705E-01-0.958957769E-01-0.959959400E-01-0.959305879E-01
-0.956955280E-01-0.952867642E-01-0.947005113E-01-0.939332084E-01-0.929815302E-01
-0.918423964E-01-0.905129791E-01-0.889907074E-01-0.872732700E-01-0.853586139E-01
-0.832449378E-01-0.809306779E-01-0.784144776E-01-0.756951312E-01-0.727714819E-01
-0.696422685E-01-0.663059076E-01-0.627607175E-01-0.590052692E-01-0.550374151E-01
-0.508597962E-01-0.464494887E-01-0.419236696E-01-0.372636281E-01-0.324769122E-01
-0.275664090E-01-0.225362377E-01-0.173906270E-01-0.121341315E-01-0.677159166E-02
-0.130814094E-02 0.425079964E-02 0.989952741E-02 0.156320652E-01 0.214421666E-01
 0.273233180E-01 0.332687369E-01 0.392713695E-01 0.453238889E-01 0.514186955E-01
 0.575479213E-01 0.637034378E-01 0.698768693E-01 0.760596103E-01 0.822428484E-01
 0.884175927E-01 0.945747065E-01 0.100704945E+00 0.106798999E+00 0.112847537E+00
 0.118841255E+00 0.124770926E+00 0.130627443E+00 0.136401867E+00 0.142085462E+00
 0.147669724E+00 0.153146397E+00 0.158507479E+00 0.163745202E+00 0.168852002E+00
 0.173820460E+00 0.178643225E+00 0.183312921E+00 0.187822037E+00 0.192162808E+00
 0.196327120E+00 0.200306423E+00 0.204091723E+00 0.207673640E+00 0.211042587E+00
 0.214189057E+00 0.217104032E+00 0.201513755E-01 0.198358644E-01 0.187617363E-01
 0.169069014E-01 0.143589044E-01 0.117360185E-01 0.911746186E-02 0.648772402E-02
 0.384118668E-02 0.117615273E-02-0.150760313E-02-0.420976439E-02-0.692982253E-02
-0.966721045E-02-0.124213526E-01-0.151916818E-01-0.179776425E-01-0.207786884E-01
-0.235942778E-01-0.264238687E-01-0.292669128E-01-0.321228498E-01-0.349910995E-01
-0.378710497E-01-0.407620288E-01-0.436632366E-01-0.465735533E-01-0.494909998E-01
-0.524111960E-01-0.552808788E-01-0.581000673E-01-0.608671215E-01-0.635796338E-01
-0.662347482E-01-0.688292777E-01-0.713597537E-01-0.738224514E-01-0.762134083E-01
-0.785284408E-01-0.807631610E-01-0.829129944E-01-0.849731982E-01-0.869388809E-01
-0.888050227E-01-0.905664970E-01-0.922180925E-01-0.937545361E-01-0.951705170E-01
-0.964607101E-01-0.976198015E-01-0.986425123E-01-0.995236239E-01-0.100258002E+00
-0.100840622E+00-0.101266592E+00-0.101531172E+00-0.101629804E+00-0.101558123E+00
-0.101311983E+00-0.100887471E+00-0.100280922E+00-0.994889337E-01-0.985083752E-01
-0.973363960E-01-0.959704289E-01-0.944081912E-01-0.926476796E-01-0.906871597E-01
-0.885251475E-01-0.861603809E-01-0.835917789E-01-0.808183894E-01-0.778393330E-01
-0.746537629E-01-0.712608863E-01-0.676600003E-01-0.638504656E-01-0.598318835E-01
-0.556030196E-01-0.511674730E-01-0.465023857E-01-0.417293140E-01-0.368296357E-01
-0.318117887E-01-0.266793910E-01-0.214373219E-01-0.160905623E-01-0.106444081E-01
-0.510441281E-02 0.523628578E-03 0.623371074E-02 0.120196418E-01 0.178750525E-01
 0.237933945E-01 0.297679364E-01 0.357917602E-01 0.418577627E-01 0.479586615E-01
 0.540870053E-01 0.602351891E-01 0.663954735E-01 0.725600073E-01 0.787208541E-01
 0.848700222E-01 0.909994966E-01 0.971012734E-01 0.103167396E+00 0.109189988E+00
 0.115161292E+00 0.121073695E+00 0.126919755E+00 0.132692217E+00 0.138384020E+00
 0.143988284E+00 0.149498286E+00 0.154907410E+00 0.160209070E+00 0.165396607E+00
 0.170463155E+00 0.175401466E+00 0.180203716E+00 0.184861272E+00 0.189364461E+00
 0.193702352E+00 0.197862610E+00 0.201831471E+00 0.205593944E+00 0.209134284E+00
 0.212436764E+00 0.213134991E-01 0.210430233E-01 0.199547139E-01 0.180187223E-01
 0.152784789E-01 0.125199660E-01 0.977354461E-02 0.702608817E-02 0.427087761E-02
 0.150369950E-02-0.127797511E-02-0.407561502E-02-0.689003773E-02-0.972165855E-02
-0.125706390E-01-0.154369749E-01-0.183205498E-01-0.212211662E-01-0.241385654E-01
-0.270724390E-01-0.300224357E-01-0.329881664E-01-0.359692096E-01-0.389651245E-01
-0.419754877E-01-0.449999992E-01-0.480387918E-01-0.510933206E-01-0.541116825E-01
-0.570885903E-01-0.600207140E-01-0.629052134E-01-0.657392272E-01-0.685196992E-01
-0.712433229E-01-0.739065299E-01-0.765054928E-01-0.790361362E-01-0.814941497E-01
-0.838750037E-01-0.861739660E-01-0.883861209E-01-0.905063886E-01-0.925295464E-01
-0.944502512E-01-0.962630623E-01-0.979624665E-01-0.995429030E-01-0.100998789E+00
-0.102324548E+00-0.103514634E+00-0.104563561E+00-0.105465930E+00-0.106216454E+00
-0.106809987E+00-0.107241546E+00-0.107506341E+00-0.107599793E+00-0.107517558E+00
-0.107255546E+00-0.106809940E+00-0.106177208E+00-0.105354118E+00-0.104337745E+00
-0.103125478E+00-0.101715019E+00-0.100104378E+00-0.982918696E-01-0.962760916E-01
-0.940559086E-01-0.916304237E-01-0.889989497E-01-0.861609787E-01-0.831161591E-01
-0.798642828E-01-0.764052757E-01-0.727391825E-01-0.688661522E-01-0.647863731E-01
-0.605002340E-01-0.560072086E-01-0.513117035E-01-0.463907948E-01-0.413704709E-01
-0.362321441E-01-0.309851436E-01-0.256338334E-01-0.201838799E-01-0.146410300E-01
-0.901128157E-02-0.330075465E-02 0.248438092E-02 0.833790410E-02 0.142535166E-01
 0.202248189E-01 0.262452974E-01 0.323083237E-01 0.384071627E-01 0.445349868E-01
 0.506848938E-01 0.568499294E-01 0.630231101E-01 0.691974503E-01 0.753659893E-01
 0.815218213E-01 0.876581251E-01 0.937681935E-01 0.998454627E-01 0.105883538E+00
 0.111876213E+00 0.117817490E+00 0.123701579E+00 0.129522895E+00 0.135276032E+00
 0.140955720E+00 0.146556759E+00 0.152073907E+00 0.157501750E+00 0.162834499E+00
 0.168065755E+00 0.173188186E+00 0.178193141E+00 0.183070197E+00 0.187806643E+00
 0.192386954E+00 0.196792382E+00 0.201000841E+00 0.204987475E+00 0.208726206E+00
 0.220264865E-01 0.217430736E-01 0.206281294E-01 0.186531277E-01 0.159698152E-01
 0.131349004E-01 0.102976042E-01 0.745669645E-02 0.460795141E-02 0.174795409E-02
-0.112587001E-02-0.401538938E-02-0.692192433E-02-0.984638504E-02-0.127893788E-01
-0.157512887E-01-0.187323297E-01-0.217325875E-01-0.247520464E-01-0.277906066E-01
-0.308480962E-01-0.339242763E-01-0.370188379E-01-0.401313827E-01-0.432613604E-01
-0.464078890E-01-0.495692346E-01-0.527413223E-01-0.558727953E-01-0.589639053E-01
-0.620132519E-01-0.650186474E-01-0.679774260E-01-0.708865562E-01-0.737426873E-01
-0.765421719E-01-0.792810815E-01-0.819552207E-01-0.845601419E-01-0.870911606E-01
-0.895433731E-01-0.919116746E-01-0.941907799E-01-0.963752446E-01-0.984594884E-01
-0.100437820E+00-0.102304462E+00-0.104053578E+00-0.105679301E+00-0.107175762E+00
-0.108537118E+00-0.109757583E+00-0.110831458E+00-0.111753158E+00-0.112517245E+00
-0.113118454E+00-0.113551720E+00-0.113812206E+00-0.113895328E+00-0.113796774E+00
-0.113512527E+00-0.113038881E+00-0.112372458E+00-0.111510215E+00-0.110449455E+00
-0.109187825E+00-0.107723322E+00-0.106054282E+00-0.104179370E+00-0.102097568E+00
-0.998081511E-01-0.973106728E-01-0.946049369E-01-0.916909771E-01-0.885690354E-01
-0.852395394E-01-0.817030785E-01-0.779603754E-01-0.740122534E-01-0.698596077E-01
-0.655033309E-01-0.609444781E-01-0.561831197E-01-0.512243819E-01-0.460451853E-01
-0.407760939E-01-0.353985990E-01-0.299230829E-01-0.243548784E-01-0.187006478E-01
-0.129668780E-01-0.715971081E-02-0.128512478E-02 0.465091837E-02 0.106423964E-01
 0.166832040E-01 0.227671594E-01 0.288880255E-01 0.350395338E-01 0.412154106E-01
 0.474094025E-01 0.536153037E-01 0.598269819E-01 0.660384071E-01 0.722436790E-01
 0.784370558E-01 0.846129825E-01 0.907661172E-01 0.968913558E-01 0.102983852E+00
 0.109039030E+00 0.115052593E+00 0.121020514E+00 0.126939015E+00 0.132804524E+00
 0.138613607E+00 0.144362866E+00 0.150048781E+00 0.155667506E+00 0.161214574E+00
 0.166684497E+00 0.172070224E+00 0.177362421E+00 0.182548516E+00 0.187611499E+00
 0.192528440E+00 0.197268753E+00 0.201792807E+00 0.206054330E+00 0.227204832E-01
 0.224330120E-01 0.212936825E-01 0.192757507E-01 0.164995062E-01 0.135982895E-01
 0.106901732E-01 0.777297472E-02 0.484421986E-02 0.190162808E-02-0.105677032E-02
-0.403260189E-02-0.702716667E-02-0.100414772E-01-0.130763037E-01-0.161322160E-01
-0.192096204E-01-0.223087889E-01-0.254298823E-01-0.285729678E-01-0.317380325E-01
-0.349249962E-01-0.381337289E-01-0.413640895E-01-0.446160325E-01-0.478899099E-01
-0.511873382E-01-0.544582223E-01-0.576977297E-01-0.609028785E-01-0.640711158E-01
-0.671998230E-01-0.702861467E-01-0.733269436E-01-0.763187672E-01-0.792578693E-01
-0.821402075E-01-0.849614563E-01-0.877170202E-01-0.904020489E-01-0.930114541E-01
-0.955399278E-01-0.979819635E-01-0.100331878E+00-0.102583834E+00-0.104731870E+00
-0.106769919E+00-0.108691848E+00-0.110491477E+00-0.112162617E+00-0.113699098E+00
-0.115094801E+00-0.116343694E+00-0.117439859E+00-0.118377527E+00-0.119151113E+00
-0.119755237E+00-0.120184765E+00-0.120434828E+00-0.120500849E+00-0.120378571E+00
-0.120064070E+00-0.119553779E+00-0.118844496E+00-0.117933399E+00-0.116818049E+00
-0.115496390E+00-0.113966752E+00-0.112227840E+00-0.110278720E+00-0.108118813E+00
-0.105747868E+00-0.103165945E+00-0.100373392E+00-0.973708181E-01-0.941590669E-01
-0.907391855E-01-0.871123915E-01-0.832800358E-01-0.792435643E-01-0.750044754E-01
-0.705642871E-01-0.659244601E-01-0.610865779E-01-0.560511851E-01-0.508240641E-01
-0.453820008E-01-0.398606349E-01-0.342422364E-01-0.285394726E-01-0.227597891E-01
-0.169086477E-01-0.109912590E-01-0.501297224E-02 0.102064989E-02 0.710388538E-02
 0.132309292E-01 0.193959563E-01 0.255931685E-01 0.318168302E-01 0.380612990E-01
 0.443210537E-01 0.505907217E-01 0.568651065E-01 0.631392168E-01 0.694082954E-01
 0.756678484E-01 0.819136749E-01 0.881418946E-01 0.943489734E-01 0.100531745E+00
 0.106687427E+00 0.112813629E+00 0.118908347E+00 0.124969946E+00 0.130997121E+00
 0.136988824E+00 0.142944157E+00 0.148862207E+00 0.154741799E+00 0.160581125E+00
 0.166377205E+00 0.172125056E+00 0.177816449E+00 0.183438031E+00 0.188968755E+00
 0.194377112E+00 0.199617036E+00 0.204560817E+00 0.233410109E-01 0.230406030E-01
 0.218823038E-01 0.198187340E-01 0.168924544E-01 0.139340201E-01 0.109659894E-01
 0.798316793E-02 0.498404912E-02 0.196714956E-02-0.106893617E-02-0.412547574E-02
-0.720357086E-02-0.103041516E-01-0.134279842E-01-0.165756861E-01-0.197477433E-01
-0.229445270E-01-0.261663083E-01-0.294132695E-01-0.326855100E-01-0.359830437E-01
-0.393057802E-01-0.426534616E-01-0.460254854E-01-0.494204001E-01-0.528344627E-01
-0.562181415E-01-0.595719745E-01-0.628948525E-01-0.661848596E-01-0.694395718E-01
-0.726561657E-01-0.758314607E-01-0.789619383E-01-0.820437548E-01-0.850727523E-01
-0.880444702E-01-0.909541580E-01-0.937967904E-01-0.965670839E-01-0.992595154E-01
-0.101868343E+00-0.104387628E+00-0.106811260E+00-0.109132985E+00-0.111346429E+00
-0.113445135E+00-0.115422587E+00-0.117272249E+00-0.118987592E+00-0.120562137E+00
-0.121989483E+00-0.123263346E+00-0.124377591E+00-0.125326272E+00-0.126103661E+00
-0.126704282E+00-0.127122942E+00-0.127354762E+00-0.127395199E+00-0.127240073E+00
-0.126885587E+00-0.126328342E+00-0.125565353E+00-0.124594055E+00-0.123412310E+00
-0.122018405E+00-0.120411049E+00-0.118589364E+00-0.116552873E+00-0.114301484E+00
-0.111835464E+00-0.109155423E+00-0.106262279E+00-0.103157232E+00-0.998417244E-01
-0.963174063E-01-0.925860915E-01-0.886497111E-01-0.845102648E-01-0.801697682E-01
-0.756301975E-01-0.708934438E-01-0.659612298E-01-0.608353118E-01-0.555163677E-01
-0.500107576E-01-0.442960213E-01-0.385173302E-01-0.326715301E-01-0.267572317E-01
-0.207774943E-01-0.147367906E-01-0.864041646E-02-0.249398141E-02 0.369686433E-02
 0.992654485E-02 0.161896079E-01 0.224807525E-01 0.287948525E-01 0.351269787E-01
 0.414724243E-01 0.478267314E-01 0.541857197E-01 0.605455177E-01 0.669025959E-01
 0.732538014E-01 0.795963936E-01 0.859280800E-01 0.922470524E-01 0.985520212E-01
 0.104842248E+00 0.111117572E+00 0.117378437E+00 0.123625901E+00 0.129861641E+00
 0.136087938E+00 0.142307636E+00 0.148524065E+00 0.154740900E+00 0.160961925E+00
 0.167190616E+00 0.173429357E+00 0.179677819E+00 0.185929063E+00 0.192158361E+00
 0.198296789E+00 0.204090246E+00 0.236027995E-01 0.232689795E-01 0.220738491E-01
 0.199882145E-01 0.171622700E-01 0.141634631E-01 0.111419879E-01 0.810029218E-02
 0.503746201E-02 0.195246874E-02-0.115571979E-02-0.428808615E-02-0.744552989E-02
-0.106288505E-01-0.138387420E-01-0.170757963E-01-0.203405105E-01-0.236332963E-01
-0.269544906E-01-0.303043646E-01-0.336831340E-01-0.370909728E-01-0.405280447E-01
-0.439945943E-01-0.474912252E-01-0.510197308E-01-0.545316829E-01-0.580227065E-01
-0.614901835E-01-0.649318766E-01-0.683454496E-01-0.717283003E-01-0.750775038E-01
-0.783897954E-01-0.816615678E-01-0.848888747E-01-0.880674379E-01-0.911926570E-01
-0.942596211E-01-0.972631230E-01-0.100197675E+00-0.103057529E+00-0.105836695E+00
-0.108528965E+00-0.111127940E+00-0.113627055E+00-0.116019609E+00-0.118298800E+00
-0.120457751E+00-0.122489552E+00-0.124387292E+00-0.126144098E+00-0.127753170E+00
-0.129207824E+00-0.130501526E+00-0.131627934E+00-0.132580931E+00-0.133354665E+00
-0.133943580E+00-0.134342452E+00-0.134546418E+00-0.134550999E+00-0.134352131E+00
-0.133946181E+00-0.133329962E+00-0.132500749E+00-0.131456282E+00-0.130194774E+00
-0.128714904E+00-0.127015814E+00-0.125097096E+00-0.122958776E+00-0.120601293E+00
-0.118025476E+00-0.115232512E+00-0.112223914E+00-0.109001480E+00-0.105567254E+00
-0.101923473E+00-0.980725190E-01-0.940168565E-01-0.897589646E-01-0.853012568E-01
-0.806459786E-01-0.757950613E-01-0.707499007E-01-0.655108993E-01-0.600768477E-01
-0.544418594E-01-0.485977688E-01-0.426900790E-01-0.367011150E-01-0.306426047E-01
-0.245202577E-01-0.183409212E-01-0.121110589E-01-0.583657149E-02 0.477044367E-03
 0.682458890E-02 0.132011204E-01 0.196019528E-01 0.260226685E-01 0.324591385E-01
 0.389075477E-01 0.453644238E-01 0.518266722E-01 0.582916129E-01 0.647570232E-01
 0.712211832E-01 0.776829245E-01 0.841416839E-01 0.905975597E-01 0.970513739E-01
 0.103504739E+00 0.109960131E+00 0.116420969E+00 0.122891711E+00 0.129377953E+00
 0.135886558E+00 0.142425811E+00 0.149005624E+00 0.155637834E+00 0.162336650E+00
 0.169119439E+00 0.176008248E+00 0.183033443E+00 0.190245727E+00 0.197696903E+00
 0.204540033E+00 0.239410878E-01 0.235879409E-01 0.223641955E-01 0.202419724E-01
 0.173504985E-01 0.143050496E-01 0.112341942E-01 0.813829125E-02 0.501657728E-02
 0.186821780E-02-0.130762624E-02-0.451175882E-02-0.774492461E-02-0.110077973E-01
-0.143009769E-01-0.176249932E-01-0.209803124E-01-0.243673450E-01-0.277864543E-01
-0.312379619E-01-0.347221480E-01-0.382392333E-01-0.417893129E-01-0.453721585E-01
-0.489866662E-01-0.526293661E-01-0.562523218E-01-0.598563076E-01-0.634404832E-01
-0.670032121E-01-0.705423457E-01-0.740553201E-01-0.775391882E-01-0.809906315E-01
-0.844059665E-01-0.877811494E-01-0.911117837E-01-0.943931282E-01-0.976201088E-01
-0.100787332E+00-0.103889099E+00-0.106919429E+00-0.109872072E+00-0.112740541E+00
-0.115518133E+00-0.118197956E+00-0.120772966E+00-0.123235991E+00-0.125579776E+00
-0.127797012E+00-0.129880377E+00-0.131822577E+00-0.133616387E+00-0.135254689E+00
-0.136730518E+00-0.138037101E+00-0.139167898E+00-0.140116643E+00-0.140877381E+00
-0.141444508E+00-0.141812798E+00-0.141977442E+00-0.141934068E+00-0.141678771E+00
-0.141208129E+00-0.140519218E+00-0.139609627E+00-0.138477457E+00-0.137121326E+00
-0.135540362E+00-0.133734192E+00-0.131702932E+00-0.129447159E+00-0.126967891E+00
-0.124266554E+00-0.121344944E+00-0.118205193E+00-0.114849716E+00-0.111281165E+00
-0.107502370E+00-0.103516281E+00-0.993258961E-01-0.949341889E-01-0.903440246E-01
-0.855580700E-01-0.805787034E-01-0.754079496E-01-0.700475387E-01-0.644992847E-01
-0.587668386E-01-0.528590916E-01-0.467530537E-01-0.405948932E-01-0.343661432E-01
-0.280805974E-01-0.217461953E-01-0.153685120E-01-0.895257454E-02-0.250318423E-02
 0.397509292E-02 0.104779730E-01 0.170014863E-01 0.235420014E-01 0.300962495E-01
 0.366613557E-01 0.432348764E-01 0.498148435E-01 0.563998139E-01 0.629889255E-01
 0.695819592E-01 0.761794080E-01 0.827825551E-01 0.893935624E-01 0.960155726E-01
 0.102652828E+00 0.109310811E+00 0.115996411E+00 0.122718134E+00 0.129486354E+00
 0.136313653E+00 0.143215256E+00 0.150209653E+00 0.157319497E+00 0.164572976E+00
 0.172006001E+00 0.179665624E+00 0.187614491E+00 0.195881210E+00 0.203571761E+00
 0.243227081E-01 0.239390424E-01 0.227073606E-01 0.205285022E-01 0.174663835E-01
 0.143740454E-01 0.112572018E-01 0.811089570E-02 0.493422597E-02 0.172635352E-02
-0.151350178E-02-0.478604148E-02-0.809188611E-02-0.114315827E-01-0.148056168E-01
-0.182144254E-01-0.216584093E-01-0.251379449E-01-0.286533971E-01-0.322051360E-01
-0.357935660E-01-0.394191843E-01-0.430827096E-01-0.467853719E-01-0.505295755E-01
-0.542680140E-01-0.579964155E-01-0.617123262E-01-0.654137518E-01-0.690986440E-01
-0.727647022E-01-0.764092940E-01-0.800294222E-01-0.836217119E-01-0.871824067E-01
-0.907073698E-01-0.941920890E-01-0.976316837E-01-0.101020916E+00-0.104354203E+00
-0.107625631E+00-0.110828978E+00-0.113957731E+00-0.117005109E+00-0.119964093E+00
-0.122827454E+00-0.125587783E+00-0.128237527E+00-0.130769028E+00-0.133174557E+00
-0.135446359E+00-0.137576695E+00-0.139557882E+00-0.141382343E+00-0.143042649E+00
-0.144531565E+00-0.145842095E+00-0.146967526E+00-0.147901469E+00-0.148637901E+00
-0.149171204E+00-0.149496195E+00-0.149608164E+00-0.149502899E+00-0.149176705E+00
-0.148626430E+00-0.147849475E+00-0.146843798E+00-0.145607924E+00-0.144140939E+00
-0.142442477E+00-0.140512713E+00-0.138352338E+00-0.135962533E+00-0.133344939E+00
-0.130501621E+00-0.127435024E+00-0.124147926E+00-0.120643389E+00-0.116924697E+00
-0.112995303E+00-0.108858757E+00-0.104518646E+00-0.999785260E-01-0.952418610E-01
-0.903119768E-01-0.851920451E-01-0.798851206E-01-0.743942547E-01-0.687226604E-01
-0.628735662E-01-0.568487932E-01-0.506559067E-01-0.442713198E-01-0.378511245E-01
-0.313922711E-01-0.248935404E-01-0.183583346E-01-0.117910845E-01-0.519613780E-02
 0.142251781E-02 0.806128562E-02 0.147169524E-01 0.213866967E-01 0.280681179E-01
 0.347592789E-01 0.414587583E-01 0.481657084E-01 0.548799198E-01 0.616018931E-01
 0.683329188E-01 0.750751701E-01 0.818318099E-01 0.886071161E-01 0.954066303E-01
 0.102237336E+00 0.109107875E+00 0.116028802E+00 0.123012914E+00 0.130075633E+00
 0.137235500E+00 0.144514777E+00 0.151940189E+00 0.159543806E+00 0.167363997E+00
 0.175446227E+00 0.183843101E+00 0.192603263E+00 0.200859947E+00 0.243312055E-01
 0.239202863E-01 0.226363176E-01 0.204500702E-01 0.175069850E-01 0.143834153E-01
 0.112245060E-01 0.803168621E-02 0.480379436E-02 0.153984029E-02-0.176095025E-02
-0.509916808E-02-0.847526933E-02-0.118896227E-01-0.153425470E-01-0.188343386E-01
-0.223652885E-01-0.259356929E-01-0.295458577E-01-0.331960990E-01-0.368867396E-01
-0.406181045E-01-0.443905227E-01-0.482043667E-01-0.520602371E-01-0.559080169E-01
-0.597476160E-01-0.635782246E-01-0.673985311E-01-0.712067885E-01-0.750008321E-01
-0.787780843E-01-0.825355547E-01-0.862698407E-01-0.899771292E-01-0.936531998E-01
-0.972934300E-01-0.100892803E+00-0.104445918E+00-0.107947000E+00-0.111389922E+00
-0.114768213E+00-0.118075089E+00-0.121303471E+00-0.124446013E+00-0.127495135E+00
-0.130443053E+00-0.133281815E+00-0.136003343E+00-0.138599469E+00-0.141061984E+00
-0.143382677E+00-0.145553388E+00-0.147566052E+00-0.149412747E+00-0.151085749E+00
-0.152577573E+00-0.153881028E+00-0.154989258E+00-0.155895790E+00-0.156594576E+00
-0.157080032E+00-0.157347072E+00-0.157391143E+00-0.157208250E+00-0.156794976E+00
-0.156148503E+00-0.155266620E+00-0.154147728E+00-0.152790842E+00-0.151195579E+00
-0.149362149E+00-0.147291332E+00-0.144984453E+00-0.142443352E+00-0.139670343E+00
-0.136668175E+00-0.133439979E+00-0.129989219E+00-0.126319634E+00-0.122435176E+00
-0.118339947E+00-0.114038137E+00-0.109533955E+00-0.104831570E+00-0.999350518E-01
-0.948483179E-01-0.895750797E-01-0.841187717E-01-0.784824161E-01-0.726683274E-01
-0.666775680E-01-0.605092702E-01-0.541573996E-01-0.476134257E-01-0.410344551E-01
-0.344026560E-01-0.277325999E-01-0.210322938E-01-0.143068413E-01-0.756003321E-02
-0.795056834E-03 0.598527341E-02 0.127784919E-01 0.195825309E-01 0.263957878E-01
 0.332171947E-01 0.400462860E-01 0.468832678E-01 0.537290924E-01 0.605855415E-01
 0.674553220E-01 0.743421784E-01 0.812510260E-01 0.881881103E-01 0.951611966E-01
 0.102179799E+00 0.109255456E+00 0.116402053E+00 0.123636215E+00 0.130977748E+00
 0.138450146E+00 0.146081112E+00 0.153903049E+00 0.161953388E+00 0.170274574E+00
 0.178913483E+00 0.187937058E+00 0.196653589E+00 0.244589016E-01 0.240195864E-01
 0.227055232E-01 0.204881760E-01 0.175025368E-01 0.143451129E-01 0.111495836E-01
 0.791515893E-02 0.464005118E-02 0.132314171E-02-0.203616805E-02-0.543815297E-02
-0.888292286E-02-0.123705294E-01-0.159010295E-01-0.194745186E-01-0.230911443E-01
-0.267511080E-01-0.304546568E-01-0.342020647E-01-0.379935903E-01-0.418293800E-01
-0.457092326E-01-0.496320152E-01-0.535942034E-01-0.575496857E-01-0.615000353E-01
-0.654452949E-01-0.693845925E-01-0.733164107E-01-0.772387036E-01-0.811489474E-01
-0.850441630E-01-0.889209251E-01-0.927753693E-01-0.966031956E-01-0.100399675E+00
-0.104159658E+00-0.107877579E+00-0.111547476E+00-0.115163001E+00-0.118717437E+00
-0.122203722E+00-0.125614472E+00-0.128942009E+00-0.132178391E+00-0.135315448E+00
-0.138344818E+00-0.141257986E+00-0.144046330E+00-0.146701166E+00-0.149213796E+00
-0.151575556E+00-0.153777870E+00-0.155812302E+00-0.157670608E+00-0.159344790E+00
-0.160827147E+00-0.162110328E+00-0.163187380E+00-0.164051795E+00-0.164697554E+00
-0.165119168E+00-0.165311712E+00-0.165270856E+00-0.164992893E+00-0.164474757E+00
-0.163714038E+00-0.162708989E+00-0.161458528E+00-0.159962232E+00-0.158220322E+00
-0.156233650E+00-0.154003666E+00-0.151532391E+00-0.148822377E+00-0.145876664E+00
-0.142698727E+00-0.139292424E+00-0.135661940E+00-0.131811719E+00-0.127746401E+00
-0.123470755E+00-0.118989611E+00-0.114307786E+00-0.109430016E+00-0.104360880E+00
-0.991047238E-01-0.936655689E-01-0.880470029E-01-0.822520608E-01-0.762831305E-01
-0.701420109E-01-0.638303656E-01-0.573517656E-01-0.507157888E-01-0.438991788E-01
-0.370660389E-01-0.302148689E-01-0.233458433E-01-0.164600210E-01-0.955934982E-02
-0.264615053E-02 0.427730329E-02 0.112090479E-01 0.181475830E-01 0.250919673E-01
 0.320418867E-01 0.389977165E-01 0.459605848E-01 0.529324456E-01 0.599161651E-01
 0.669156244E-01 0.739358438E-01 0.809831319E-01 0.880652659E-01 0.951917077E-01
 0.102373864E+00 0.109625394E+00 0.116962581E+00 0.124404750E+00 0.131974751E+00
 0.139699463E+00 0.147610288E+00 0.155743525E+00 0.164140475E+00 0.172847067E+00
 0.181922822E+00 0.190740626E+00 0.247162946E-01 0.242008699E-01 0.229267715E-01
 0.206143581E-01 0.174561788E-01 0.142715517E-01 0.110490337E-01 0.777964030E-02
 0.446123327E-02 0.109339301E-02-0.232350939E-02-0.578885283E-02-0.930203524E-02
-0.128625858E-01-0.164701990E-01-0.201247332E-01-0.238261961E-01-0.275747275E-01
-0.313705871E-01-0.352141563E-01-0.391059707E-01-0.430468221E-01-0.470380225E-01
-0.510820378E-01-0.551335389E-01-0.591888264E-01-0.632460790E-01-0.673039600E-01
-0.713610546E-01-0.754156425E-01-0.794656065E-01-0.835083940E-01-0.875410012E-01
-0.915599668E-01-0.955613702E-01-0.995408323E-01-0.103493519E+00-0.107414148E+00
-0.111296995E+00-0.115135907E+00-0.118924318E+00-0.122655261E+00-0.126321398E+00
-0.129915034E+00-0.133428153E+00-0.136852447E+00-0.140179350E+00-0.143400077E+00
-0.146505670E+00-0.149487037E+00-0.152335005E+00-0.155040370E+00-0.157593947E+00
-0.159986631E+00-0.162209446E+00-0.164253609E+00-0.166110582E+00-0.167772132E+00
-0.169230384E+00-0.170477880E+00-0.171507624E+00-0.172313134E+00-0.172888490E+00
-0.173228365E+00-0.173328071E+00-0.173183582E+00-0.172791557E+00-0.172149364E+00
-0.171255081E+00-0.170107509E+00-0.168706161E+00-0.167051253E+00-0.165143687E+00
-0.162985023E+00-0.160577451E+00-0.157923746E+00-0.155027227E+00-0.151891705E+00
-0.148521423E+00-0.144921003E+00-0.141095371E+00-0.137049696E+00-0.132789314E+00
-0.128319654E+00-0.123646165E+00-0.118774235E+00-0.113709108E+00-0.108455804E+00
-0.103019025E+00-0.974030683E-01-0.916117293E-01-0.856482238E-01-0.795151218E-01
-0.732142803E-01-0.667466483E-01-0.601113208E-01-0.533022511E-01-0.463118812E-01
-0.393097415E-01-0.322939074E-01-0.252627079E-01-0.182186912E-01-0.111651766E-01
-0.410517012E-02 0.295893348E-02 0.100254117E-01 0.170932196E-01 0.241619932E-01
 0.312320670E-01 0.383045054E-01 0.453811506E-01 0.524646855E-01 0.595587147E-01
 0.666678633E-01 0.737978994E-01 0.809558823E-01 0.881503432E-01 0.953915058E-01
 0.102691555E+00 0.110064971E+00 0.117528938E+00 0.125103863E+00 0.132814019E+00
 0.140688353E+00 0.148761451E+00 0.157074566E+00 0.165676376E+00 0.174622038E+00
 0.183346986E+00 0.244987006E-01 0.239599689E-01 0.225829901E-01 0.203411431E-01
 0.173558519E-01 0.141858774E-01 0.109525410E-01 0.765382740E-02 0.429222154E-02
 0.871325386E-03-0.260577761E-02-0.613678955E-02-0.972010826E-02-0.133546819E-01
-0.170398808E-01-0.207753980E-01-0.245611729E-01-0.283973340E-01-0.322841535E-01
-0.362220103E-01-0.402113611E-01-0.442527253E-01-0.483467136E-01-0.524942068E-01
-0.566472858E-01-0.608063965E-01-0.649713068E-01-0.691412995E-01-0.733152128E-01
-0.774914379E-01-0.816679088E-01-0.858420918E-01-0.900109782E-01-0.941710794E-01
-0.983184239E-01-0.102448557E+00-0.106556544E+00-0.110636972E+00-0.114683962E+00
-0.118691172E+00-0.122651819E+00-0.126558689E+00-0.130404164E+00-0.134180240E+00
-0.137878560E+00-0.141490445E+00-0.145006928E+00-0.148418797E+00-0.151716639E+00
-0.154890884E+00-0.157931859E+00-0.160829841E+00-0.163575110E+00-0.166158014E+00
-0.168569023E+00-0.170798794E+00-0.172838229E+00-0.174678541E+00-0.176311312E+00
-0.177728552E+00-0.178922755E+00-0.179886954E+00-0.180614768E+00-0.181100452E+00
-0.181338929E+00-0.181325832E+00-0.181057523E+00-0.180531123E+00-0.179744517E+00
-0.178696366E+00-0.177386099E+00-0.175813910E+00-0.173980735E+00-0.171888231E+00
-0.169538739E+00-0.166935248E+00-0.164081346E+00-0.160981167E+00-0.157639335E+00
-0.154060898E+00-0.150251260E+00-0.146216109E+00-0.141961341E+00-0.137492982E+00
-0.132817109E+00-0.127939762E+00-0.122866866E+00-0.117604138E+00-0.112157001E+00
-0.106530491E+00-0.100729164E+00-0.947569987E-01-0.886172787E-01-0.823124453E-01
-0.758438593E-01-0.692114129E-01-0.624130192E-01-0.554445463E-01-0.482989075E-01
-0.411427879E-01-0.339577804E-01-0.267593092E-01-0.195555342E-01-0.123512394E-01
-0.514945165E-02 0.204788238E-02 0.923961596E-02 0.164252919E-01 0.236051064E-01
 0.307799096E-01 0.379512260E-01 0.451212918E-01 0.522931048E-01 0.594704891E-01
 0.666581760E-01 0.738619015E-01 0.810885272E-01 0.883461875E-01 0.956444762E-01
 0.102994685E+00 0.110410123E+00 0.117906567E+00 0.125502925E+00 0.133222276E+00
 0.141093574E+00 0.149154484E+00 0.157455882E+00 0.166063801E+00 0.174522587E+00
 0.243451375E-01 0.236606454E-01 0.222459070E-01 0.200721518E-01 0.172768897E-01
 0.141742402E-01 0.109267144E-01 0.758307326E-02 0.416346033E-02 0.678025954E-03
-0.286755258E-02-0.646992809E-02-0.101271032E-01-0.138379259E-01-0.176018060E-01
-0.214185436E-01-0.252882175E-01-0.292111073E-01-0.331876288E-01-0.372182629E-01
-0.413034423E-01-0.454433111E-01-0.496371531E-01-0.538819777E-01-0.581337964E-01
-0.623947479E-01-0.666654735E-01-0.709457059E-01-0.752345198E-01-0.795304346E-01
-0.838314529E-01-0.881350729E-01-0.924382898E-01-0.967375941E-01-0.101028969E+00
-0.105307890E+00-0.109569326E+00-0.113807738E+00-0.118017095E+00-0.122190874E+00
-0.126322076E+00-0.130403243E+00-0.134426480E+00-0.138383474E+00-0.142265528E+00
-0.146063590E+00-0.149768293E+00-0.153369994E+00-0.156858820E+00-0.160224718E+00
-0.163457507E+00-0.166546937E+00-0.169482743E+00-0.172254715E+00-0.174852754E+00
-0.177266944E+00-0.179487614E+00-0.181505404E+00-0.183311336E+00-0.184896869E+00
-0.186253969E+00-0.187375162E+00-0.188253591E+00-0.188883064E+00-0.189258102E+00
-0.189373973E+00-0.189226723E+00-0.188813206E+00-0.188131095E+00-0.187178892E+00
-0.185955928E+00-0.184462355E+00-0.182699131E+00-0.180667992E+00-0.178371421E+00
-0.175812608E+00-0.172995399E+00-0.169924246E+00-0.166604141E+00-0.163040553E+00
-0.159239356E+00-0.155206752E+00-0.150949194E+00-0.146473302E+00-0.141785780E+00
-0.136893328E+00-0.131802558E+00-0.126519903E+00-0.121051529E+00-0.115403247E+00
-0.109580428E+00-0.103587913E+00-0.974299404E-01-0.911100671E-01-0.846311347E-01
-0.779953128E-01-0.712043687E-01-0.642604554E-01-0.571678847E-01-0.499372129E-01
-0.425442175E-01-0.351630946E-01-0.277929511E-01-0.204345553E-01-0.130891345E-01
-0.575784645E-02 0.155846884E-02 0.885940296E-02 0.161450283E-01 0.234159203E-01
 0.306731719E-01 0.379184094E-01 0.451538125E-01 0.523821400E-01 0.596067606E-01
 0.668316888E-01 0.740616253E-01 0.813020022E-01 0.885590345E-01 0.958397828E-01
 0.103152234E+00 0.110505420E+00 0.117909617E+00 0.125376723E+00 0.132921045E+00
 0.140561219E+00 0.148325822E+00 0.156274169E+00 0.164124707E+00 0.254097943E-01
 0.248148923E-01 0.234617149E-01 0.210638641E-01 0.177436863E-01 0.144236074E-01
 0.110454630E-01 0.759973800E-02 0.409079086E-02 0.522454167E-03-0.310273594E-02
-0.678324386E-02-0.105182364E-01-0.143073750E-01-0.181506784E-01-0.220484309E-01
-0.260011214E-01-0.300094057E-01-0.340740918E-01-0.381961615E-01-0.423768634E-01
-0.466179660E-01-0.509223724E-01-0.552466875E-01-0.595880535E-01-0.639453974E-01
-0.683180807E-01-0.727053525E-01-0.771061247E-01-0.815188767E-01-0.859416115E-01
-0.903718335E-01-0.948065342E-01-0.992421831E-01-0.103674722E+00-0.108099560E+00
-0.112511575E+00-0.116905111E+00-0.121273988E+00-0.125611506E+00-0.129910458E+00
-0.134163148E+00-0.138361405E+00-0.142496615E+00-0.146559741E+00-0.150541365E+00
-0.154431718E+00-0.158220727E+00-0.161898061E+00-0.165453180E+00-0.168875394E+00
-0.172153921E+00-0.175277947E+00-0.178236698E+00-0.181019498E+00-0.183615850E+00
-0.186015496E+00-0.188208498E+00-0.190185299E+00-0.191936799E+00-0.193454419E+00
-0.194730164E+00-0.195756684E+00-0.196527328E+00-0.197036194E+00-0.197278169E+00
-0.197248969E+00-0.196945164E+00-0.196364196E+00-0.195504395E+00-0.194364978E+00
-0.192946042E+00-0.191248550E+00-0.189274307E+00-0.187025924E+00-0.184506782E+00
-0.181720974E+00-0.178673259E+00-0.175368989E+00-0.171814047E+00-0.168014769E+00
-0.163977866E+00-0.159710340E+00-0.155219402E+00-0.150512380E+00-0.145596634E+00
-0.140479463E+00-0.135168016E+00-0.129669205E+00-0.123989617E+00-0.118135432E+00
-0.112112342E+00-0.105925482E+00-0.995793703E-01-0.930778723E-01-0.864241868E-01
-0.796208629E-01-0.726697997E-01-0.655720385E-01-0.583267868E-01-0.509280481E-01
-0.433686370E-01-0.358305840E-01-0.283149238E-01-0.208229615E-01-0.133559415E-01
-0.591479167E-02 0.149996347E-02 0.888820352E-02 0.162501882E-01 0.235865337E-01
 0.308981953E-01 0.381864540E-01 0.454529047E-01 0.526994387E-01 0.599282184E-01
 0.671416378E-01 0.743422604E-01 0.815327274E-01 0.887156172E-01 0.958932353E-01
 0.103067289E+00 0.110238368E+00 0.117405075E+00 0.124562435E+00 0.131698635E+00
 0.138787256E+00 0.145766281E+00 0.152502495E+00 0.259397581E-01 0.255043957E-01
 0.240731108E-01 0.216137520E-01 0.182738591E-01 0.147638903E-01 0.112312190E-01
 0.766280503E-02 0.405060820E-02 0.390550267E-03-0.331956285E-02-0.708110672E-02
-0.108951318E-01-0.147625858E-01-0.186844126E-01-0.226615933E-01-0.266951605E-01
-0.307861982E-01-0.349358333E-01-0.391452240E-01-0.434155537E-01-0.477480665E-01
-0.521442490E-01-0.565582254E-01-0.609912269E-01-0.654437782E-01-0.699158879E-01
-0.744070894E-01-0.789164372E-01-0.834424934E-01-0.879833126E-01-0.925364281E-01
-0.970988403E-01-0.101667007E+00-0.106236835E+00-0.110803675E+00-0.115362321E+00
-0.119907007E+00-0.124431411E+00-0.128928664E+00-0.133391358E+00-0.137811565E+00
-0.142180849E+00-0.146490297E+00-0.150730545E+00-0.154891808E+00-0.158963925E+00
-0.162936397E+00-0.166798436E+00-0.170539023E+00-0.174146960E+00-0.177610934E+00
-0.180919582E+00-0.184061564E+00-0.187025628E+00-0.189800689E+00-0.192375903E+00
-0.194740742E+00-0.196885070E+00-0.198799217E+00-0.200474051E+00-0.201901046E+00
-0.203072349E+00-0.203980839E+00-0.204620179E+00-0.204984864E+00-0.205070266E+00
-0.204872657E+00-0.204389238E+00-0.203618152E+00-0.202558488E+00-0.201210277E+00
-0.199574474E+00-0.197652940E+00-0.195448404E+00-0.192964423E+00-0.190205330E+00
-0.187176176E+00-0.183882666E+00-0.180331085E+00-0.176528223E+00-0.172481289E+00
-0.168197829E+00-0.163685632E+00-0.158952646E+00-0.154006877E+00-0.148856304E+00
-0.143508783E+00-0.137971954E+00-0.132253157E+00-0.126359344E+00-0.120296996E+00
-0.114072049E+00-0.107689822E+00-0.101154945E+00-0.944712977E-01-0.876419232E-01
-0.806689076E-01-0.735531745E-01-0.662941636E-01-0.588895087E-01-0.513354842E-01
-0.436272931E-01-0.359511902E-01-0.283097318E-01-0.207051525E-01-0.131387680E-01
-0.561121465E-02 0.187728704E-02 0.932677109E-02 0.167374436E-01 0.241096387E-01
 0.314437868E-01 0.387403790E-01 0.459999190E-01 0.532228543E-01 0.604094796E-01
 0.675598020E-01 0.746733521E-01 0.817489196E-01 0.887841789E-01 0.957751487E-01
 0.102715401E+00 0.109594876E+00 0.116398099E+00 0.123101539E+00 0.129670134E+00
 0.136054343E+00 0.142191887E+00 0.264202984E-01 0.260039611E-01 0.245547412E-01
 0.220373457E-01 0.186224341E-01 0.150092955E-01 0.113719028E-01 0.770494336E-02
 0.400146341E-02 0.256266864E-03-0.353446717E-02-0.737363222E-02-0.112635386E-01
-0.152061460E-01-0.192032114E-01-0.232563803E-01-0.273672381E-01-0.315373308E-01
-0.357681487E-01-0.400610456E-01-0.444170169E-01-0.488361419E-01-0.533162032E-01
-0.578151383E-01-0.623358626E-01-0.668797735E-01-0.714473380E-01-0.760383421E-01
-0.806519911E-01-0.852869432E-01-0.899413165E-01-0.946126833E-01-0.992980616E-01
-0.103993905E+00-0.108696094E+00-0.113399929E+00-0.118100127E+00-0.122790819E+00
-0.127465554E+00-0.132117300E+00-0.136738459E+00-0.141320878E+00-0.145855868E+00
-0.150334228E+00-0.154746270E+00-0.159081860E+00-0.163330449E+00-0.167481122E+00
-0.171522647E+00-0.175443529E+00-0.179232070E+00-0.182876435E+00-0.186364719E+00
-0.189685018E+00-0.192825510E+00-0.195774527E+00-0.198520637E+00-0.201052727E+00
-0.203360079E+00-0.205432453E+00-0.207260160E+00-0.208834142E+00-0.210146038E+00
-0.211188248E+00-0.211953997E+00-0.212437382E+00-0.212633416E+00-0.212538071E+00
-0.212148293E+00-0.211462030E+00-0.210478232E+00-0.209196850E+00-0.207618824E+00
-0.205746056E+00-0.203581381E+00-0.201128522E+00-0.198392036E+00-0.195377259E+00
-0.192090233E+00-0.188537634E+00-0.184726691E+00-0.180665101E+00-0.176360937E+00
-0.171822557E+00-0.167058511E+00-0.162077441E+00-0.156887985E+00-0.151498686E+00
-0.145917890E+00-0.140153661E+00-0.134213685E+00-0.128105185E+00-0.121834840E+00
-0.115408699E+00-0.108832102E+00-0.102109602E+00-0.952448736E-01-0.882406243E-01
-0.810984976E-01-0.738189963E-01-0.664014844E-01-0.588443499E-01-0.511452472E-01
-0.433013420E-01-0.355041981E-01-0.277591456E-01-0.200670236E-01-0.124276337E-01
-0.484072210E-02 0.269381477E-02 0.101759285E-01 0.176054438E-01 0.249820617E-01
 0.323053349E-01 0.395746120E-01 0.467889524E-01 0.539470068E-01 0.610468577E-01
 0.680858069E-01 0.750600985E-01 0.819645538E-01 0.887920964E-01 0.955331397E-01
 0.102174823E+00 0.108700117E+00 0.115086924E+00 0.121307505E+00 0.127328782E+00
 0.133114096E+00 0.269326430E-01 0.265143611E-01 0.250700585E-01 0.224878265E-01
 0.188292009E-01 0.151419812E-01 0.114334537E-01 0.769337364E-02 0.391693101E-02
 0.998802183E-04-0.376145824E-02-0.767025705E-02-0.116292854E-01-0.156410153E-01
-0.197077133E-01-0.238315172E-01-0.280144990E-01-0.322587266E-01-0.365663374E-01
-0.409396578E-01-0.453814445E-01-0.498954348E-01-0.544398656E-01-0.590127813E-01
-0.636138974E-01-0.682433218E-01-0.729010334E-01-0.775866627E-01-0.822993932E-01
-0.870379101E-01-0.918003699E-01-0.965843780E-01-0.101386971E+00-0.106204605E+00
-0.111033140E+00-0.115867835E+00-0.120703339E+00-0.125533689E+00-0.130352311E+00
-0.135152026E+00-0.139925054E+00-0.144663030E+00-0.149357022E+00-0.153997553E+00
-0.158574629E+00-0.163077774E+00-0.167496068E+00-0.171818194E+00-0.176032487E+00
-0.180126991E+00-0.184089523E+00-0.187907735E+00-0.191569191E+00-0.195061441E+00
-0.198372098E+00-0.201488923E+00-0.204399905E+00-0.207093353E+00-0.209557975E+00
-0.211782965E+00-0.213758084E+00-0.215473742E+00-0.216921071E+00-0.218091998E+00
-0.218979303E+00-0.219576682E+00-0.219878792E+00-0.219881293E+00-0.219580876E+00
-0.218975282E+00-0.218063315E+00-0.216844838E+00-0.215320763E+00-0.213493024E+00
-0.211364550E+00-0.208939214E+00-0.206221788E+00-0.203217874E+00-0.199933837E+00
-0.196376729E+00-0.192554202E+00-0.188474422E+00-0.184145974E+00-0.179577766E+00
-0.174778929E+00-0.169758718E+00-0.164526414E+00-0.159091218E+00-0.153462158E+00
-0.147647992E+00-0.141657108E+00-0.135497440E+00-0.129176372E+00-0.122700658E+00
-0.116076329E+00-0.109308615E+00-0.102401859E+00-0.953594386E-01-0.881836976E-01
-0.808759058E-01-0.734362864E-01-0.658641839E-01-0.581585346E-01-0.503190702E-01
-0.423494035E-01-0.344629984E-01-0.266479222E-01-0.188996523E-01-0.112167354E-01
-0.359899845E-02 0.395316196E-02 0.114390402E-01 0.188576909E-01 0.262079129E-01
 0.334881890E-01 0.406965945E-01 0.478306785E-01 0.548873149E-01 0.618625188E-01
 0.687512235E-01 0.755470143E-01 0.822418186E-01 0.888255617E-01 0.952858150E-01
 0.101607492E+00 0.107772688E+00 0.113760800E+00 0.119549054E+00 0.125113508E+00
 0.269368211E-01 0.265133098E-01 0.250251476E-01 0.224376574E-01 0.189034333E-01
 0.151769177E-01 0.114170888E-01 0.762203516E-02 0.378843740E-02-0.870264440E-04
-0.400754596E-02-0.797612497E-02-0.119955749E-01-0.160685350E-01-0.201975057E-01
-0.243848879E-01-0.286330247E-01-0.329442464E-01-0.373209194E-01-0.417655004E-01
-0.462805845E-01-0.508689020E-01-0.554858158E-01-0.601330073E-01-0.648115327E-01
-0.695220256E-01-0.742647079E-01-0.790393548E-01-0.838452554E-01-0.886811795E-01
-0.935453506E-01-0.984354239E-01-0.103348468E+00-0.108280947E+00-0.113228712E+00
-0.118186988E+00-0.123150364E+00-0.128112795E+00-0.133067595E+00-0.138007447E+00
-0.142924401E+00-0.147809896E+00-0.152654770E+00-0.157449286E+00-0.162183158E+00
-0.166845588E+00-0.171425301E+00-0.175910595E+00-0.180289391E+00-0.184549291E+00
-0.188677643E+00-0.192661609E+00-0.196488241E+00-0.200144555E+00-0.203617622E+00
-0.206894645E+00-0.209963055E+00-0.212810595E+00-0.215425412E+00-0.217796148E+00
-0.219912026E+00-0.221762933E+00-0.223339505E+00-0.224633196E+00-0.225636352E+00
-0.226342270E+00-0.226745252E+00-0.226840645E+00-0.226624881E+00-0.226095493E+00
-0.225251132E+00-0.224091565E+00-0.222617667E+00-0.220831393E+00-0.218735752E+00
-0.216334757E+00-0.213633374E+00-0.210637458E+00-0.207353678E+00-0.203789442E+00
-0.199952805E+00-0.195852381E+00-0.191497243E+00-0.186896823E+00-0.182060811E+00
-0.176999051E+00-0.171721434E+00-0.166237797E+00-0.160557818E+00-0.154690919E+00
-0.148646163E+00-0.142432164E+00-0.136056991E+00-0.129528076E+00-0.122852130E+00
-0.116035051E+00-0.109081837E+00-0.101996490E+00-0.947819078E-01-0.874397504E-01
-0.799702218E-01-0.723716791E-01-0.646398045E-01-0.567657339E-01-0.487316476E-01
-0.407488142E-01-0.328292526E-01-0.249796136E-01-0.172036291E-01-0.950359861E-02
-0.188120040E-02 0.566207469E-02 0.131246822E-01 0.205048713E-01 0.278005690E-01
 0.350092725E-01 0.421279387E-01 0.491528611E-01 0.560795337E-01 0.629024994E-01
 0.696151873E-01 0.762097468E-01 0.826768927E-01 0.890057870E-01 0.951839913E-01
 0.101197534E+00 0.107031133E+00 0.112668614E+00 0.118093495E+00 0.269808477E-01
 0.265371898E-01 0.250292642E-01 0.224200548E-01 0.188889905E-01 0.151306942E-01
 0.113321305E-01 0.749507833E-02 0.361694824E-02-0.305050416E-03-0.427375571E-02
-0.829198132E-02-0.123624752E-01-0.164879018E-01-0.206708413E-01-0.249137999E-01
-0.292192273E-01-0.335895387E-01-0.380271391E-01-0.425344471E-01-0.471139094E-01
-0.517679922E-01-0.564522931E-01-0.611690277E-01-0.659198107E-01-0.707057058E-01
-0.755272443E-01-0.803844240E-01-0.852766977E-01-0.902029571E-01-0.951615164E-01
-0.100150095E+00-0.105165802E+00-0.110205121E+00-0.115263899E+00-0.120337334E+00
-0.125419966E+00-0.130505674E+00-0.135587675E+00-0.140658522E+00-0.145710112E+00
-0.150733700E+00-0.155719913E+00-0.160658771E+00-0.165539716E+00-0.170351646E+00
-0.175082953E+00-0.179721573E+00-0.184255036E+00-0.188670526E+00-0.192954948E+00
-0.197094997E+00-0.201077235E+00-0.204888175E+00-0.208514366E+00-0.211942481E+00
-0.215159412E+00-0.218152360E+00-0.220908936E+00-0.223417247E+00-0.225665996E+00
-0.227644566E+00-0.229343109E+00-0.230752625E+00-0.231865033E+00-0.232673241E+00
-0.233171200E+00-0.233353953E+00-0.233217670E+00-0.232759679E+00-0.231978473E+00
-0.230873717E+00-0.229446241E+00-0.227698011E+00-0.225632102E+00-0.223252651E+00
-0.220564803E+00-0.217574644E+00-0.214289128E+00-0.210715994E+00-0.206863675E+00
-0.202741206E+00-0.198358119E+00-0.193724343E+00-0.188850097E+00-0.183745777E+00
-0.178421856E+00-0.172888772E+00-0.167156820E+00-0.161236054E+00-0.155136181E+00
-0.148866465E+00-0.142435632E+00-0.135851780E+00-0.129122288E+00-0.122253733E+00
-0.115251802E+00-0.108121212E+00-0.100865624E+00-0.934875553E-01-0.859882964E-01
-0.783678442E-01-0.706249140E-01-0.627572323E-01-0.547626962E-01-0.466430831E-01
-0.385978802E-01-0.306361444E-01-0.227614825E-01-0.149757686E-01-0.728042202E-02
 0.323136426E-03 0.783329838E-02 0.152481683E-01 0.225654866E-01 0.297825556E-01
 0.368961606E-01 0.439024868E-01 0.507970316E-01 0.575745153E-01 0.642287973E-01
 0.707528040E-01 0.771384798E-01 0.833767782E-01 0.894577075E-01 0.953704500E-01
 0.101103568E+00 0.106645298E+00 0.111983932E+00 0.271426170E-01 0.266987767E-01
 0.251826781E-01 0.225383588E-01 0.188099699E-01 0.150157254E-01 0.111877704E-01
 0.731903755E-02 0.340702574E-02-0.550896067E-03-0.455745394E-02-0.861539895E-02
-0.127274587E-01-0.168963082E-01-0.211245560E-01-0.254147399E-01-0.297693297E-01
-0.341907332E-01-0.386813067E-01-0.432433739E-01-0.478792641E-01-0.525913792E-01
-0.573358499E-01-0.621151498E-01-0.669312092E-01-0.717853862E-01-0.766784582E-01
-0.816106185E-01-0.865814715E-01-0.915900254E-01-0.966346816E-01-0.101713222E+00
-0.106822797E+00-0.111959910E+00-0.117120406E+00-0.122299462E+00-0.127491576E+00
-0.132690560E+00-0.137889540E+00-0.143080957E+00-0.148256567E+00-0.153407460E+00
-0.158524066E+00-0.163596185E+00-0.168613008E+00-0.173563153E+00-0.178434706E+00
-0.183215265E+00-0.187891999E+00-0.192451702E+00-0.196880866E+00-0.201165749E+00
-0.205292457E+00-0.209247030E+00-0.213015526E+00-0.216584120E+00-0.219939195E+00
-0.223067443E+00-0.225955964E+00-0.228592361E+00-0.230964843E+00-0.233062312E+00
-0.234874461E+00-0.236391852E+00-0.237605997E+00-0.238509428E+00-0.239095760E+00
-0.239359738E+00-0.239297279E+00-0.238905504E+00-0.238182751E+00-0.237128579E+00
-0.235743763E+00-0.234030272E+00-0.231991233E+00-0.229630892E+00-0.226954551E+00
-0.223968506E+00-0.220679969E+00-0.217096984E+00-0.213228332E+00-0.209083437E+00
-0.204672257E+00-0.200005182E+00-0.195092919E+00-0.189946384E+00-0.184576590E+00
-0.178994534E+00-0.173211092E+00-0.167236907E+00-0.161082293E+00-0.154757127E+00
-0.148270761E+00-0.141631926E+00-0.134848649E+00-0.127928168E+00-0.120876857E+00
-0.113700157E+00-0.106402514E+00-0.989873285E-01-0.914569428E-01-0.838126728E-01
-0.760549590E-01-0.681837414E-01-0.601992625E-01-0.521036166E-01-0.439033660E-01
-0.358195432E-01-0.278423834E-01-0.199687866E-01-0.121982897E-01-0.453158937E-02
 0.302999046E-02 0.104846744E-01 0.178302723E-01 0.250641603E-01 0.321832404E-01
 0.391838923E-01 0.460619242E-01 0.528125292E-01 0.594302516E-01 0.659089684E-01
 0.722418951E-01 0.784216204E-01 0.844401809E-01 0.902891797E-01 0.959599530E-01
 0.101443784E+00 0.106732154E+00 0.269268437E-01 0.264604695E-01 0.249186511E-01
 0.222671061E-01 0.186478257E-01 0.148395017E-01 0.109909221E-01 0.710000157E-02
 0.316409249E-02-0.819609415E-03-0.485396504E-02-0.894182374E-02-0.130859815E-01
-0.172891593E-01-0.215539941E-01-0.258830353E-01-0.302787405E-01-0.347434648E-01
-0.392794419E-01-0.438887632E-01-0.485733986E-01-0.533354040E-01-0.581317124E-01
-0.629652410E-01-0.678382664E-01-0.727523978E-01-0.777085953E-01-0.827071882E-01
-0.877478851E-01-0.928297748E-01-0.979513208E-01-0.103110351E+00-0.108304044E+00
-0.113528918E+00-0.118780815E+00-0.124054893E+00-0.129345610E+00-0.134646720E+00
-0.139951272E+00-0.145251602E+00-0.150539344E+00-0.155805438E+00-0.161040141E+00
-0.166233053E+00-0.171373139E+00-0.176448765E+00-0.181447737E+00-0.186357350E+00
-0.191164441E+00-0.195855451E+00-0.200416491E+00-0.204833423E+00-0.209091932E+00
-0.213177623E+00-0.217076103E+00-0.220773086E+00-0.224254487E+00-0.227506524E+00
-0.230515823E+00-0.233269520E+00-0.235755361E+00-0.237961801E+00-0.239878101E+00
-0.241494415E+00-0.242801869E+00-0.243792644E+00-0.244460031E+00-0.244798492E+00
-0.244803703E+00-0.244472584E+00-0.243803317E+00-0.242795356E+00-0.241449415E+00
-0.239767454E+00-0.237752640E+00-0.235409307E+00-0.232742895E+00-0.229759884E+00
-0.226467716E+00-0.222874706E+00-0.218989951E+00-0.214823224E+00-0.210384871E+00
-0.205685699E+00-0.200736861E+00-0.195549745E+00-0.190135859E+00-0.184506711E+00
-0.178673709E+00-0.172648038E+00-0.166440569E+00-0.160061746E+00-0.153521498E+00
-0.146829145E+00-0.139993311E+00-0.133021849E+00-0.125921764E+00-0.118699147E+00
-0.111359113E+00-0.103905748E+00-0.963420523E-01-0.886698745E-01-0.808898022E-01
-0.730009016E-01-0.650000526E-01-0.568802204E-01-0.486260439E-01-0.404580840E-01
-0.323925929E-01-0.244358676E-01-0.165908362E-01-0.885937834E-02-0.124316623E-02
 0.625600679E-02 0.136360785E-01 0.208946365E-01 0.280288640E-01 0.350355019E-01
 0.419108197E-01 0.486505997E-01 0.552501321E-01 0.617042266E-01 0.680072423E-01
 0.741531403E-01 0.801355617E-01 0.859479322E-01 0.915835952E-01 0.970359691E-01
 0.102298724E+00 0.267131783E-01 0.262202848E-01 0.246622190E-01 0.220014990E-01
 0.184209408E-01 0.146056885E-01 0.107458484E-01 0.684292099E-02 0.289364663E-02
-0.110529998E-02-0.515714517E-02-0.926496738E-02-0.134316896E-01-0.176600937E-01
-0.219528428E-01-0.263125009E-01-0.307415400E-01-0.352423208E-01-0.398170167E-01
-0.444674073E-01-0.491943614E-01-0.539965522E-01-0.588346089E-01-0.637125858E-01
-0.686331217E-01-0.735979323E-01-0.786080107E-01-0.836637046E-01-0.887647426E-01
-0.939102361E-01-0.990986709E-01-0.104327894E+00-0.109595098E+00-0.114896805E+00
-0.120228850E+00-0.125586371E+00-0.130963791E+00-0.136354814E+00-0.141752419E+00
-0.147148856E+00-0.152535650E+00-0.157903611E+00-0.163242846E+00-0.168542777E+00
-0.173792172E+00-0.178979174E+00-0.184091344E+00-0.189115707E+00-0.194038805E+00
-0.198846764E+00-0.203525359E+00-0.208060092E+00-0.212436275E+00-0.216639120E+00
-0.220653832E+00-0.224465706E+00-0.228060233E+00-0.231423206E+00-0.234540819E+00
-0.237399782E+00-0.239987421E+00-0.242291784E+00-0.244301735E+00-0.246007051E+00
-0.247398507E+00-0.248467953E+00-0.249208384E+00-0.249613998E+00-0.249680240E+00
-0.249403840E+00-0.248782830E+00-0.247816556E+00-0.246505669E+00-0.244852108E+00
-0.242859067E+00-0.240530948E+00-0.237873305E+00-0.234892774E+00-0.231596995E+00
-0.227994519E+00-0.224094717E+00-0.219907669E+00-0.215444063E+00-0.210715072E+00
-0.205732248E+00-0.200507396E+00-0.195052462E+00-0.189379414E+00-0.183500128E+00
-0.177426280E+00-0.171169234E+00-0.164739944E+00-0.158148854E+00-0.151405811E+00
-0.144519976E+00-0.137499749E+00-0.130352693E+00-0.123085473E+00-0.115703793E+00
-0.108212346E+00-0.100614761E+00-0.929135651E-01-0.851101534E-01-0.772048075E-01
-0.691968709E-01-0.610854294E-01-0.528715259E-01-0.445648401E-01-0.363919018E-01
-0.283449303E-01-0.204219757E-01-0.126231063E-01-0.494917843E-02 0.259851785E-02
 0.100183321E-01 0.173082479E-01 0.244658624E-01 0.314883709E-01 0.383725597E-01
 0.451148108E-01 0.517111171E-01 0.581571114E-01 0.644481082E-01 0.705791619E-01
 0.765451417E-01 0.823408217E-01 0.879609888E-01 0.934005621E-01 0.986547239E-01
 0.266163366E-01 0.261235557E-01 0.245565877E-01 0.218771578E-01 0.181386650E-01
 0.143136557E-01 0.104545708E-01 0.655220430E-02 0.260187622E-02-0.140061404E-02
-0.545898531E-02-0.957653187E-02-0.137562218E-01-0.180007977E-01-0.223128652E-01
-0.266949664E-01-0.311496477E-01-0.356795365E-01-0.402874613E-01-0.449766918E-01
-0.497514830E-01-0.545720838E-01-0.594376024E-01-0.643487904E-01-0.693067967E-01
-0.743126423E-01-0.793669878E-01-0.844700213E-01-0.896213970E-01-0.948201948E-01
-0.100064890E+00-0.105353329E+00-0.110682704E+00-0.116049534E+00-0.121449647E+00
-0.126878160E+00-0.132329467E+00-0.137797231E+00-0.143274372E+00-0.148753066E+00
-0.154224750E+00-0.159680123E+00-0.165109164E+00-0.170501148E+00-0.175844675E+00
-0.181127697E+00-0.186337565E+00-0.191461071E+00-0.196484506E+00-0.201393723E+00
-0.206174205E+00-0.210811145E+00-0.215289529E+00-0.219594227E+00-0.223710090E+00
-0.227622051E+00-0.231315229E+00-0.234775038E+00-0.237987296E+00-0.240938335E+00
-0.243615109E+00-0.246005302E+00-0.248097426E+00-0.249880922E+00-0.251346247E+00
-0.252484955E+00-0.253289771E+00-0.253754651E+00-0.253874828E+00-0.253646854E+00
-0.253068619E+00-0.252139362E+00-0.250859668E+00-0.249231446E+00-0.247257900E+00
-0.244943481E+00-0.242293830E+00-0.239315710E+00-0.236016921E+00-0.232406211E+00
-0.228493179E+00-0.224288167E+00-0.219802148E+00-0.215046612E+00-0.210033447E+00
-0.204774815E+00-0.199283041E+00-0.193570484E+00-0.187649427E+00-0.181531963E+00
-0.175229886E+00-0.168754587E+00-0.162116955E+00-0.155327291E+00-0.148395215E+00
-0.141329596E+00-0.134138474E+00-0.126829002E+00-0.119407382E+00-0.111878818E+00
-0.104247464E+00-0.965163753E-01-0.886874500E-01-0.807613256E-01-0.727371670E-01
-0.646121249E-01-0.563798633E-01-0.480264199E-01-0.397773106E-01-0.316505659E-01
-0.236529506E-01-0.157871094E-01-0.805434930E-02-0.455724916E-03 0.700753907E-02
 0.143338883E-01 0.215213843E-01 0.285676945E-01 0.354701022E-01 0.422255293E-01
 0.488305668E-01 0.552815164E-01 0.615744393E-01 0.677052169E-01 0.736696203E-01
 0.794633911E-01 0.850823301E-01 0.905223938E-01 0.957797951E-01 0.261839959E-01
 0.256584449E-01 0.240750345E-01 0.214009808E-01 0.177622570E-01 0.139585193E-01
 0.101188302E-01 0.623423723E-02 0.229804475E-02-0.169484359E-02-0.574831113E-02
-0.986544497E-02-0.140488641E-01-0.183009449E-01-0.226239686E-01-0.270202179E-01
-0.314920439E-01-0.360419213E-01-0.406724974E-01-0.453866334E-01-0.501873973E-01
-0.550318023E-01-0.599222747E-01-0.648606642E-01-0.698484327E-01-0.748866558E-01
-0.799759762E-01-0.851165539E-01-0.903080222E-01-0.955494498E-01-0.100839308E+00
-0.106175443E+00-0.111555047E+00-0.116974637E+00-0.122430033E+00-0.127916338E+00
-0.133427926E+00-0.138958425E+00-0.144500711E+00-0.150046904E+00-0.155588366E+00
-0.161115713E+00-0.166618819E+00-0.172086842E+00-0.177508243E+00-0.182870821E+00
-0.188161755E+00-0.193367646E+00-0.198474579E+00-0.203468180E+00-0.208333690E+00
-0.213056046E+00-0.217619961E+00-0.222010020E+00-0.226210777E+00-0.230206858E+00
-0.233983068E+00-0.237524504E+00-0.240816660E+00-0.243845549E+00-0.246597807E+00
-0.249060803E+00-0.251222749E+00-0.253072792E+00-0.254601115E+00-0.255799011E+00
-0.256658969E+00-0.257174728E+00-0.257341333E+00-0.257155173E+00-0.256614005E+00
-0.255716965E+00-0.254464568E+00-0.252858684E+00-0.250902512E+00-0.248600530E+00
-0.245958441E+00-0.242983097E+00-0.239682422E+00-0.236065317E+00-0.232141560E+00
-0.227921700E+00-0.223416940E+00-0.218639025E+00-0.213600112E+00-0.208312659E+00
-0.202789293E+00-0.197042697E+00-0.191085485E+00-0.184930093E+00-0.178588665E+00
-0.172072951E+00-0.165394205E+00-0.158563097E+00-0.151589624E+00-0.144483032E+00
-0.137251750E+00-0.129903319E+00-0.122444347E+00-0.114880453E+00-0.107216238E+00
-0.994552586E-01-0.916000310E-01-0.836520712E-01-0.756120353E-01-0.674800838E-01
-0.592568207E-01-0.509457589E-01-0.425599598E-01-0.343330557E-01-0.262550446E-01
-0.183212349E-01-0.105295191E-01-0.287921952E-02 0.462942681E-02 0.119955139E-01
 0.192175975E-01 0.262937746E-01 0.332217415E-01 0.399988432E-01 0.466221218E-01
 0.530883669E-01 0.593941712E-01 0.655359913E-01 0.715102145E-01 0.773132321E-01
 0.829415169E-01 0.883917047E-01 0.936606776E-01 0.256354511E-01 0.250526855E-01
 0.234549007E-01 0.208067393E-01 0.172811390E-01 0.135365920E-01 0.974738715E-02
 0.590436371E-02 0.199976480E-02-0.197053804E-02-0.600893338E-02-0.101171138E-01
-0.142965721E-01-0.185488249E-01-0.228755100E-01-0.272784268E-01-0.317595515E-01
-0.363210402E-01-0.409652230E-01-0.456945849E-01-0.505117220E-01-0.553733755E-01
-0.602822860E-01-0.652406443E-01-0.702501422E-01-0.753119866E-01-0.804268908E-01
-0.855950524E-01-0.908161259E-01-0.960891939E-01-0.101412739E+00-0.106784613E+00
-0.112202018E+00-0.117661471E+00-0.123158791E+00-0.128689076E+00-0.134246685E+00
-0.139825224E+00-0.145417540E+00-0.151015712E+00-0.156611052E+00-0.162194111E+00
-0.167754690E+00-0.173281856E+00-0.178763967E+00-0.184188709E+00-0.189543125E+00
-0.194813674E+00-0.199986279E+00-0.205046391E+00-0.209979064E+00-0.214769032E+00
-0.219400796E+00-0.223858714E+00-0.228127105E+00-0.232190353E+00-0.236033010E+00
-0.239639918E+00-0.242996313E+00-0.246087945E+00-0.248901193E+00-0.251423172E+00
-0.253641842E+00-0.255546111E+00-0.257125930E+00-0.258372377E+00-0.259277738E+00
-0.259835567E+00-0.260040745E+00-0.259889516E+00-0.259379516E+00-0.258509785E+00
-0.257280763E+00-0.255694275E+00-0.253753497E+00-0.251462914E+00-0.248828258E+00
-0.245856439E+00-0.242555462E+00-0.238934331E+00-0.235002954E+00-0.230772027E+00
-0.226252923E+00-0.221457572E+00-0.216398336E+00-0.211087889E+00-0.205539090E+00
-0.199764863E+00-0.193778075E+00-0.187591421E+00-0.181217313E+00-0.174667771E+00
-0.167954328E+00-0.161087931E+00-0.154078860E+00-0.146936645E+00-0.139669997E+00
-0.132286744E+00-0.124793773E+00-0.117196983E+00-0.109501247E+00-0.101710384E+00
-0.938271409E-01-0.858532008E-01-0.777892046E-01-0.696347917E-01-0.613886028E-01
-0.530480293E-01-0.446079560E-01-0.363205024E-01-0.281826905E-01-0.201922325E-01
-0.123477412E-01-0.464865327E-02 0.290489404E-02 0.103121692E-01 0.175719303E-01
 0.246824916E-01 0.316417801E-01 0.384473879E-01 0.450966233E-01 0.515865647E-01
 0.579141169E-01 0.640760717E-01 0.700691730E-01 0.758901849E-01 0.815359637E-01
 0.870035308E-01 0.922901463E-01 0.250672851E-01 0.243908340E-01 0.227779154E-01
 0.202030733E-01 0.166889844E-01 0.130723412E-01 0.938033143E-02 0.560204802E-02
 0.174062926E-02-0.220048029E-02-0.621904324E-02-0.103139450E-01-0.144849336E-01
-0.187324056E-01-0.230572547E-01-0.274607665E-01-0.319445447E-01-0.365104564E-01
-0.411605881E-01-0.458972065E-01-0.507227199E-01-0.555938677E-01-0.605134022E-01
-0.654835921E-01-0.705062156E-01-0.755825523E-01-0.807133699E-01-0.858989050E-01
-0.911388409E-01-0.964322818E-01-0.101777727E+00-0.107173044E+00-0.112615443E+00
-0.118101453E+00-0.123626898E+00-0.129186875E+00-0.134775740E+00-0.140387092E+00
-0.146013761E+00-0.151647805E+00-0.157280506E+00-0.162902377E+00-0.168503170E+00
-0.174071896E+00-0.179596847E+00-0.185065629E+00-0.190465200E+00-0.195781916E+00
-0.201001592E+00-0.206109557E+00-0.211090734E+00-0.215929714E+00-0.220610844E+00
-0.225118324E+00-0.229436301E+00-0.233548980E+00-0.237440734E+00-0.241096212E+00
-0.244500459E+00-0.247639031E+00-0.250498112E+00-0.253064621E+00-0.255326329E+00
-0.257271957E+00-0.258891274E+00-0.260175189E+00-0.261115823E+00-0.261706582E+00
-0.261942206E+00-0.261818819E+00-0.261333947E+00-0.260486540E+00-0.259276965E+00
-0.257706989E+00-0.255779754E+00-0.253499725E+00-0.250872636E+00-0.247905416E+00
-0.244606106E+00-0.240983768E+00-0.237048378E+00-0.232810724E+00-0.228282278E+00
-0.223475088E+00-0.218401644E+00-0.213074760E+00-0.207507446E+00-0.201712784E+00
-0.195703806E+00-0.189493379E+00-0.183094093E+00-0.176518148E+00-0.169777260E+00
-0.162882562E+00-0.155844518E+00-0.148672843E+00-0.141376429E+00-0.133963279E+00
-0.126440444E+00-0.118813972E+00-0.111088857E+00-0.103268989E+00-0.953571082E-01
-0.873547536E-01-0.792621911E-01-0.710783109E-01-0.628004494E-01-0.544240835E-01
-0.459423438E-01-0.376090105E-01-0.294235183E-01-0.213852543E-01-0.134938438E-01
-0.574928775E-02 0.184798487E-02 0.929710955E-02 0.165968017E-01 0.237453844E-01
 0.307408242E-01 0.375807716E-01 0.442626076E-01 0.507834946E-01 0.571404314E-01
 0.633303136E-01 0.693499971E-01 0.751963654E-01 0.808663987E-01 0.863572449E-01
 0.916662896E-01 0.241804362E-01 0.232981905E-01 0.216610288E-01 0.192372160E-01
 0.161700632E-01 0.127434402E-01 0.913318312E-02 0.540017651E-02 0.156788858E-02
-0.235270802E-02-0.635601721E-02-0.104392114E-01-0.146010753E-01-0.188414223E-01
-0.231607725E-01-0.275601601E-01-0.320410115E-01-0.366050627E-01-0.412542987E-01
-0.459909058E-01-0.508172332E-01-0.556900371E-01-0.606120606E-01-0.655855851E-01
-0.706124122E-01-0.756938473E-01-0.808306823E-01-0.860231759E-01-0.912710310E-01
-0.965733698E-01-0.101928708E+00-0.107334930E+00-0.112789260E+00-0.118288239E+00
-0.123827704E+00-0.129402761E+00-0.135007774E+00-0.140636345E+00-0.146281306E+00
-0.151934709E+00-0.157587830E+00-0.163231168E+00-0.168854458E+00-0.174446685E+00
-0.179996112E+00-0.185490306E+00-0.190916182E+00-0.196260045E+00-0.201507650E+00
-0.206644261E+00-0.211654727E+00-0.216523558E+00-0.221235013E+00-0.225773196E+00
-0.230122154E+00-0.234265984E+00-0.238188942E+00-0.241875562E+00-0.245310766E+00
-0.248479985E+00-0.251369271E+00-0.253965417E+00-0.256256062E+00-0.258229800E+00
-0.259876272E+00-0.261186262E+00-0.262151771E+00-0.262766092E+00-0.263023857E+00
-0.262921087E+00-0.262455217E+00-0.261625113E+00-0.260431068E+00-0.258874787E+00
-0.256959357E+00-0.254689204E+00-0.252070030E+00-0.249108746E+00-0.245813385E+00
-0.242193011E+00-0.238257618E+00-0.234018014E+00-0.229485708E+00-0.224672789E+00
-0.219591799E+00-0.214255610E+00-0.208677298E+00-0.202870014E+00-0.196846869E+00
-0.190620810E+00-0.184204509E+00-0.177610253E+00-0.170849845E+00-0.163934506E+00
-0.156874789E+00-0.149680495E+00-0.142360598E+00-0.134923179E+00-0.127375359E+00
-0.119723241E+00-0.111971851E+00-0.104125078E+00-0.961856132E-01-0.881548669E-01
-0.800328770E-01-0.718181819E-01-0.635076586E-01-0.550963275E-01-0.465771511E-01
-0.382040010E-01-0.299769981E-01-0.218961953E-01-0.139617486E-01-0.617404643E-02
 0.146620860E-02 0.895795571E-02 0.162997612E-01 0.234898244E-01 0.305259992E-01
 0.374058259E-01 0.441265733E-01 0.506852870E-01 0.570788450E-01 0.633040180E-01
 0.693575352E-01 0.752361528E-01 0.809367261E-01 0.864562824E-01 0.917920933E-01
 0.245961374E-01 0.238859142E-01 0.222669243E-01 0.197094242E-01 0.163487989E-01
 0.127645123E-01 0.909815839E-02 0.534575905E-02 0.150888713E-02-0.240960170E-02
-0.640754960E-02-0.104837467E-01-0.146378041E-01-0.188699872E-01-0.231810786E-01
-0.275722758E-01-0.320451152E-01-0.366014145E-01-0.412432260E-01-0.459727947E-01
-0.507925176E-01-0.556591667E-01-0.605754902E-01-0.655437606E-01-0.705657667E-01
-0.756428044E-01-0.807756620E-01-0.859646008E-01-0.912093312E-01-0.965089869E-01
-0.101862098E+00-0.107266563E+00-0.112719624E+00-0.118217841E+00-0.123757065E+00
-0.129332424E+00-0.134938297E+00-0.140568304E+00-0.146215292E+00-0.151871331E+00
-0.157527708E+00-0.163174937E+00-0.168802763E+00-0.174400180E+00-0.179955456E+00
-0.185456164E+00-0.190889217E+00-0.196240921E+00-0.201497021E+00-0.206642775E+00
-0.211663014E+00-0.216542233E+00-0.221264667E+00-0.225814392E+00-0.230175423E+00
-0.234331820E+00-0.238267799E+00-0.241967846E+00-0.245416833E+00-0.248600135E+00
-0.251503746E+00-0.254114396E+00-0.256419656E+00-0.258408050E+00-0.260069149E+00
-0.261393661E+00-0.262373514E+00-0.263001919E+00-0.263273435E+00-0.263184004E+00
-0.262730987E+00-0.261913172E+00-0.260730780E+00-0.259185445E+00-0.257280187E+00
-0.255019365E+00-0.252408621E+00-0.249454809E+00-0.246165908E+00-0.242550933E+00
-0.238619833E+00-0.234383375E+00-0.229853032E+00-0.225040861E+00-0.219959375E+00
-0.214621423E+00-0.209040056E+00-0.203228411E+00-0.197199580E+00-0.190966496E+00
-0.184541821E+00-0.177937829E+00-0.171166315E+00-0.164238489E+00-0.157164895E+00
-0.149955322E+00-0.142618736E+00-0.135163205E+00-0.127595836E+00-0.119922720E+00
-0.112148867E+00-0.104278154E+00-0.963132537E-01-0.882555631E-01-0.801051054E-01
-0.718604055E-01-0.635183285E-01-0.550738836E-01-0.465200238E-01-0.381106521E-01
-0.298459276E-01-0.217259611E-01-0.137509877E-01-0.592149690E-02 0.176168332E-02
 0.929734147E-02 0.166838662E-01 0.239192515E-01 0.310011170E-01 0.379267408E-01
 0.446931014E-01 0.512969285E-01 0.577347608E-01 0.640030105E-01 0.700980337E-01
 0.760162055E-01 0.817539985E-01 0.873080641E-01 0.926753126E-01 0.249192872E-01
 0.242874885E-01 0.226815937E-01 0.200708071E-01 0.165811222E-01 0.129100360E-01
 0.918583610E-02 0.539928941E-02 0.154483676E-02-0.238044429E-02-0.637819959E-02
-0.104496052E-01-0.145957708E-01-0.188179225E-01-0.231174777E-01-0.274960702E-01
-0.319555541E-01-0.364979987E-01-0.411256755E-01-0.458410340E-01-0.506466539E-01
-0.554993448E-01-0.604018431E-01-0.653563510E-01-0.703645843E-01-0.754277844E-01
-0.805467076E-01-0.857216015E-01-0.909521760E-01-0.962375728E-01-0.101576336E+00
-0.106966382E+00-0.112404972E+00-0.117888689E+00-0.123413409E+00-0.128974283E+00
-0.134565721E+00-0.140181371E+00-0.145814113E+00-0.151456050E+00-0.157098506E+00
-0.162732032E+00-0.168346414E+00-0.173930688E+00-0.179473165E+00-0.184961462E+00
-0.190382538E+00-0.195722745E+00-0.200967876E+00-0.206103234E+00-0.211113696E+00
-0.215983801E+00-0.220697828E+00-0.225239894E+00-0.229594050E+00-0.233744393E+00
-0.237675168E+00-0.241370889E+00-0.244816448E+00-0.247997238E+00-0.250899262E+00
-0.253509253E+00-0.255814782E+00-0.257804363E+00-0.259467550E+00-0.260795028E+00
-0.261778692E+00-0.262411717E+00-0.262688615E+00-0.262605278E+00-0.262159003E+00
-0.261348517E+00-0.260173966E+00-0.258636907E+00-0.256740276E+00-0.254488347E+00
-0.251886667E+00-0.248941994E+00-0.245662210E+00-0.242056229E+00-0.238133893E+00
-0.233905864E+00-0.229383511E+00-0.224578779E+00-0.219504077E+00-0.214172141E+00
-0.208595917E+00-0.202788430E+00-0.196762664E+00-0.190531444E+00-0.184107321E+00
-0.177502463E+00-0.170728553E+00-0.163796693E+00-0.156717317E+00-0.149500106E+00
-0.142153917E+00-0.134686715E+00-0.127105509E+00-0.119416303E+00-0.111624042E+00
-0.103732566E+00-0.957445649E-01-0.876615273E-01-0.794836710E-01-0.712098412E-01
-0.628373333E-01-0.543615871E-01-0.457757002E-01-0.373335411E-01-0.290346555E-01
-0.208785998E-01-0.128652307E-01-0.499484775E-02 0.273174929E-02 0.103132481E-01
 0.177478348E-01 0.250332177E-01 0.321666609E-01 0.391450244E-01 0.459648127E-01
 0.526222298E-01 0.591132429E-01 0.654336541E-01 0.715791787E-01 0.775455311E-01
 0.833285160E-01 0.889241236E-01 0.943286253E-01 0.252184792E-01 0.246199459E-01
 0.230355552E-01 0.204032779E-01 0.167620318E-01 0.130576731E-01 0.930856728E-02
 0.550425486E-02 0.163990610E-02-0.228819521E-02-0.628295166E-02-0.103467475E-01
-0.144816901E-01-0.186897802E-01-0.229730219E-01-0.273334954E-01-0.317734073E-01
-0.362951329E-01-0.409012562E-01-0.455946040E-01-0.503782338E-01-0.552092668E-01
-0.600901344E-01-0.650227116E-01-0.700085030E-01-0.750486405E-01-0.801438349E-01
-0.852943233E-01-0.904998236E-01-0.957594945E-01-0.101071901E+00-0.106434982E+00
-0.111846026E+00-0.117301642E+00-0.122797738E+00-0.128329498E+00-0.133891370E+00
-0.139477043E+00-0.145079445E+00-0.150690731E+00-0.156302283E+00-0.161904715E+00
-0.167487880E+00-0.173040889E+00-0.178552134E+00-0.184009316E+00-0.189399485E+00
-0.194709085E+00-0.199924010E+00-0.205029662E+00-0.210011027E+00-0.214852748E+00
-0.219539211E+00-0.224054643E+00-0.228383202E+00-0.232509089E+00-0.236416654E+00
-0.240090507E+00-0.243515635E+00-0.246677516E+00-0.249562234E+00-0.252156593E+00
-0.254448224E+00-0.256425691E+00-0.258078588E+00-0.259397626E+00-0.260374714E+00
-0.261003029E+00-0.261277067E+00-0.261192691E+00-0.260747160E+00-0.259939140E+00
-0.258768710E+00-0.257237342E+00-0.255347874E+00-0.253104470E+00-0.250512556E+00
-0.247578756E+00-0.244310808E+00-0.240717472E+00-0.236808430E+00-0.232594174E+00
-0.228085894E+00-0.223295357E+00-0.218234780E+00-0.212916710E+00-0.207353897E+00
-0.201559167E+00-0.195545303E+00-0.189324926E+00-0.182910380E+00-0.176313626E+00
-0.169546137E+00-0.162618805E+00-0.155541851E+00-0.148324741E+00-0.140976122E+00
-0.133503744E+00-0.125914416E+00-0.118213947E+00-0.110407115E+00-0.102497638E+00
-0.944881611E-01-0.863802646E-01-0.781744918E-01-0.698703910E-01-0.614665198E-01
-0.529601948E-01-0.443462319E-01-0.358768806E-01-0.275493338E-01-0.193615699E-01
-0.113125703E-01-0.340225064E-02 0.436865207E-02 0.119986768E-01 0.194857126E-01
 0.268270571E-01 0.340194674E-01 0.410592093E-01 0.479421100E-01 0.546636185E-01
 0.612188739E-01 0.676027852E-01 0.738101214E-01 0.798356122E-01 0.856740582E-01
 0.913204478E-01 0.967700783E-01 0.251538783E-01 0.245621999E-01 0.229772890E-01
 0.203647446E-01 0.168876566E-01 0.131881679E-01 0.943568930E-02 0.563024581E-02
 0.176835598E-02-0.215324428E-02-0.613752089E-02-0.101871812E-01-0.143047448E-01
-0.184926177E-01-0.227531566E-01-0.270887255E-01-0.315017478E-01-0.359947726E-01
-0.405705861E-01-0.452324441E-01-0.499846095E-01-0.547874752E-01-0.596401818E-01
-0.645435305E-01-0.694987370E-01-0.745069045E-01-0.795687893E-01-0.846846862E-01
-0.898543643E-01-0.950770248E-01-0.100351268E+00-0.105675067E+00-0.111045740E+00
-0.116459928E+00-0.121913574E+00-0.127401906E+00-0.132919414E+00-0.138459844E+00
-0.144016183E+00-0.149580655E+00-0.155144720E+00-0.160699079E+00-0.166233683E+00
-0.171737747E+00-0.177199778E+00-0.182607601E+00-0.187948401E+00-0.193208761E+00
-0.198374725E+00-0.203431852E+00-0.208365288E+00-0.213159844E+00-0.217800078E+00
-0.222270389E+00-0.226555111E+00-0.230638618E+00-0.234505433E+00-0.238140335E+00
-0.241528472E+00-0.244655478E+00-0.247507585E+00-0.250071731E+00-0.252335670E+00
-0.254288076E+00-0.255918634E+00-0.257218133E+00-0.258178538E+00-0.258793063E+00
-0.259056223E+00-0.258963878E+00-0.258513261E+00-0.257702991E+00-0.256533079E+00
-0.255004907E+00-0.253121204E+00-0.250886000E+00-0.248304571E+00-0.245383373E+00
-0.242129957E+00-0.238552879E+00-0.234661604E+00-0.230466392E+00-0.225978191E+00
-0.221208511E+00-0.216169307E+00-0.210872853E+00-0.205331619E+00-0.199558144E+00
-0.193564919E+00-0.187364270E+00-0.180968239E+00-0.174388482E+00-0.167636161E+00
-0.160721856E+00-0.153655467E+00-0.146446141E+00-0.139102193E+00-0.131631041E+00
-0.124039155E+00-0.116332002E+00-0.108514015E+00-0.100588572E+00-0.925580049E-01
-0.844236441E-01-0.761859689E-01-0.678449772E-01-0.594011281E-01-0.508578050E-01
-0.422279512E-01-0.337453434E-01-0.254001915E-01-0.171881430E-01-0.910756752E-02
-0.115841511E-02 0.665828192E-02 0.143406379E-01 0.218860270E-01 0.292911473E-01
 0.365520656E-01 0.436642585E-01 0.506226583E-01 0.574217090E-01 0.640554356E-01
 0.705175306E-01 0.768014563E-01 0.829005663E-01 0.888082413E-01 0.945180393E-01
 0.100023854E+00 0.252313872E-01 0.246596866E-01 0.230884872E-01 0.204849555E-01
 0.169922656E-01 0.132998534E-01 0.955732026E-02 0.576343355E-02 0.191541199E-02
-0.198958192E-02-0.595434844E-02-0.998161395E-02-0.140740233E-01-0.182341477E-01
-0.224644988E-01-0.267675386E-01-0.311456794E-01-0.356012572E-01-0.401364505E-01
-0.447530694E-01-0.494520371E-01-0.542321054E-01-0.590540756E-01-0.639220702E-01
-0.688388190E-01-0.738061479E-01-0.788251751E-01-0.838963857E-01-0.890196547E-01
-0.941942466E-01-0.994188041E-01-0.104691332E+00-0.110009180E+00-0.115369022E+00
-0.120766838E+00-0.126197898E+00-0.131656747E+00-0.137137193E+00-0.142632296E+00
-0.148134366E+00-0.153634960E+00-0.159124888E+00-0.164594223E+00-0.170032318E+00
-0.175427828E+00-0.180768740E+00-0.186042411E+00-0.191235613E+00-0.196334586E+00
-0.201325097E+00-0.206192509E+00-0.210921858E+00-0.215497934E+00-0.219905371E+00
-0.224128742E+00-0.228152662E+00-0.231961891E+00-0.235541444E+00-0.238876698E+00
-0.241953509E+00-0.244758318E+00-0.247278260E+00-0.249501273E+00-0.251416194E+00
-0.253012852E+00-0.254282159E+00-0.255216180E+00-0.255808202E+00-0.256052787E+00
-0.255945816E+00-0.255484512E+00-0.254667460E+00-0.253494602E+00-0.251967226E+00
-0.250087938E+00-0.247860617E+00-0.245290363E+00-0.242383426E+00-0.239147132E+00
-0.235589787E+00-0.231720584E+00-0.227549496E+00-0.223087161E+00-0.218344767E+00
-0.213333933E+00-0.208066583E+00-0.202554826E+00-0.196810832E+00-0.190846715E+00
-0.184674414E+00-0.178305579E+00-0.171751465E+00-0.165022830E+00-0.158129837E+00
-0.151081966E+00-0.143887931E+00-0.136555603E+00-0.129091941E+00-0.121502932E+00
-0.113793535E+00-0.105967630E+00-0.980279744E-01-0.899761458E-01-0.818124596E-01
-0.735357725E-01-0.651429613E-01-0.566274587E-01-0.479751023E-01-0.394112619E-01
-0.309540699E-01-0.226105274E-01-0.143836587E-01-0.627530945E-02 0.171274368E-02
 0.957834433E-02 0.173187671E-01 0.249306332E-01 0.324098721E-01 0.397517061E-01
 0.469506530E-01 0.540005451E-01 0.608945685E-01 0.676253249E-01 0.741849194E-01
 0.805650766E-01 0.867572863E-01 0.927529760E-01 0.985437090E-01 0.104121400E+00
 0.254196254E-01 0.248496455E-01 0.233245212E-01 0.207064555E-01 0.170715567E-01
 0.133908204E-01 0.966797456E-02 0.589581236E-02 0.207175489E-02-0.180686588E-02
-0.574278505E-02-0.973874833E-02-0.137974758E-01-0.179216413E-01-0.221138627E-01
-0.263766959E-01-0.307126279E-01-0.351240635E-01-0.396133042E-01-0.441825255E-01
-0.488337955E-01-0.535692814E-01-0.583461347E-01-0.631673769E-01-0.680354098E-01
-0.729519854E-01-0.779182214E-01-0.829346163E-01-0.880010576E-01-0.931168187E-01
-0.982805513E-01-0.103490272E+00-0.108743346E+00-0.114036471E+00-0.119365662E+00
-0.124726235E+00-0.130112789E+00-0.135519203E+00-0.140938623E+00-0.146363456E+00
-0.151785376E+00-0.157195323E+00-0.162583518E+00-0.167939478E+00-0.173252039E+00
-0.178509385E+00-0.183699086E+00-0.188808144E+00-0.193823041E+00-0.198729800E+00
-0.203514054E+00-0.208161117E+00-0.212656068E+00-0.216983834E+00-0.221129289E+00
-0.225077349E+00-0.228813075E+00-0.232321778E+00-0.235589128E+00-0.238601262E+00
-0.241344891E+00-0.243807407E+00-0.245976983E+00-0.247842672E+00-0.249394498E+00
-0.250623536E+00-0.251521992E+00-0.252083259E+00-0.252301976E+00-0.252174064E+00
-0.251696754E+00-0.250868604E+00-0.249689491E+00-0.248160606E+00-0.246284418E+00
-0.244064640E+00-0.241506167E+00-0.238615018E+00-0.235398252E+00-0.231863884E+00
-0.228020788E+00-0.223878590E+00-0.219447565E+00-0.214738514E+00-0.209762650E+00
-0.204531478E+00-0.199056671E+00-0.193349954E+00-0.187422981E+00-0.181287221E+00
-0.174953847E+00-0.168433626E+00-0.161736818E+00-0.154873081E+00-0.147851374E+00
-0.140679878E+00-0.133365914E+00-0.125915871E+00-0.118335138E+00-0.110628040E+00
-0.102797784E+00-0.948464153E-01-0.867747919E-01-0.785826299E-01-0.702687274E-01
-0.618317155E-01-0.532723191E-01-0.445999684E-01-0.360409969E-01-0.275877424E-01
-0.192384880E-01-0.109936641E-01-0.285464944E-02 0.517654363E-02 0.130972976E-01
 0.209043364E-01 0.285936565E-01 0.361604630E-01 0.435991175E-01 0.509031024E-01
 0.580650051E-01 0.650765286E-01 0.719285338E-01 0.786111215E-01 0.851137578E-01
 0.914254485E-01 0.975349622E-01 0.103431098E+00 0.109102987E+00 0.251878965E-01
 0.246418420E-01 0.231028865E-01 0.205370604E-01 0.171031161E-01 0.134560875E-01
 0.976162802E-02 0.602043837E-02 0.222994633E-02-0.161262869E-02-0.551015147E-02
-0.946550363E-02-0.134815385E-01-0.175610550E-01-0.217067857E-01-0.259213945E-01
-0.302074806E-01-0.345675853E-01-0.390042033E-01-0.435198021E-01-0.481168602E-01
-0.527979345E-01-0.575194025E-01-0.622838804E-01-0.670934596E-01-0.719496752E-01
-0.768534953E-01-0.818053147E-01-0.868049479E-01-0.918516182E-01-0.969439451E-01
-0.102079929E+00-0.107256932E+00-0.112471668E+00-0.117720177E+00-0.122997818E+00
-0.128299253E+00-0.133618435E+00-0.138948604E+00-0.144282282E+00-0.149611272E+00
-0.154926667E+00-0.160218859E+00-0.165477555E+00-0.170691802E+00-0.175850015E+00
-0.180940013E+00-0.185949065E+00-0.190863940E+00-0.195670962E+00-0.200356081E+00
-0.204904940E+00-0.209302957E+00-0.213535410E+00-0.217587527E+00-0.221444580E+00
-0.225091989E+00-0.228515419E+00-0.231700889E+00-0.234634873E+00-0.237304409E+00
-0.239697194E+00-0.241801689E+00-0.243607211E+00-0.245104020E+00-0.246283398E+00
-0.247137724E+00-0.247660530E+00-0.247846556E+00-0.247691785E+00-0.247193471E+00
-0.246350151E+00-0.245161642E+00-0.243629031E+00-0.241754645E+00-0.239542010E+00
-0.236995799E+00-0.234121769E+00-0.230926680E+00-0.227418216E+00-0.223604888E+00
-0.219495930E+00-0.215101196E+00-0.210431044E+00-0.205496222E+00-0.200307749E+00
-0.194876798E+00-0.189214573E+00-0.183332199E+00-0.177240598E+00-0.170950389E+00
-0.164471772E+00-0.157814426E+00-0.150987417E+00-0.143999101E+00-0.136857036E+00
-0.129567902E+00-0.122137424E+00-0.114570292E+00-0.106870092E+00-0.990392218E-01
-0.910788009E-01-0.829885308E-01-0.747664460E-01-0.664083491E-01-0.579063577E-01
-0.492448946E-01-0.406441712E-01-0.321205807E-01-0.236805813E-01-0.153272773E-01
-0.706278776E-02 0.111084703E-02 0.919126663E-02 0.171755715E-01 0.250601696E-01
 0.328406495E-01 0.405116669E-01 0.480668417E-01 0.554986687E-01 0.627984476E-01
 0.699562416E-01 0.769608773E-01 0.837999984E-01 0.904601874E-01 0.969271672E-01
 0.103186088E+00 0.109221897E+00 0.115019778E+00 0.251086009E-01 0.245789779E-01
 0.230594684E-01 0.205168419E-01 0.171023218E-01 0.134875861E-01 0.983025433E-02
 0.612971700E-02 0.238291167E-02-0.141337592E-02-0.526237304E-02-0.916724579E-02
-0.131310596E-01-0.171567659E-01-0.212472065E-01-0.254051292E-01-0.296332102E-01
-0.339340801E-01-0.383103520E-01-0.427646471E-01-0.472996125E-01-0.519179128E-01
-0.565754027E-01-0.612744783E-01-0.660169505E-01-0.708040934E-01-0.756366605E-01
-0.805148813E-01-0.854384473E-01-0.904064936E-01-0.954175794E-01-0.100469668E+00
-0.105560108E+00-0.110685616E+00-0.115842257E+00-0.121025433E+00-0.126229868E+00
-0.131449599E+00-0.136677971E+00-0.141907630E+00-0.147130528E+00-0.152337927E+00
-0.157520412E+00-0.162667905E+00-0.167769693E+00-0.172814449E+00-0.177790278E+00
-0.182684752E+00-0.187484963E+00-0.192177579E+00-0.196748909E+00-0.201184971E+00
-0.205471571E+00-0.209594383E+00-0.213539040E+00-0.217291223E+00-0.220836759E+00
-0.224161721E+00-0.227252526E+00-0.230096036E+00-0.232679661E+00-0.234991453E+00
-0.237020207E+00-0.238755544E+00-0.240187999E+00-0.241309097E+00-0.242111422E+00
-0.242588671E+00-0.242735709E+00-0.242548599E+00-0.242024630E+00-0.241162328E+00
-0.239961451E+00-0.238422980E+00-0.236549090E+00-0.234343109E+00-0.231809467E+00
-0.228953634E+00-0.225782045E+00-0.222302017E+00-0.218521659E+00-0.214449772E+00
-0.210095741E+00-0.205469433E+00-0.200581075E+00-0.195441145E+00-0.190060253E+00
-0.184449025E+00-0.178617988E+00-0.172577456E+00-0.166337421E+00-0.159907445E+00
-0.153296557E+00-0.146513159E+00-0.139564924E+00-0.132458715E+00-0.125200496E+00
-0.117795254E+00-0.110246925E+00-0.102558315E+00-0.947310430E-01-0.867654791E-01
-0.786607447E-01-0.704148669E-01-0.620254455E-01-0.534918560E-01-0.448218898E-01
-0.362372592E-01-0.277289321E-01-0.192940287E-01-0.109320379E-01-0.264354259E-02
 0.557016529E-02 0.137071462E-01 0.217647519E-01 0.297395130E-01 0.376270014E-01
 0.454216768E-01 0.531167252E-01 0.607038946E-01 0.681733380E-01 0.755134782E-01
 0.827109150E-01 0.897504004E-01 0.966149131E-01 0.103285863E+00 0.109743450E+00
 0.115967183E+00 0.121936540E+00 0.252200175E-01 0.246207769E-01 0.232016216E-01
 0.206093543E-01 0.170525300E-01 0.134728959E-01 0.986341980E-02 0.621511235E-02
 0.252379153E-02-0.121458984E-02-0.500386491E-02-0.884760025E-02-0.127490974E-01
-0.167114241E-01-0.207374597E-01-0.248299440E-01-0.289915285E-01-0.332248284E-01
-0.375324780E-01-0.419171890E-01-0.463818020E-01-0.509292863E-01-0.555152482E-01
-0.601415846E-01-0.648095799E-01-0.695201077E-01-0.742736398E-01-0.790702089E-01
-0.839093673E-01-0.887901516E-01-0.937110534E-01-0.986699942E-01-0.103664303E+00
-0.108690699E+00-0.113745273E+00-0.118823470E+00-0.123920085E+00-0.129029244E+00
-0.134144407E+00-0.139258357E+00-0.144363209E+00-0.149450414E+00-0.154510768E+00
-0.159534434E+00-0.164510959E+00-0.169429308E+00-0.174277898E+00-0.179044636E+00
-0.183716975E+00-0.188281961E+00-0.192726301E+00-0.197036429E+00-0.201198579E+00
-0.205198865E+00-0.209023368E+00-0.212658223E+00-0.216089709E+00-0.219304349E+00
-0.222289003E+00-0.225030965E+00-0.227518060E+00-0.229738736E+00-0.231682157E+00
-0.233338286E+00-0.234697968E+00-0.235753000E+00-0.236496198E+00-0.236921450E+00
-0.237023764E+00-0.236799299E+00-0.236245392E+00-0.235360560E+00-0.234144510E+00
-0.232598112E+00-0.230723383E+00-0.228523441E+00-0.226002458E+00-0.223165596E+00
-0.220018941E+00-0.216569415E+00-0.212824692E+00-0.208793101E+00-0.204483524E+00
-0.199905290E+00-0.195068062E+00-0.189981728E+00-0.184656285E+00-0.179101727E+00
-0.173327931E+00-0.167344542E+00-0.161160871E+00-0.154785781E+00-0.148227591E+00
-0.141493971E+00-0.134591851E+00-0.127527328E+00-0.120305583E+00-0.112930794E+00
-0.105406063E+00-0.977333356E-01-0.899133129E-01-0.819453169E-01-0.738270132E-01
-0.655537380E-01-0.571167806E-01-0.484990268E-01-0.399162078E-01-0.313824774E-01
-0.229022777E-01-0.144768873E-01-0.610673698E-02 0.220774367E-02 0.104657780E-01
 0.186660494E-01 0.268065440E-01 0.348843883E-01 0.428956634E-01 0.508351922E-01
 0.586962961E-01 0.664705237E-01 0.741473574E-01 0.817139133E-01 0.891546616E-01
 0.964512106E-01 0.103582216E+00 0.110523496E+00 0.117248422E+00 0.123728652E+00
 0.129935176E+00 0.247026665E-01 0.241961181E-01 0.227197859E-01 0.202409933E-01
 0.169106289E-01 0.133948539E-01 0.984871343E-02 0.626814522E-02 0.264717056E-02
-0.101951859E-02-0.473648381E-02-0.850763055E-02-0.123363437E-01-0.162256208E-01
-0.201781846E-01-0.241965760E-01-0.282832301E-01-0.324405475E-01-0.366709763E-01
-0.409771376E-01-0.453620715E-01-0.498297917E-01-0.543387470E-01-0.588872180E-01
-0.634751740E-01-0.681029869E-01-0.727709071E-01-0.774788419E-01-0.822262556E-01
-0.870121172E-01-0.918348676E-01-0.966923955E-01-0.101582017E+00-0.106500457E+00
-0.111443835E+00-0.116407649E+00-0.121386766E+00-0.126375415E+00-0.131367178E+00
-0.136354989E+00-0.141331142E+00-0.146287290E+00-0.151214463E+00-0.156103080E+00
-0.160942978E+00-0.165723434E+00-0.170433203E+00-0.175060560E+00-0.179593344E+00
-0.184019015E+00-0.188324711E+00-0.192497313E+00-0.196523522E+00-0.200389928E+00
-0.204083097E+00-0.207589653E+00-0.210896368E+00-0.213990252E+00-0.216858644E+00
-0.219489307E+00-0.221870515E+00-0.223991146E+00-0.225840767E+00-0.227409712E+00
-0.228689163E+00-0.229671215E+00-0.230348940E+00-0.230716435E+00-0.230768869E+00
-0.230502509E+00-0.229914746E+00-0.229004102E+00-0.227770228E+00-0.226213885E+00
-0.224336926E+00-0.222142250E+00-0.219633757E+00-0.216816288E+00-0.213695556E+00
-0.210278067E+00-0.206571035E+00-0.202582289E+00-0.198320172E+00-0.193793442E+00
-0.189011162E+00-0.183982590E+00-0.178717071E+00-0.173223923E+00-0.167512326E+00
-0.161591216E+00-0.155469171E+00-0.149154309E+00-0.142654186E+00-0.135975693E+00
-0.129124958E+00-0.122107258E+00-0.114926922E+00-0.107587255E+00-0.100090461E+00
-0.924376032E-01-0.846286096E-01-0.766623912E-01-0.685371848E-01-0.602513193E-01
-0.518047231E-01-0.432014883E-01-0.346576679E-01-0.261612815E-01-0.177069102E-01
-0.929174586E-02-0.914157537E-03 0.742680712E-02 0.157315570E-01 0.239999374E-01
 0.322311279E-01 0.404234846E-01 0.485743297E-01 0.566796866E-01 0.647339520E-01
 0.727294971E-01 0.806561910E-01 0.885008467E-01 0.962466050E-01 0.103872305E+00
 0.111351939E+00 0.118654367E+00 0.125743519E+00 0.132579334E+00 0.139119540E+00
 0.243175289E-01 0.238091492E-01 0.223553408E-01 0.199238363E-01 0.166672241E-01
 0.132327832E-01 0.977449125E-02 0.628400504E-02 0.275257492E-02-0.826287663E-03
-0.445737906E-02-0.814436851E-02-0.118902083E-01-0.156974042E-01-0.195681882E-01
-0.235046265E-01-0.275086851E-01-0.315822618E-01-0.357271781E-01-0.399451052E-01
-0.442373459E-01-0.486042771E-01-0.530439661E-01-0.575144747E-01-0.620190079E-01
-0.665592503E-01-0.711359542E-01-0.757491912E-01-0.803984537E-01-0.850826906E-01
-0.898003128E-01-0.945491861E-01-0.993266193E-01-0.104129350E+00-0.108953532E+00
-0.113794721E+00-0.118647868E+00-0.123507309E+00-0.128366761E+00-0.133219325E+00
-0.138057482E+00-0.142873106E+00-0.147657476E+00-0.152401290E+00-0.157094690E+00
-0.161727289E+00-0.166288205E+00-0.170766102E+00-0.175149234E+00-0.179425499E+00
-0.183582494E+00-0.187607580E+00-0.191487949E+00-0.195210701E+00-0.198762916E+00
-0.202131739E+00-0.205304463E+00-0.208268617E+00-0.211012049E+00-0.213523018E+00
-0.215790277E+00-0.217803160E+00-0.219551662E+00-0.221026514E+00-0.222219256E+00
-0.223122302E+00-0.223728995E+00-0.224033658E+00-0.224031633E+00-0.223719307E+00
-0.223094134E+00-0.222154643E+00-0.220900430E+00-0.219332150E+00-0.217451485E+00
-0.215261108E+00-0.212764640E+00-0.209966587E+00-0.206872276E+00-0.203487778E+00
-0.199819826E+00-0.195875728E+00-0.191663264E+00-0.187190597E+00-0.182466157E+00
-0.177498547E+00-0.172296424E+00-0.166868401E+00-0.161222928E+00-0.155368193E+00
-0.149312008E+00-0.143061712E+00-0.136624060E+00-0.130005124E+00-0.123210197E+00
-0.116243683E+00-0.109109004E+00-0.101808488E+00-0.943432612E-01-0.867131298E-01
-0.789164820E-01-0.709502611E-01-0.628102128E-01-0.544919887E-01-0.459947683E-01
-0.375129760E-01-0.290528354E-01-0.206150293E-01-0.121983790E-01-0.380111365E-02
 0.457866884E-02 0.129428047E-01 0.212929422E-01 0.296304279E-01 0.379561708E-01
 0.462704711E-01 0.545727963E-01 0.628614905E-01 0.711333938E-01 0.793833447E-01
 0.876035296E-01 0.957826346E-01 0.103904755E+00 0.111948034E+00 0.119883067E+00
 0.127671304E+00 0.135264020E+00 0.142602856E+00 0.149622940E+00 0.239445096E-01
 0.233895700E-01 0.219934112E-01 0.196003504E-01 0.162798512E-01 0.129690191E-01
 0.964061943E-02 0.627133437E-02 0.285170306E-02-0.623169629E-03-0.415615915E-02
-0.774925226E-02-0.114040454E-01-0.151219710E-01-0.189044039E-01-0.227527146E-01
-0.266682940E-01-0.306525647E-01-0.347069822E-01-0.388330307E-01-0.430322230E-01
-0.473061361E-01-0.516565883E-01-0.560377404E-01-0.604511460E-01-0.648976250E-01
-0.693774626E-01-0.738904629E-01-0.784359545E-01-0.830127818E-01-0.876192894E-01
-0.922533072E-01-0.969121336E-01-0.101592521E+00-0.106290663E+00-0.111002180E+00
-0.115722116E+00-0.120444923E+00-0.125164467E+00-0.129874022E+00-0.134566274E+00
-0.139233331E+00-0.143866737E+00-0.148457483E+00-0.152996035E+00-0.157472361E+00
-0.161875962E+00-0.166195910E+00-0.170420896E+00-0.174539278E+00-0.178539135E+00
-0.182408328E+00-0.186134570E+00-0.189705486E+00-0.193108700E+00-0.196331898E+00
-0.199362920E+00-0.202189835E+00-0.204801023E+00-0.207185263E+00-0.209331806E+00
-0.211230462E+00-0.212871673E+00-0.214246583E+00-0.215347109E+00-0.216165996E+00
-0.216696874E+00-0.216934301E+00-0.216873802E+00-0.216511892E+00-0.215846093E+00
-0.214874944E+00-0.213597990E+00-0.212015776E+00-0.210129813E+00-0.207942544E+00
-0.205457303E+00-0.202678253E+00-0.199610324E+00-0.196259140E+00-0.192630943E+00
-0.188732500E+00-0.184571015E+00-0.180154034E+00-0.175489339E+00-0.170584852E+00
-0.165448527E+00-0.160088243E+00-0.154511700E+00-0.148726313E+00-0.142739107E+00
-0.136556612E+00-0.130184765E+00-0.123628803E+00-0.116893166E+00-0.109981395E+00
-0.102896019E+00-0.956384306E-01-0.882087243E-01-0.806054496E-01-0.728251767E-01
-0.648616257E-01-0.567037598E-01-0.483313693E-01-0.399502488E-01-0.315693299E-01
-0.231919950E-01-0.148184799E-01-0.644732495E-02 0.192383849E-02 0.102978769E-01
 0.186779317E-01 0.270672815E-01 0.354692326E-01 0.438870067E-01 0.523236039E-01
 0.607816225E-01 0.692630139E-01 0.777687442E-01 0.862983230E-01 0.948491353E-01
 0.103415481E+00 0.111987163E+00 0.120547388E+00 0.129069580E+00 0.137512695E+00
 0.145815030E+00 0.153888981E+00 0.161624141E+00 0.228476996E-01 0.221733807E-01
 0.207539352E-01 0.185658585E-01 0.156897244E-01 0.126342346E-01 0.949244142E-02
 0.627130373E-02 0.297755432E-02-0.384866699E-03-0.381381083E-02-0.730820377E-02
-0.108676448E-01-0.144921812E-01-0.181821754E-01-0.219382255E-01-0.257611164E-01
-0.296517941E-01-0.336113645E-01-0.376411260E-01-0.417426756E-01-0.459181704E-01
-0.501709459E-01-0.544576256E-01-0.587757139E-01-0.631243941E-01-0.675032340E-01
-0.719116886E-01-0.763488980E-01-0.808135962E-01-0.853040646E-01-0.898181020E-01
-0.943530039E-01-0.989055457E-01-0.103471969E+00-0.108047969E+00-0.112628690E+00
-0.117208714E+00-0.121782064E+00-0.126342200E+00-0.130882025E+00-0.135393895E+00
-0.139869629E+00-0.144300529E+00-0.148677400E+00-0.152990578E+00-0.157229962E+00
-0.161385051E+00-0.165444989E+00-0.169398610E+00-0.173234492E+00-0.176941016E+00
-0.180506427E+00-0.183918900E+00-0.187166613E+00-0.190237815E+00-0.193120906E+00
-0.195804513E+00-0.198277562E+00-0.200529366E+00-0.202549689E+00-0.204328832E+00
-0.205857694E+00-0.207127845E+00-0.208131587E+00-0.208862007E+00-0.209313030E+00
-0.209479457E+00-0.209357002E+00-0.208942309E+00-0.208232976E+00-0.207227552E+00
-0.205925534E+00-0.204327355E+00-0.202434354E+00-0.200248743E+00-0.197773563E+00
-0.195012630E+00-0.191970472E+00-0.188652262E+00-0.185063736E+00-0.181211117E+00
-0.177101021E+00-0.172740367E+00-0.168136279E+00-0.163295988E+00-0.158226727E+00
-0.152935633E+00-0.147429639E+00-0.141715375E+00-0.135799059E+00-0.129686403E+00
-0.123382506E+00-0.116891762E+00-0.110217763E+00-0.103363209E+00-0.963298261E-01
-0.891182861E-01-0.817281557E-01-0.741578830E-01-0.664048994E-01-0.584660019E-01
-0.503384580E-01-0.420229730E-01-0.337272819E-01-0.254363497E-01-0.171421150E-01
-0.883917288E-02-0.522974512E-03 0.781091425E-02 0.161671158E-01 0.245505625E-01
 0.329665420E-01 0.414207049E-01 0.499190504E-01 0.584678871E-01 0.670737672E-01
 0.757433798E-01 0.844833886E-01 0.933001854E-01 0.102199517E+00 0.111185907E+00
 0.120261739E+00 0.129425701E+00 0.138669961E+00 0.147974372E+00 0.157292649E+00
 0.166515044E+00 0.175405031E+00 0.221510484E-01 0.213907180E-01 0.199966152E-01
 0.179474970E-01 0.153223769E-01 0.124534260E-01 0.945683241E-02 0.636023902E-02
 0.317888706E-02-0.787756505E-04-0.340787916E-02-0.680555149E-02-0.102701210E-01
-0.138006855E-01-0.173968648E-01-0.210586506E-01-0.247863102E-01-0.285803221E-01
-0.324413259E-01-0.363700697E-01-0.403673212E-01-0.444336616E-01-0.485689511E-01
-0.527709141E-01-0.569957793E-01-0.612456840E-01-0.655212104E-01-0.698221369E-01
-0.741476870E-01-0.784966030E-01-0.828671587E-01-0.872571527E-01-0.916638972E-01
-0.960842047E-01-0.100514377E+00-0.104950197E+00-0.109386918E+00-0.113819264E+00
-0.118241424E+00-0.122647057E+00-0.127029295E+00-0.131380750E+00-0.135693532E+00
-0.139959262E+00-0.144169098E+00-0.148313755E+00-0.152383543E+00-0.156368401E+00
-0.160257936E+00-0.164041471E+00-0.167708095E+00-0.171246719E+00-0.174646135E+00
-0.177895075E+00-0.180982284E+00-0.183896582E+00-0.186626941E+00-0.189162552E+00
-0.191492900E+00-0.193607835E+00-0.195497645E+00-0.197153125E+00-0.198565640E+00
-0.199727191E+00-0.200630470E+00-0.201268910E+00-0.201636734E+00-0.201728990E+00
-0.201541582E+00-0.201071288E+00-0.200315780E+00-0.199273620E+00-0.197944258E+00
-0.196328013E+00-0.194426053E+00-0.192240357E+00-0.189773674E+00-0.187029470E+00
-0.184011870E+00-0.180725590E+00-0.177175864E+00-0.173368364E+00-0.169309117E+00
-0.165004412E+00-0.160460710E+00-0.155684548E+00-0.150682438E+00-0.145460768E+00
-0.140025702E+00-0.134383073E+00-0.128538290E+00-0.122496228E+00-0.116261134E+00
-0.109836531E+00-0.103225122E+00-0.964287116E-01-0.894481242E-01-0.822831467E-01
-0.749324846E-01-0.673937493E-01-0.596634893E-01-0.517372744E-01-0.436098026E-01
-0.354671226E-01-0.273114315E-01-0.191400877E-01-0.109489906E-01-0.273351273E-02
 0.551134276E-02 0.137909994E-01 0.221114048E-01 0.304791237E-01 0.389014232E-01
 0.473863512E-01 0.559428133E-01 0.645806520E-01 0.733107285E-01 0.821450121E-01
 0.910966782E-01 0.100180224E+00 0.109411619E+00 0.118808517E+00 0.128390616E+00
 0.138180328E+00 0.148204185E+00 0.158496248E+00 0.169108088E+00 0.180145759E+00
 0.191108985E+00 0.222451286E-01 0.215837419E-01 0.202370003E-01 0.181896468E-01
 0.154107421E-01 0.125440253E-01 0.960291603E-02 0.658265095E-02 0.348597563E-02
 0.316347673E-03-0.292326609E-02-0.623062256E-02-0.960413952E-02-0.130427726E-01
-0.165459008E-01-0.201132359E-01-0.237447527E-01-0.274406377E-01-0.312012511E-01
-0.350271036E-01-0.389188579E-01-0.428773921E-01-0.469040431E-01-0.510013737E-01
-0.551249220E-01-0.592719182E-01-0.634412159E-01-0.676319773E-01-0.718432006E-01
-0.760735434E-01-0.803212524E-01-0.845841298E-01-0.888595140E-01-0.931442661E-01
-0.974347599E-01-0.101726874E+00-0.106015986E+00-0.110296968E+00-0.114564188E+00
-0.118811514E+00-0.123032312E+00-0.127219467E+00-0.131365385E+00-0.135462019E+00
-0.139500884E+00-0.143473088E+00-0.147369359E+00-0.151180081E+00-0.154895334E+00
-0.158504939E+00-0.161998501E+00-0.165365467E+00-0.168595181E+00-0.171676938E+00
-0.174600055E+00-0.177353927E+00-0.179928098E+00-0.182312329E+00-0.184496662E+00
-0.186471491E+00-0.188227625E+00-0.189756356E+00-0.191049514E+00-0.192099530E+00
-0.192899486E+00-0.193443162E+00-0.193725077E+00-0.193740525E+00-0.193485599E+00
-0.192957213E+00-0.192153110E+00-0.191071866E+00-0.189712879E+00-0.188076361E+00
-0.186163306E+00-0.183975461E+00-0.181515282E+00-0.178785889E+00-0.175791003E+00
-0.172534887E+00-0.169022272E+00-0.165258286E+00-0.161248367E+00-0.156998179E+00
-0.152513526E+00-0.147800255E+00-0.142864160E+00-0.137710890E+00-0.132345841E+00
-0.126774060E+00-0.121000143E+00-0.115028128E+00-0.108861396E+00-0.102502565E+00
-0.959533978E-01-0.892147086E-01-0.822862798E-01-0.751667904E-01-0.678537494E-01
-0.603434291E-01-0.526307878E-01-0.447093608E-01-0.367602136E-01-0.287832633E-01
-0.207776226E-01-0.127410046E-01-0.466994392E-02 0.343997208E-02 0.115939940E-01
 0.197981982E-01 0.280595348E-01 0.363859134E-01 0.447863143E-01 0.532709228E-01
 0.618512883E-01 0.705405121E-01 0.793534721E-01 0.883070955E-01 0.974206980E-01
 0.106716416E+00 0.116219786E+00 0.125960544E+00 0.135973820E+00 0.146301987E+00
 0.156997690E+00 0.168128900E+00 0.179786901E+00 0.192089756E+00 0.204227636E+00
 0.221982511E-01 0.215747973E-01 0.202656107E-01 0.182488799E-01 0.155986830E-01
 0.127732182E-01 0.988107645E-02 0.692158661E-02 0.389468428E-02 0.801139276E-03
-0.235794281E-02-0.558144674E-02-0.886841025E-02-0.122180852E-01-0.156299469E-01
-0.191036797E-01-0.226391542E-01-0.262364023E-01-0.298955911E-01-0.336169933E-01
-0.374009466E-01-0.412477760E-01-0.451576104E-01-0.491298946E-01-0.531620185E-01
-0.572086375E-01-0.612715505E-01-0.653509550E-01-0.694462129E-01-0.735561127E-01
-0.776789562E-01-0.818125839E-01-0.859543792E-01-0.901012646E-01-0.942496969E-01
-0.983956610E-01-0.102534667E+00-0.106661747E+00-0.110771456E+00-0.114857878E+00
-0.118914628E+00-0.122934864E+00-0.126911301E+00-0.130836227E+00-0.134701524E+00
-0.138498696E+00-0.142218895E+00-0.145852956E+00-0.149391435E+00-0.152824650E+00
-0.156142727E+00-0.159335650E+00-0.162393314E+00-0.165305579E+00-0.168062328E+00
-0.170653532E+00-0.173069306E+00-0.175299974E+00-0.177336133E+00-0.179168715E+00
-0.180789048E+00-0.182188912E+00-0.183360600E+00-0.184296966E+00-0.184991479E+00
-0.185438257E+00-0.185632115E+00-0.185568585E+00-0.185243948E+00-0.184655248E+00
-0.183800297E+00-0.182677683E+00-0.181286755E+00-0.179627612E+00-0.177701076E+00
-0.175508664E+00-0.173052542E+00-0.170335486E+00-0.167360818E+00-0.164132352E+00
-0.160654325E+00-0.156931324E+00-0.152968208E+00-0.148770026E+00-0.144341935E+00
-0.139689104E+00-0.134816627E+00-0.129729427E+00-0.124432153E+00-0.118929088E+00
-0.113224034E+00-0.107320213E+00-0.101220147E+00-0.949255523E-01-0.884372155E-01
-0.817548922E-01-0.748772115E-01-0.678016007E-01-0.605242138E-01-0.530398437E-01
-0.453418052E-01-0.376080508E-01-0.298379124E-01-0.220302024E-01-0.141830376E-01
-0.629367092E-02 0.164156665E-02 0.962728064E-02 0.176690362E-01 0.257734089E-01
 0.339480690E-01 0.422018979E-01 0.505451385E-01 0.589895802E-01 0.675487852E-01
 0.762383605E-01 0.850762888E-01 0.940833288E-01 0.103283505E+00 0.112704706E+00
 0.122379432E+00 0.132345719E+00 0.142648298E+00 0.153340039E+00 0.164483671E+00
 0.176153620E+00 0.188437340E+00 0.201433635E+00 0.214139077E+00 0.222879670E-01
 0.216971276E-01 0.204265281E-01 0.184514326E-01 0.158663731E-01 0.130898615E-01
 0.102501047E-01 0.734947246E-02 0.438766123E-02 0.136472509E-02-0.171901480E-02
-0.486310495E-02-0.806706628E-02-0.113304647E-01-0.146529518E-01-0.180342840E-01
-0.214743290E-01-0.249730647E-01-0.285305739E-01-0.321470406E-01-0.358227525E-01
-0.395581258E-01-0.433537940E-01-0.472108821E-01-0.511318082E-01-0.550704847E-01
-0.590236840E-01-0.629898566E-01-0.669677532E-01-0.709559478E-01-0.749526740E-01
-0.789557682E-01-0.829626472E-01-0.869702956E-01-0.909752585E-01-0.949736357E-01
-0.989610780E-01-0.102932786E+00-0.106883512E+00-0.110807562E+00-0.114698804E+00
-0.118550681E+00-0.122356218E+00-0.126108045E+00-0.129798414E+00-0.133419228E+00
-0.136962064E+00-0.140418208E+00-0.143778691E+00-0.147034329E+00-0.150175766E+00
-0.153193517E+00-0.156078026E+00-0.158819708E+00-0.161409012E+00-0.163836471E+00
-0.166092765E+00-0.168168774E+00-0.170055640E+00-0.171744822E+00-0.173228155E+00
-0.174497902E+00-0.175546803E+00-0.176368131E+00-0.176955726E+00-0.177304042E+00
-0.177408174E+00-0.177263889E+00-0.176867649E+00-0.176216620E+00-0.175308682E+00
-0.174142429E+00-0.172717156E+00-0.171032852E+00-0.169090168E+00-0.166890390E+00
-0.164435400E+00-0.161727631E+00-0.158770014E+00-0.155565922E+00-0.152119104E+00
-0.148433619E+00-0.144513756E+00-0.140363966E+00-0.135988769E+00-0.131392678E+00
-0.126580107E+00-0.121555278E+00-0.116322131E+00-0.110884219E+00-0.105244607E+00
-0.994057560E-01-0.933693991E-01-0.871364021E-01-0.807066087E-01-0.740786832E-01
-0.672499901E-01-0.602165699E-01-0.529731206E-01-0.455129338E-01-0.380114634E-01
-0.304679359E-01-0.228811713E-01-0.152494861E-01-0.757058183E-02 0.158564715E-03
 0.794179368E-02 0.157838435E-01 0.236904350E-01 0.316683700E-01 0.397256510E-01
 0.478716298E-01 0.561171892E-01 0.644749641E-01 0.729596099E-01 0.815881264E-01
 0.903802487E-01 0.993589170E-01 0.108550837E+00 0.117987145E+00 0.127704176E+00
 0.137744330E+00 0.148157000E+00 0.158999459E+00 0.170337538E+00 0.182245829E+00
 0.194807014E+00 0.208127782E+00 0.221093617E+00 0.225534777E-01 0.220143238E-01
 0.207855996E-01 0.188505450E-01 0.162075552E-01 0.134740660E-01 0.106884979E-01
 0.784682991E-02 0.494874384E-02 0.199414948E-02-0.101688704E-02-0.408419171E-02
-0.720753320E-02-0.103866669E-01-0.136213690E-01-0.169114600E-01-0.202568199E-01
-0.236573972E-01-0.271132122E-01-0.306243562E-01-0.341909848E-01-0.378132970E-01
-0.414914764E-01-0.452255203E-01-0.490147468E-01-0.528563769E-01-0.567033179E-01
-0.605571765E-01-0.644177737E-01-0.682840239E-01-0.721542711E-01-0.760264063E-01
-0.798979031E-01-0.837658224E-01-0.876268093E-01-0.914770888E-01-0.953124623E-01
-0.991283076E-01-0.102919580E+00-0.106680817E+00-0.110406146E+00-0.114089295E+00
-0.117723607E+00-0.121302054E+00-0.124817260E+00-0.128261524E+00-0.131626849E+00
-0.134904968E+00-0.138087385E+00-0.141165406E+00-0.144130186E+00-0.146972765E+00
-0.149684125E+00-0.152255228E+00-0.154677073E+00-0.156940749E+00-0.159037483E+00
-0.160958698E+00-0.162696067E+00-0.164241563E+00-0.165587511E+00-0.166726642E+00
-0.167652133E+00-0.168357654E+00-0.168837411E+00-0.169086172E+00-0.169099308E+00
-0.168872809E+00-0.168403304E+00-0.167688076E+00-0.166725065E+00-0.165512866E+00
-0.164050720E+00-0.162338500E+00-0.160376686E+00-0.158166336E+00-0.155709050E+00
-0.153006926E+00-0.150062508E+00-0.146878737E+00-0.143458885E+00-0.139806492E+00
-0.135925294E+00-0.131819151E+00-0.127491971E+00-0.122947626E+00-0.118189871E+00
-0.113222261E+00-0.108048060E+00-0.102670151E+00-0.970909369E-01-0.913122347E-01
-0.853351444E-01-0.791598856E-01-0.727855593E-01-0.662097973E-01-0.594283981E-01
-0.524356787E-01-0.452246783E-01-0.379685174E-01-0.306663988E-01-0.233172925E-01
-0.159198388E-01-0.847224177E-02-0.972160777E-03 0.658339482E-02 0.141981673E-01
 0.218767513E-01 0.296246995E-01 0.374486401E-01 0.453564132E-01 0.533572318E-01
 0.614618746E-01 0.696829176E-01 0.780350145E-01 0.865352346E-01 0.952034712E-01
 0.104062934E+00 0.113140742E+00 0.122468621E+00 0.132083722E+00 0.142029542E+00
 0.152356888E+00 0.163124788E+00 0.174401112E+00 0.186262572E+00 0.198793701E+00
 0.212114626E+00 0.224996223E+00 0.227015928E-01 0.221922568E-01 0.210031882E-01
 0.191131613E-01 0.165909512E-01 0.139124837E-01 0.111821171E-01 0.839959675E-02
 0.556472359E-02 0.267740668E-02-0.262345708E-03-0.325444526E-02-0.629874840E-02
-0.939508231E-02-0.125432690E-01-0.157431455E-01-0.189945803E-01-0.222974857E-01
-0.256518270E-01-0.290576316E-01-0.325149996E-01-0.360241240E-01-0.395853390E-01
-0.431992429E-01-0.468670243E-01-0.505913456E-01-0.543246786E-01-0.580638898E-01
-0.618066903E-01-0.655511097E-01-0.692951592E-01-0.730366425E-01-0.767730565E-01
-0.805015407E-01-0.842188520E-01-0.879213527E-01-0.916050056E-01-0.952653740E-01
-0.988976236E-01-0.102496529E+00-0.106056480E+00-0.109571495E+00-0.113035231E+00
-0.116441007E+00-0.119781814E+00-0.123050348E+00-0.126239029E+00-0.129340035E+00
-0.132345332E+00-0.135246709E+00-0.138035819E+00-0.140704219E+00-0.143243412E+00
-0.145644894E+00-0.147900200E+00-0.150000954E+00-0.151938916E+00-0.153706034E+00
-0.155294491E+00-0.156696756E+00-0.157905628E+00-0.158914283E+00-0.159716317E+00
-0.160305783E+00-0.160677230E+00-0.160825731E+00-0.160746913E+00-0.160436973E+00
-0.159892702E+00-0.159111485E+00-0.158091315E+00-0.156830779E+00-0.155329060E+00
-0.153585912E+00-0.151601644E+00-0.149377086E+00-0.146913559E+00-0.144212829E+00
-0.141277063E+00-0.138108776E+00-0.134710775E+00-0.131086091E+00-0.127237919E+00
-0.123169545E+00-0.118884273E+00-0.114385350E+00-0.109675887E+00-0.104758786E+00
-0.996366628E-01-0.943117665E-01-0.887859098E-01-0.830603942E-01-0.771359422E-01
-0.710126265E-01-0.646896867E-01-0.581646315E-01-0.514300482E-01-0.444773912E-01
-0.374769321E-01-0.304275570E-01-0.233283499E-01-0.161783596E-01-0.897641520E-02
-0.172098054E-02 0.558996682E-02 0.129590416E-01 0.203895503E-01 0.278855900E-01
 0.354521521E-01 0.430952365E-01 0.508219812E-01 0.586408132E-01 0.665616266E-01
 0.745959954E-01 0.827574295E-01 0.910616848E-01 0.995271409E-01 0.108175266E+00
 0.117031187E+00 0.126124405E+00 0.135489682E+00 0.145168147E+00 0.155208673E+00
 0.165669518E+00 0.176620124E+00 0.188142619E+00 0.200331983E+00 0.213276264E+00
 0.225435643E+00 0.229250050E-01 0.224471613E-01 0.212995043E-01 0.194570711E-01
 0.170171909E-01 0.143943416E-01 0.117196330E-01 0.899633897E-02 0.622436656E-02
 0.340366455E-02 0.534262335E-03-0.238374059E-02-0.535019092E-02-0.836490052E-02
-0.114276658E-01-0.145382853E-01-0.176965753E-01-0.209023816E-01-0.241555887E-01
-0.274561257E-01-0.308039693E-01-0.341991418E-01-0.376417012E-01-0.411317088E-01
-0.446691342E-01-0.482535779E-01-0.518834541E-01-0.555138040E-01-0.591421100E-01
-0.627667124E-01-0.663859539E-01-0.699978956E-01-0.736002301E-01-0.771902596E-01
-0.807648947E-01-0.843206567E-01-0.878536822E-01-0.913597276E-01-0.948341745E-01
-0.982720372E-01-0.101667971E+00-0.105016284E+00-0.108310951E+00-0.111545628E+00
-0.114713676E+00-0.117808178E+00-0.120821967E+00-0.123747654E+00-0.126577657E+00
-0.129304238E+00-0.131919533E+00-0.134415598E+00-0.136784444E+00-0.139018079E+00
-0.141108557E+00-0.143048016E+00-0.144828729E+00-0.146443144E+00-0.147883936E+00
-0.149144043E+00-0.150216717E+00-0.151095559E+00-0.151774559E+00-0.152248134E+00
-0.152511155E+00-0.152558981E+00-0.152387475E+00-0.151993032E+00-0.151372581E+00
-0.150523604E+00-0.149444130E+00-0.148132736E+00-0.146588534E+00-0.144811159E+00
-0.142800742E+00-0.140557888E+00-0.138083639E+00-0.135379435E+00-0.132447071E+00
-0.129288644E+00-0.125906504E+00-0.122303189E+00-0.118481361E+00-0.114443745E+00
-0.110193049E+00-0.105731897E+00-0.101062757E+00-0.961878664E-01-0.911091667E-01
-0.858282433E-01-0.803462679E-01-0.746639536E-01-0.687815750E-01-0.626993675E-01
-0.564195358E-01-0.499503488E-01-0.432673220E-01-0.365339086E-01-0.297477900E-01
-0.229082730E-01-0.160151488E-01-0.906819603E-02-0.206694235E-02 0.498947140E-02
 0.121023857E-01 0.192737018E-01 0.265059573E-01 0.338024034E-01 0.411670887E-01
 0.486049503E-01 0.561219189E-01 0.637250376E-01 0.714226015E-01 0.792243218E-01
 0.871415212E-01 0.951873687E-01 0.103377167E+00 0.111728711E+00 0.120262737E+00
 0.129003517E+00 0.137979655E+00 0.147225209E+00 0.156781347E+00 0.166698894E+00
 0.177042411E+00 0.187896581E+00 0.199374496E+00 0.211529622E+00 0.222775272E+00
 0.232941782E-01 0.228712811E-01 0.217683674E-01 0.199684993E-01 0.174870668E-01
 0.149100395E-01 0.122911490E-01 0.962708006E-02 0.691770624E-02 0.416303220E-02
 0.136315392E-02-0.148175395E-02-0.437145632E-02-0.730567862E-02-0.102841277E-01
-0.133065105E-01-0.163725498E-01-0.194819957E-01-0.226346336E-01-0.258302878E-01
-0.290688202E-01-0.323501211E-01-0.356740884E-01-0.390405808E-01-0.424493241E-01
-0.458997221E-01-0.493904975E-01-0.529190673E-01-0.564356363E-01-0.599419041E-01
-0.634375507E-01-0.669211951E-01-0.703907962E-01-0.738438238E-01-0.772773330E-01
-0.806879967E-01-0.840721212E-01-0.874256550E-01-0.907441960E-01-0.940229986E-01
-0.972569833E-01-0.100440747E+00-0.103568578E+00-0.106634470E+00-0.109632141E+00
-0.112555058E+00-0.115396455E+00-0.118149365E+00-0.120806646E+00-0.123361014E+00
-0.125805076E+00-0.128131365E+00-0.130332381E+00-0.132400624E+00-0.134328641E+00
-0.136109063E+00-0.137734650E+00-0.139198327E+00-0.140493232E+00-0.141612751E+00
-0.142550560E+00-0.143300659E+00-0.143857410E+00-0.144215568E+00-0.144370306E+00
-0.144317243E+00-0.144052464E+00-0.143572536E+00-0.142874517E+00-0.141955965E+00
-0.140814938E+00-0.139449986E+00-0.137860146E+00-0.136044924E+00-0.134004273E+00
-0.131738566E+00-0.129248568E+00-0.126535394E+00-0.123600472E+00-0.120445490E+00
-0.117072351E+00-0.113483109E+00-0.109679911E+00-0.105664931E+00-0.101440294E+00
-0.970080018E-01-0.923698616E-01-0.875274090E-01-0.824818491E-01-0.772340095E-01
-0.717842810E-01-0.661324094E-01-0.602764916E-01-0.542095138E-01-0.479218991E-01
-0.415695981E-01-0.351336254E-01-0.286274286E-01-0.220578293E-01-0.154286226E-01
-0.874207001E-02-0.199952318E-02 0.479831895E-02 0.116513133E-01 0.185598489E-01
 0.255248595E-01 0.325478541E-01 0.396309607E-01 0.467769774E-01 0.539894317E-01
 0.612726469E-01 0.686318167E-01 0.760730882E-01 0.836036559E-01 0.912318675E-01
 0.989673449E-01 0.106821124E+00 0.114805818E+00 0.122935823E+00 0.131227566E+00
 0.139699854E+00 0.148374373E+00 0.157276477E+00 0.166436596E+00 0.175893061E+00
 0.185699008E+00 0.195945060E+00 0.206727913E+00 0.216551057E+00 0.235550411E-01
 0.231670716E-01 0.221071465E-01 0.203551481E-01 0.179718663E-01 0.154505165E-01
 0.128878339E-01 0.102829534E-01 0.763580059E-02 0.494645495E-02 0.221513047E-02
-0.557850823E-03-0.337209219E-02-0.622715562E-02-0.912259107E-02-0.120579598E-01
-0.150328512E-01-0.180468949E-01-0.210997672E-01-0.241911956E-01-0.273209606E-01
-0.304888988E-01-0.336949108E-01-0.369389847E-01-0.402212613E-01-0.435422029E-01
-0.469030155E-01-0.503066841E-01-0.537027803E-01-0.570880260E-01-0.604599936E-01
-0.638164133E-01-0.671548944E-01-0.704728102E-01-0.737672481E-01-0.770349866E-01
-0.802724846E-01-0.834758778E-01-0.866409795E-01-0.897632848E-01-0.928379784E-01
-0.958599444E-01-0.988237796E-01-0.101723809E+00-0.104554103E+00-0.107308498E+00
-0.109980621E+00-0.112563911E+00-0.115051652E+00-0.117436995E+00-0.119712997E+00
-0.121872650E+00-0.123908916E+00-0.125814766E+00-0.127583215E+00-0.129207360E+00
-0.130680419E+00-0.131995767E+00-0.133146977E+00-0.134127854E+00-0.134932470E+00
-0.135555199E+00-0.135990745E+00-0.136234175E+00-0.136280938E+00-0.136126894E+00
-0.135768322E+00-0.135201945E+00-0.134424929E+00-0.133434892E+00-0.132229904E+00
-0.130808480E+00-0.129169568E+00-0.127312537E+00-0.125237152E+00-0.122943553E+00
-0.120432222E+00-0.117703949E+00-0.114759795E+00-0.111601045E+00-0.108229164E+00
-0.104645739E+00-0.100852421E+00-0.968508601E-01-0.926426232E-01-0.882291127E-01
-0.836114696E-01-0.787904769E-01-0.737664907E-01-0.685395034E-01-0.631095629E-01
-0.574786796E-01-0.516546518E-01-0.456137680E-01-0.395109006E-01-0.333419706E-01
-0.271045632E-01-0.208008046E-01-0.144337893E-01-0.800646051E-02-0.152131094E-02
 0.501966381E-02 0.116149504E-01 0.182634993E-01 0.249647172E-01 0.317184714E-01
 0.385251030E-01 0.453854470E-01 0.523008568E-01 0.592732301E-01 0.663050366E-01
 0.733993435E-01 0.805598387E-01 0.877908478E-01 0.950973421E-01 0.102484932E+00
 0.109959841E+00 0.117528845E+00 0.125199163E+00 0.132978278E+00 0.140873632E+00
 0.148892121E+00 0.157039215E+00 0.165317339E+00 0.173722550E+00 0.182236682E+00
 0.190805345E+00 0.199283859E+00 0.207293720E+00 0.238321646E-01 0.234759219E-01
 0.224596587E-01 0.207583953E-01 0.184708408E-01 0.160079949E-01 0.135020441E-01
 0.109563448E-01 0.837086697E-02 0.574582104E-02 0.308165057E-02 0.378956442E-03
-0.236157736E-02-0.513924356E-02-0.795335403E-02-0.108032668E-01-0.136884013E-01
-0.166082450E-01-0.195623557E-01-0.225503599E-01-0.255719506E-01-0.286268855E-01
-0.317149878E-01-0.348361500E-01-0.379903407E-01-0.411776036E-01-0.443980099E-01
-0.476514269E-01-0.509367016E-01-0.542063892E-01-0.574584383E-01-0.606906885E-01
-0.639008150E-01-0.670862795E-01-0.702442923E-01-0.733717876E-01-0.764654071E-01
-0.795214922E-01-0.825360824E-01-0.855049188E-01-0.884234513E-01-0.912868490E-01
-0.940900131E-01-0.968275919E-01-0.994939980E-01-0.102083428E+00-0.104589886E+00
-0.107007202E+00-0.109329064E+00-0.111549044E+00-0.113660624E+00-0.115657231E+00
-0.117532267E+00-0.119279145E+00-0.120891319E+00-0.122362324E+00-0.123685807E+00
-0.124855563E+00-0.125865570E+00-0.126710021E+00-0.127383353E+00-0.127880283E+00
-0.128195831E+00-0.128325347E+00-0.128264529E+00-0.128009449E+00-0.127556562E+00
-0.126902721E+00-0.126045180E+00-0.124981600E+00-0.123710047E+00-0.122228984E+00
-0.120537259E+00-0.118634091E+00-0.116519050E+00-0.114192030E+00-0.111653222E+00
-0.108903084E+00-0.105942304E+00-0.102771762E+00-0.993924898E-01-0.958056213E-01
-0.920123426E-01-0.880138269E-01-0.838111581E-01-0.794052316E-01-0.747966102E-01
-0.699853056E-01-0.649703241E-01-0.597490581E-01-0.543141928E-01-0.486562400E-01
-0.429242682E-01-0.370998574E-01-0.311956057E-01-0.252179501E-01-0.191709246E-01
-0.130580524E-01-0.688267733E-02-0.647941372E-03 0.564327700E-02 0.119884028E-01
 0.183851842E-01 0.248317022E-01 0.313263761E-01 0.378679686E-01 0.444555915E-01
 0.510887111E-01 0.577671511E-01 0.644910932E-01 0.712610701E-01 0.780779502E-01
 0.849429087E-01 0.918573795E-01 0.988229819E-01 0.105841410E+00 0.112914275E+00
 0.120042870E+00 0.127227840E+00 0.134468696E+00 0.141763114E+00 0.149105885E+00
 0.156487330E+00 0.163890896E+00 0.171289483E+00 0.178640270E+00 0.185878913E+00
 0.192914401E+00 0.199569148E+00 0.242285661E-01 0.239273844E-01 0.229577821E-01
 0.213023106E-01 0.189895052E-01 0.165762312E-01 0.141280927E-01 0.116416616E-01
 0.911686384E-02 0.655429158E-02 0.395493112E-02 0.131994448E-02-0.134948246E-02
-0.405222852E-02-0.678728049E-02-0.955374828E-02-0.123508644E-01-0.151779753E-01
-0.180345299E-01-0.209200665E-01-0.238342006E-01-0.267766130E-01-0.297470384E-01
-0.327452534E-01-0.357710595E-01-0.388242555E-01-0.419045899E-01-0.450116850E-01
-0.481449600E-01-0.513037453E-01-0.544398446E-01-0.575514104E-01-0.606363702E-01
-0.636924152E-01-0.667169815E-01-0.697072305E-01-0.726600333E-01-0.755719641E-01
-0.784393028E-01-0.812580419E-01-0.840238965E-01-0.867323167E-01-0.893785008E-01
-0.919574116E-01-0.944637925E-01-0.968921866E-01-0.992369576E-01-0.101492312E+00
-0.103652322E+00-0.105710955E+00-0.107662096E+00-0.109499582E+00-0.111217227E+00
-0.112808856E+00-0.114268335E+00-0.115589605E+00-0.116766710E+00-0.117793834E+00
-0.118665325E+00-0.119375731E+00-0.119919828E+00-0.120292640E+00-0.120489472E+00
-0.120505927E+00-0.120337927E+00-0.119981727E+00-0.119433932E+00-0.118691501E+00
-0.117751756E+00-0.116612381E+00-0.115271420E+00-0.113727268E+00-0.111978659E+00
-0.110024650E+00-0.107864600E+00-0.105498144E+00-0.102925167E+00-0.100145775E+00
-0.971602636E-01-0.939690869E-01-0.905728281E-01-0.869721660E-01-0.831678386E-01
-0.791606011E-01-0.749511788E-01-0.705402278E-01-0.659282568E-01-0.611158425E-01
-0.561025031E-01-0.508936375E-01-0.454652104E-01-0.399652215E-01-0.343895046E-01
-0.287358065E-01-0.230064672E-01-0.172050245E-01-0.113352205E-01-0.540079267E-02
 0.594591671E-03 0.664738038E-02 0.127541745E-01 0.189117567E-01 0.251171116E-01
 0.313674376E-01 0.376601550E-01 0.439929091E-01 0.503635703E-01 0.567702288E-01
 0.632111846E-01 0.696849291E-01 0.761901158E-01 0.827255165E-01 0.892899589E-01
 0.958822382E-01 0.102500995E+00 0.109144549E+00 0.115810673E+00 0.122496294E+00
 0.129197080E+00 0.135906901E+00 0.142617092E+00 0.149315486E+00 0.155985132E+00
 0.162602664E+00 0.169136335E+00 0.175543872E+00 0.181770558E+00 0.187748645E+00
 0.193401729E+00 0.245230299E-01 0.242563097E-01 0.233321195E-01 0.217314979E-01
 0.195023477E-01 0.171521859E-01 0.147648301E-01 0.123373913E-01 0.987067071E-02
 0.736668691E-02 0.482779366E-02 0.225623621E-02-0.346017610E-03-0.297731102E-02
-0.563627616E-02-0.832179410E-02-0.110329527E-01-0.137690081E-01-0.165293521E-01
-0.193134836E-01-0.221209856E-01-0.249515050E-01-0.278047341E-01-0.306803940E-01
-0.335782164E-01-0.364979240E-01-0.394392089E-01-0.424017117E-01-0.453850150E-01
-0.483886642E-01-0.514121941E-01-0.544062567E-01-0.573690817E-01-0.602986681E-01
-0.631927623E-01-0.660488238E-01-0.688639933E-01-0.716350932E-01-0.743586446E-01
-0.770308855E-01-0.796477876E-01-0.822050723E-01-0.846982251E-01-0.871225110E-01
-0.894729911E-01-0.917445397E-01-0.939318640E-01-0.960295251E-01-0.980319604E-01
-0.999335076E-01-0.101728431E+00-0.103410947E+00-0.104975254E+00-0.106415559E+00
-0.107726108E+00-0.108901213E+00-0.109935285E+00-0.110822859E+00-0.111558624E+00
-0.112137449E+00-0.112554409E+00-0.112804808E+00-0.112884204E+00-0.112788420E+00
-0.112513572E+00-0.112056071E+00-0.111412644E+00-0.110580333E+00-0.109556503E+00
-0.108338842E+00-0.106925352E+00-0.105314347E+00-0.103504431E+00-0.101494487E+00
-0.992836492E-01-0.968712781E-01-0.942569296E-01-0.914403251E-01-0.884213227E-01
-0.851998951E-01-0.817761162E-01-0.781501509E-01-0.743222371E-01-0.702926690E-01
-0.660617292E-01-0.616298782E-01-0.569965665E-01-0.521666640E-01-0.471154060E-01
-0.419807935E-01-0.367434738E-01-0.314153319E-01-0.260029102E-01-0.205107036E-01
-0.149428866E-01-0.930363450E-02-0.359713743E-02 0.217242351E-02 0.800090062E-02
 0.138842018E-01 0.198183105E-01 0.257993022E-01 0.318233577E-01 0.378867713E-01
 0.439859565E-01 0.501174463E-01 0.562778890E-01 0.624640387E-01 0.686727380E-01
 0.749008906E-01 0.811454224E-01 0.874032261E-01 0.936710853E-01 0.999455732E-01
 0.106222918E+00 0.112498830E+00 0.118768273E+00 0.125025181E+00 0.131262096E+00
 0.137469715E+00 0.143636338E+00 0.149747217E+00 0.155783801E+00 0.161722948E+00
 0.167536190E+00 0.173189274E+00 0.178642288E+00 0.183850814E+00 0.188768409E+00
 0.247616670E-01 0.245050054E-01 0.236259598E-01 0.221004063E-01 0.200123521E-01
 0.177465386E-01 0.154237326E-01 0.130502373E-01 0.106330968E-01 0.817877765E-02
 0.569228273E-02 0.317732770E-02 0.636663435E-03-0.192765735E-02-0.451408657E-02
-0.712144385E-02-0.974881924E-02-0.123955028E-01-0.150609326E-01-0.177446550E-01
-0.204462946E-01-0.231655296E-01-0.259020717E-01-0.286556498E-01-0.314259956E-01
-0.342128318E-01-0.370158632E-01-0.398347737E-01-0.426692308E-01-0.455189003E-01
-0.483834675E-01-0.512626585E-01-0.541058773E-01-0.569115200E-01-0.596777808E-01
-0.624025475E-01-0.650832440E-01-0.677169048E-01-0.703002512E-01-0.728297355E-01
-0.753015641E-01-0.777117138E-01-0.800559439E-01-0.823298091E-01-0.845286740E-01
-0.866477285E-01-0.886820055E-01-0.906264003E-01-0.924756913E-01-0.942245630E-01
-0.958676293E-01-0.973994593E-01-0.988146029E-01-0.100107617E+00-0.101273093E+00
-0.102305683E+00-0.103200127E+00-0.103951277E+00-0.104554126E+00-0.105003830E+00
-0.105295730E+00-0.105425375E+00-0.105388539E+00-0.105181240E+00-0.104799751E+00
-0.104240613E+00-0.103500645E+00-0.102576947E+00-0.101466902E+00-0.100168178E+00
-0.986787209E-01-0.969967444E-01-0.951207162E-01-0.930493365E-01-0.907815105E-01
-0.883163141E-01-0.856529548E-01-0.827907316E-01-0.797289935E-01-0.764671122E-01
-0.730045159E-01-0.693407327E-01-0.654753619E-01-0.614082666E-01-0.571383987E-01
-0.526699909E-01-0.479784624E-01-0.431966538E-01-0.383044131E-01-0.333112430E-01
-0.282214669E-01-0.230407687E-01-0.177746338E-01-0.124281564E-01-0.700620159E-02
-0.151353071E-02 0.404513500E-02 0.966508717E-02 0.153416215E-01 0.210700382E-01
 0.268456470E-01 0.326637739E-01 0.385197669E-01 0.444090021E-01 0.503268855E-01
 0.562688539E-01 0.622303701E-01 0.682069133E-01 0.741939626E-01 0.801869712E-01
 0.861813289E-01 0.921723100E-01 0.981550033E-01 0.104124220E+00 0.110074375E+00
 0.115999340E+00 0.121892253E+00 0.127745300E+00 0.133549444E+00 0.139294117E+00
 0.144966877E+00 0.150553038E+00 0.156035319E+00 0.161393553E+00 0.166604530E+00
 0.171642090E+00 0.176477566E+00 0.181080665E+00 0.185420761E+00 0.250244358E-01
 0.247476266E-01 0.239196957E-01 0.225048793E-01 0.206008148E-01 0.184309384E-01
 0.161443541E-01 0.137947862E-01 0.114037051E-01 0.898181038E-02 0.653524826E-02
 0.406787232E-02 0.158223948E-02-0.919888285E-03-0.343726472E-02-0.596899135E-02
-0.851440979E-02-0.110730290E-01-0.136444738E-01-0.162284473E-01-0.188247022E-01
-0.214330184E-01-0.240531861E-01-0.266849920E-01-0.293282087E-01-0.319825882E-01
-0.346478593E-01-0.373237308E-01-0.400099025E-01-0.427060864E-01-0.454120420E-01
-0.481276287E-01-0.508528783E-01-0.535360867E-01-0.561762836E-01-0.587723552E-01
-0.613217591E-01-0.638214916E-01-0.662683429E-01-0.686589218E-01-0.709896474E-01
-0.732567413E-01-0.754562289E-01-0.775839460E-01-0.796355492E-01-0.816065294E-01
-0.834922274E-01-0.852878516E-01-0.869884972E-01-0.885891677E-01-0.900847978E-01
-0.914702769E-01-0.927404739E-01-0.938902617E-01-0.949145422E-01-0.958082703E-01
-0.965664786E-01-0.971843013E-01-0.976569971E-01-0.979799714E-01-0.981487969E-01
-0.981592320E-01-0.980072369E-01-0.976889874E-01-0.972008858E-01-0.965395703E-01
-0.957019215E-01-0.946850665E-01-0.934863809E-01-0.921034871E-01-0.905342517E-01
-0.887767774E-01-0.868293893E-01-0.846906119E-01-0.823591383E-01-0.798337828E-01
-0.771134184E-01-0.741969263E-01-0.710830901E-01-0.677703969E-01-0.642572996E-01
-0.605426041E-01-0.566243930E-01-0.525060413E-01-0.481630600E-01-0.437237488E-01
-0.391678945E-01-0.345039690E-01-0.297353568E-01-0.248667738E-01-0.199030019E-01
-0.148490554E-01-0.971003793E-02-0.449105843E-02 0.802778449E-03 0.616635423E-02
 0.115945161E-01 0.170820618E-01 0.226237305E-01 0.282141991E-01 0.338480823E-01
 0.395199351E-01 0.452242568E-01 0.509554953E-01 0.567080510E-01 0.624762796E-01
 0.682544920E-01 0.740369507E-01 0.798178609E-01 0.855913545E-01 0.913514648E-01
 0.970920894E-01 0.102806940E+00 0.108489474E+00 0.114132808E+00 0.119729613E+00
 0.125271981E+00 0.130751277E+00 0.136157963E+00 0.141481419E+00 0.146709753E+00
 0.151829626E+00 0.156826117E+00 0.161682661E+00 0.166381097E+00 0.170901867E+00
 0.175224398E+00 0.179327684E+00 0.183191022E+00 0.261672361E-01 0.262131663E-01
 0.254906811E-01 0.240039323E-01 0.216945507E-01 0.193112199E-01 0.169390835E-01
 0.145551880E-01 0.121583547E-01 0.974994095E-02 0.733138845E-02 0.490383475E-02
 0.246810720E-02 0.247833770E-04-0.242574725E-02-0.488323203E-02-0.734751415E-02
-0.981850004E-02-0.122961333E-01-0.147803733E-01-0.172711781E-01-0.197684902E-01
-0.222722251E-01-0.247822618E-01-0.272984364E-01-0.298205378E-01-0.323483059E-01
-0.348814343E-01-0.374195788E-01-0.399623746E-01-0.425094722E-01-0.450606113E-01
-0.476157841E-01-0.501756179E-01-0.526885686E-01-0.551590773E-01-0.575812010E-01
-0.599510133E-01-0.622653100E-01-0.645209183E-01-0.667145248E-01-0.688426259E-01
-0.709015251E-01-0.728873399E-01-0.747960118E-01-0.766233199E-01-0.783648953E-01
-0.800162381E-01-0.815727339E-01-0.830296751E-01-0.843822836E-01-0.856257344E-01
-0.867551804E-01-0.877657747E-01-0.886526932E-01-0.894111569E-01-0.900364530E-01
-0.905239574E-01-0.908691563E-01-0.910676669E-01-0.911152567E-01-0.910078595E-01
-0.907415889E-01-0.903127477E-01-0.897178353E-01-0.889535541E-01-0.880168148E-01
-0.869047389E-01-0.856146580E-01-0.841441131E-01-0.824908588E-01-0.806528661E-01
-0.786283144E-01-0.764155689E-01-0.740131715E-01-0.714197761E-01-0.686339709E-01
-0.656544462E-01-0.624799680E-01-0.591070335E-01-0.555315778E-01-0.517552971E-01
-0.477532955E-01-0.436494550E-01-0.394235002E-01-0.350830823E-01-0.306309464E-01
-0.260711381E-01-0.214077900E-01-0.166453279E-01-0.117884026E-01-0.684186704E-02
-0.181073944E-02 0.329982583E-02 0.848455089E-02 0.137380349E-01 0.190547491E-01
 0.244290300E-01 0.298550744E-01 0.353269367E-01 0.408385280E-01 0.463836189E-01
 0.519558445E-01 0.575487107E-01 0.631556027E-01 0.687697941E-01 0.743844557E-01
 0.799926636E-01 0.855874037E-01 0.911615735E-01 0.967079765E-01 0.102219309E+00
 0.107688139E+00 0.113106870E+00 0.118467695E+00 0.123762534E+00 0.128982962E+00
 0.134120123E+00 0.139164631E+00 0.144106481E+00 0.148934956E+00 0.153638561E+00
 0.158204986E+00 0.162621131E+00 0.166873195E+00 0.170946857E+00 0.174827552E+00
 0.178500836E+00 0.181952835E+00 0.268487739E-01 0.270292398E-01 0.263816813E-01
 0.248704740E-01 0.225871390E-01 0.201099423E-01 0.176642229E-01 0.152421421E-01
 0.128342180E-01 0.104350927E-01 0.804173974E-02 0.565234894E-02 0.326574206E-02
 0.881077284E-03-0.150229919E-02-0.388492676E-02-0.626726547E-02-0.864971107E-02
-0.110325995E-01-0.134162063E-01-0.158007429E-01-0.181863526E-01-0.205731058E-01
-0.229609957E-01-0.253499345E-01-0.277397499E-01-0.301301814E-01-0.325208764E-01
-0.349113822E-01-0.373011311E-01-0.396894043E-01-0.420752484E-01-0.444572772E-01
-0.468331923E-01-0.491986114E-01-0.515594030E-01-0.538621531E-01-0.561066789E-01
-0.582922753E-01-0.604166270E-01-0.624768960E-01-0.644698928E-01-0.663922060E-01
-0.682402340E-01-0.700101920E-01-0.716981319E-01-0.732999591E-01-0.748114432E-01
-0.762282310E-01-0.775458658E-01-0.787598156E-01-0.798655015E-01-0.808583222E-01
-0.817336756E-01-0.824869761E-01-0.831136728E-01-0.836092676E-01-0.839693355E-01
-0.841895461E-01-0.842656862E-01-0.841936802E-01-0.839696059E-01-0.835897035E-01
-0.830503765E-01-0.823481909E-01-0.814798791E-01-0.804423478E-01-0.792326805E-01
-0.778481235E-01-0.762860683E-01-0.745440806E-01-0.726199561E-01-0.705117190E-01
-0.682175135E-01-0.657358479E-01-0.630657224E-01-0.602047119E-01-0.571512660E-01
-0.539122523E-01-0.504759267E-01-0.468131785E-01-0.430427811E-01-0.391442996E-01
-0.351247843E-01-0.309865965E-01-0.267333483E-01-0.223687078E-01-0.178966069E-01
-0.133211980E-01-0.864686114E-02-0.387820028E-02 0.979961350E-03 0.592258749E-02
 0.109444332E-01 0.160400454E-01 0.212037592E-01 0.264296924E-01 0.317117388E-01
 0.370435630E-01 0.424185967E-01 0.478300387E-01 0.532708575E-01 0.587337987E-01
 0.642113960E-01 0.696959862E-01 0.751797278E-01 0.806546227E-01 0.861125403E-01
 0.915452424E-01 0.969444074E-01 0.102301652E+00 0.107608551E+00 0.112856646E+00
 0.118037452E+00 0.123142450E+00 0.128163075E+00 0.133090688E+00 0.137916544E+00
 0.142631756E+00 0.147227252E+00 0.151693744E+00 0.156021707E+00 0.160201387E+00
 0.164222828E+00 0.168075959E+00 0.171750712E+00 0.175237202E+00 0.178525946E+00
 0.181608122E+00 0.272997291E-01 0.275795292E-01 0.269865553E-01 0.254932529E-01
 0.231550609E-01 0.206518361E-01 0.181903289E-01 0.157627664E-01 0.133623528E-01
 0.109838113E-01 0.862317823E-02 0.627747303E-02 0.394440697E-02 0.162217077E-02
-0.690706839E-03-0.299544901E-02-0.529308603E-02-0.758448846E-02-0.987038656E-02
-0.121513811E-01-0.144279494E-01-0.167004478E-01-0.189691130E-01-0.212340619E-01
-0.234952911E-01-0.257526749E-01-0.280059638E-01-0.302547807E-01-0.324986156E-01
-0.347368183E-01-0.369685892E-01-0.391929737E-01-0.414088792E-01-0.436151811E-01
-0.458111050E-01-0.479974400E-01-0.501758051E-01-0.522913088E-01-0.543495947E-01
-0.563453461E-01-0.582756122E-01-0.601370838E-01-0.619265485E-01-0.636406939E-01
-0.652759690E-01-0.668286729E-01-0.682949808E-01-0.696709243E-01-0.709523758E-01
-0.721350694E-01-0.732146560E-01-0.741867515E-01-0.750469642E-01-0.757909077E-01
-0.764142072E-01-0.769125067E-01-0.772814800E-01-0.775168497E-01-0.776144120E-01
-0.775700678E-01-0.773798543E-01-0.770399686E-01-0.765467719E-01-0.758967655E-01
-0.750865525E-01-0.741128428E-01-0.729724996E-01-0.716625755E-01-0.701802444E-01
-0.685225833E-01-0.666867041E-01-0.646701520E-01-0.624710898E-01-0.600864759E-01
-0.575142277E-01-0.547603435E-01-0.518130909E-01-0.486439163E-01-0.453632879E-01
-0.419461704E-01-0.383844027E-01-0.346900490E-01-0.308677288E-01-0.269219436E-01
-0.228565971E-01-0.186755122E-01-0.143825430E-01-0.998166622E-02-0.547702973E-02
-0.872984471E-03 0.382589356E-02 0.861478704E-02 0.134886241E-01 0.184420661E-01
 0.234694952E-01 0.285650015E-01 0.337223704E-01 0.389350709E-01 0.441962451E-01
 0.494987020E-01 0.548349147E-01 0.601970229E-01 0.655768419E-01 0.709658778E-01
 0.763553508E-01 0.817362252E-01 0.870992474E-01 0.924349904E-01 0.977339036E-01
 0.102986367E+00 0.108182747E+00 0.113313452E+00 0.118368986E+00 0.123339994E+00
 0.128217303E+00 0.132991950E+00 0.137655205E+00 0.142198580E+00 0.146613826E+00
 0.150892935E+00 0.155028127E+00 0.159011851E+00 0.162836784E+00 0.166495855E+00
 0.169982278E+00 0.173289620E+00 0.176411883E+00 0.179343616E+00 0.182080045E+00
 0.274832692E-01 0.278408636E-01 0.272923834E-01 0.258299895E-01 0.234109281E-01
 0.209169458E-01 0.184734017E-01 0.160678651E-01 0.136961232E-01 0.113542906E-01
 0.903888480E-02 0.674686094E-02 0.447558162E-02 0.222276510E-02-0.135656256E-04
-0.223512475E-02-0.444339513E-02-0.663965101E-02-0.882497407E-02-0.110002648E-01
-0.131662504E-01-0.153234910E-01-0.174723835E-01-0.196131655E-01-0.217459164E-01
-0.238705600E-01-0.259868639E-01-0.280944394E-01-0.301927401E-01-0.322810603E-01
-0.343585341E-01-0.364241375E-01-0.384766980E-01-0.405149117E-01-0.425373517E-01
-0.445423694E-01-0.465274999E-01-0.484882538E-01-0.504318471E-01-0.523026159E-01
-0.541072188E-01-0.558406376E-01-0.575005908E-01-0.590845743E-01-0.605889829E-01
-0.620103007E-01-0.633450735E-01-0.645896785E-01-0.657401717E-01-0.667923111E-01
-0.677417930E-01-0.685843613E-01-0.693158195E-01-0.699320033E-01-0.704287511E-01
-0.708018842E-01-0.710472050E-01-0.711605111E-01-0.711376304E-01-0.709744758E-01
-0.706671180E-01-0.702118583E-01-0.696052566E-01-0.688440309E-01-0.679247814E-01
-0.668439992E-01-0.655983382E-01-0.641850140E-01-0.626018418E-01-0.608450445E-01
-0.589097964E-01-0.567926614E-01-0.544982900E-01-0.520146728E-01-0.493138965E-01
-0.465001677E-01-0.435486274E-01-0.404501007E-01-0.372140419E-01-0.338421516E-01
-0.303358098E-01-0.266985681E-01-0.229340449E-01-0.190458784E-01-0.150376749E-01
-0.109130660E-01-0.667576757E-02-0.232963108E-02 0.212131243E-02 0.667281642E-02
 0.113203879E-01 0.160592596E-01 0.208843646E-01 0.257903114E-01 0.307713599E-01
 0.358213973E-01 0.409339157E-01 0.461019907E-01 0.513182631E-01 0.565749250E-01
 0.618637114E-01 0.671758991E-01 0.725023145E-01 0.778333523E-01 0.831590053E-01
 0.884689073E-01 0.937523893E-01 0.989985483E-01 0.104196329E+00 0.109334612E+00
 0.114402318E+00 0.119388505E+00 0.124282471E+00 0.129073858E+00 0.133752734E+00
 0.138309680E+00 0.142735846E+00 0.147023007E+00 0.151163585E+00 0.155150673E+00
 0.158978027E+00 0.162640066E+00 0.166131849E+00 0.169449061E+00 0.172587998E+00
 0.175545557E+00 0.178319242E+00 0.180907175E+00 0.183308124E+00 0.271612207E-01
 0.275196718E-01 0.270070932E-01 0.255836311E-01 0.233476286E-01 0.209046803E-01
 0.184981748E-01 0.161333011E-01 0.138074480E-01 0.115176678E-01 0.926096408E-02
 0.703442428E-02 0.483529895E-02 0.266104513E-02 0.509347347E-03-0.162187438E-02
-0.373446390E-02-0.583003218E-02-0.790996264E-02-0.997541745E-02-0.120273442E-01
-0.140664825E-01-0.160933703E-01-0.181083495E-01-0.201115708E-01-0.221029981E-01
-0.240824113E-01-0.260494081E-01-0.280034054E-01-0.299436386E-01-0.318691611E-01
-0.337788420E-01-0.356713619E-01-0.375452043E-01-0.393986342E-01-0.412296539E-01
-0.430359470E-01-0.448149505E-01-0.465644468E-01-0.482801286E-01-0.499699442E-01
-0.515759658E-01-0.531074010E-01-0.545656769E-01-0.559429275E-01-0.572359536E-01
-0.584425141E-01-0.595598972E-01-0.605842773E-01-0.615106235E-01-0.623343162E-01
-0.630512146E-01-0.636574383E-01-0.641491751E-01-0.645225626E-01-0.647736261E-01
-0.648982553E-01-0.648922105E-01-0.647511622E-01-0.644707815E-01-0.640469133E-01
-0.634758591E-01-0.627547214E-01-0.618813863E-01-0.608523851E-01-0.596629862E-01
-0.583081829E-01-0.567851766E-01-0.551001107E-01-0.532463168E-01-0.512083078E-01
-0.489579673E-01-0.465939031E-01-0.440919065E-01-0.414426739E-01-0.386544922E-01
-0.357280914E-01-0.326636801E-01-0.294633161E-01-0.261289938E-01-0.226628259E-01
-0.190673345E-01-0.153453006E-01-0.114996834E-01-0.753358120E-02-0.345022997E-02
 0.746978844E-03 0.505447101E-02 0.946845828E-02 0.139849055E-01 0.185994974E-01
 0.233076043E-01 0.281042475E-01 0.329840646E-01 0.379412726E-01 0.429696325E-01
 0.480624130E-01 0.532123565E-01 0.584116476E-01 0.636518863E-01 0.689240684E-01
 0.742185752E-01 0.795251753E-01 0.848330405E-01 0.901307805E-01 0.954064965E-01
 0.100647856E+00 0.105842190E+00 0.110976613E+00 0.116038160E+00 0.121013937E+00
 0.125891292E+00 0.130657974E+00 0.135302305E+00 0.139813329E+00 0.144180951E+00
 0.148396049E+00 0.152450565E+00 0.156337558E+00 0.160051236E+00 0.163586946E+00
 0.166941152E+00 0.170111377E+00 0.173096134E+00 0.175894841E+00 0.178507734E+00
 0.180935777E+00 0.183180581E+00 0.185244335E+00 0.267111911E-01 0.271101726E-01
 0.266313322E-01 0.252430148E-01 0.230142745E-01 0.206100044E-01 0.182524942E-01
 0.159420032E-01 0.136762766E-01 0.114526127E-01 0.926807141E-02 0.711963238E-02
 0.500431712E-02 0.291927761E-02 0.861857027E-03-0.117037154E-02-0.317958294E-02
-0.516768964E-02-0.713633961E-02-0.908691962E-02-0.110205616E-01-0.129381511E-01
-0.148403360E-01-0.167275352E-01-0.185999470E-01-0.204575561E-01-0.223001393E-01
-0.241272700E-01-0.259383212E-01-0.277324662E-01-0.295086780E-01-0.312657261E-01
-0.330021703E-01-0.347163500E-01-0.364063685E-01-0.380700713E-01-0.397050244E-01
-0.413084988E-01-0.428774408E-01-0.444082498E-01-0.458969404E-01-0.473357209E-01
-0.487261841E-01-0.500787868E-01-0.513318829E-01-0.524958496E-01-0.535747577E-01
-0.545690850E-01-0.554754331E-01-0.562822676E-01-0.569844477E-01-0.575787557E-01
-0.580623303E-01-0.584321497E-01-0.586848806E-01-0.588168412E-01-0.588239895E-01
-0.587019074E-01-0.584457837E-01-0.580504314E-01-0.575104608E-01-0.568209553E-01
-0.559796179E-01-0.549930403E-01-0.538572834E-01-0.525628234E-01-0.510941655E-01
-0.494247222E-01-0.476459330E-01-0.457337106E-01-0.436750154E-01-0.414653754E-01
-0.391145566E-01-0.366239131E-01-0.339936641E-01-0.312254092E-01-0.283204316E-01
-0.252799386E-01-0.221053927E-01-0.187984337E-01-0.153608820E-01-0.117947696E-01
-0.810232986E-02-0.428598245E-02-0.348324789E-03 0.370786490E-02 0.787961408E-02
 0.121637342E-01 0.165567929E-01 0.210550813E-01 0.256545780E-01 0.303509085E-01
 0.351393027E-01 0.400145485E-01 0.449709430E-01 0.500022412E-01 0.551016039E-01
 0.602615449E-01 0.654738803E-01 0.707296816E-01 0.760192362E-01 0.813320178E-01
 0.866566726E-01 0.919810240E-01 0.972921029E-01 0.102576206E+00 0.107818988E+00
 0.113005590E+00 0.118120802E+00 0.123149265E+00 0.128075694E+00 0.132885129E+00
 0.137563195E+00 0.142096353E+00 0.146472151E+00 0.150679428E+00 0.154708504E+00
 0.158551308E+00 0.162201464E+00 0.165654332E+00 0.168906985E+00 0.171958147E+00
 0.174808087E+00 0.177458465E+00 0.179912166E+00 0.182173096E+00 0.184245990E+00
 0.186136213E+00 0.187849582E+00 0.260563474E-01 0.265111017E-01 0.260598105E-01
 0.247049383E-01 0.223820674E-01 0.200182034E-01 0.177199700E-01 0.154762371E-01
 0.132842551E-01 0.111408719E-01 0.904264578E-02 0.698603148E-02 0.496752929E-02
 0.298379627E-02 0.103172293E-02-0.891518363E-03-0.278844687E-02-0.466126298E-02
-0.651184861E-02-0.834177473E-02-0.101523129E-01-0.119444487E-01-0.137188961E-01
-0.154761107E-01-0.172163024E-01-0.189394462E-01-0.206452913E-01-0.223333681E-01
-0.240029937E-01-0.256532746E-01-0.272831075E-01-0.288911772E-01-0.304759524E-01
-0.320356776E-01-0.335683620E-01-0.350717653E-01-0.365433795E-01-0.379804077E-01
-0.393797330E-01-0.407378742E-01-0.420509668E-01-0.433147147E-01-0.445252519E-01
-0.456776594E-01-0.467614665E-01-0.477735251E-01-0.487144698E-01-0.495888720E-01
-0.504086812E-01-0.511043587E-01-0.516862317E-01-0.521576106E-01-0.525185004E-01
-0.527672095E-01-0.529010619E-01-0.529167046E-01-0.528102081E-01-0.525770224E-01
-0.522117723E-01-0.517077771E-01-0.510560013E-01-0.502427219E-01-0.492441630E-01
-0.481443768E-01-0.469211594E-01-0.455613408E-01-0.440567751E-01-0.424048249E-01
-0.406147439E-01-0.386869278E-01-0.366198414E-01-0.344128720E-01-0.320672718E-01
-0.295840445E-01-0.269640211E-01-0.242081402E-01-0.213173777E-01-0.182927681E-01
-0.151354579E-01-0.118467245E-01-0.842798993E-02-0.488083401E-02-0.120700058E-02
 0.259159759E-02 0.651287213E-02 0.105545476E-01 0.147141442E-01 0.189889539E-01
 0.233760116E-01 0.278720590E-01 0.324735044E-01 0.371763755E-01 0.419762675E-01
 0.468682848E-01 0.518469777E-01 0.569062731E-01 0.620394014E-01 0.672388195E-01
 0.724961322E-01 0.778020153E-01 0.831461425E-01 0.885171233E-01 0.939024558E-01
 0.992885033E-01 0.104660503E+00 0.110002614E+00 0.115298019E+00 0.120529079E+00
 0.125677552E+00 0.130724869E+00 0.135652467E+00 0.140442163E+00 0.145076544E+00
 0.149539369E+00 0.153815934E+00 0.157893406E+00 0.161761090E+00 0.165410632E+00
 0.168836135E+00 0.172034204E+00 0.175003908E+00 0.177746659E+00 0.180266028E+00
 0.182567487E+00 0.184658104E+00 0.186546204E+00 0.188241006E+00 0.189752283E+00
 0.191090038E+00 0.248210779E-01 0.252434298E-01 0.248160552E-01 0.235010416E-01
 0.213923063E-01 0.191046380E-01 0.168776476E-01 0.147147069E-01 0.126120039E-01
 0.105651399E-01 0.856950296E-02 0.662050551E-02 0.471375588E-02 0.284517292E-02
 0.101105361E-02-0.791894164E-03-0.256654321E-02-0.431535458E-02-0.604039457E-02
-0.774335679E-02-0.942558607E-02-0.110881023E-01-0.127316229E-01-0.143565831E-01
-0.159631542E-01-0.175512586E-01-0.191205826E-01-0.206705869E-01-0.222005138E-01
-0.237093925E-01-0.251960422E-01-0.266590721E-01-0.280968799E-01-0.295076472E-01
-0.308893333E-01-0.322396665E-01-0.335561340E-01-0.348359701E-01-0.360761440E-01
-0.372733494E-01-0.384240026E-01-0.395242532E-01-0.405700237E-01-0.415568517E-01
-0.424798618E-01-0.433351080E-01-0.441193700E-01-0.448292960E-01-0.454594336E-01
-0.459971473E-01-0.464367353E-01-0.467747421E-01-0.470082719E-01-0.471344055E-01
-0.471500122E-01-0.470516925E-01-0.468357598E-01-0.464982286E-01-0.460348132E-01
-0.454409799E-01-0.447121809E-01-0.438446406E-01-0.428377018E-01-0.417004663E-01
-0.404330910E-01-0.390331728E-01-0.374983484E-01-0.358275556E-01-0.340214168E-01
-0.320801188E-01-0.300035075E-01-0.277915248E-01-0.254444180E-01-0.229625651E-01
-0.203464148E-01-0.175964910E-01-0.147133895E-01-0.116977836E-01-0.855043777E-02
-0.527221974E-02-0.186411143E-02 0.167278076E-02 0.533721625E-02 0.912781003E-02
 0.130430203E-01 0.170811326E-01 0.212402392E-01 0.255182132E-01 0.299126762E-01
 0.344209605E-01 0.390400624E-01 0.437665901E-01 0.485967013E-01 0.535260336E-01
 0.585496245E-01 0.636618232E-01 0.688561909E-01 0.741253944E-01 0.794610899E-01
 0.848538030E-01 0.902928062E-01 0.957660012E-01 0.101259813E+00 0.106759108E+00
 0.112247147E+00 0.117705594E+00 0.123114599E+00 0.128452960E+00 0.133698404E+00
 0.138827964E+00 0.143818462E+00 0.148647078E+00 0.153291962E+00 0.157732850E+00
 0.161951641E+00 0.165932901E+00 0.169664259E+00 0.173136691E+00 0.176344684E+00
 0.179286280E+00 0.181963007E+00 0.184379694E+00 0.186544169E+00 0.188466854E+00
 0.190160268E+00 0.191638458E+00 0.192916405E+00 0.194009440E+00 0.194932728E+00
 0.233829473E-01 0.238110717E-01 0.234022112E-01 0.221235158E-01 0.200526957E-01
 0.178344702E-01 0.156948319E-01 0.136316855E-01 0.116386556E-01 0.970901628E-02
 0.783615895E-02 0.601387611E-02 0.423652158E-02 0.249908153E-02 0.797186927E-03
-0.872908754E-03-0.251437006E-02-0.412982768E-02-0.572142775E-02-0.729087885E-02
-0.883949486E-02-0.103682330E-01-0.118777266E-01-0.133683138E-01-0.148400606E-01
-0.162927811E-01-0.177260532E-01-0.191392314E-01-0.205314565E-01-0.219016631E-01
-0.232485837E-01-0.245707516E-01-0.258665014E-01-0.271339682E-01-0.283710843E-01
-0.295755763E-01-0.307449605E-01-0.318765390E-01-0.329673965E-01-0.340144003E-01
-0.350142038E-01-0.359632564E-01-0.368578187E-01-0.376939767E-01-0.384677040E-01
-0.391750089E-01-0.398118639E-01-0.403739393E-01-0.408562424E-01-0.412530232E-01
-0.415593122E-01-0.417709073E-01-0.418840875E-01-0.418953722E-01-0.418013693E-01
-0.415986930E-01-0.412839331E-01-0.408536641E-01-0.403045020E-01-0.396332261E-01
-0.388370039E-01-0.379137511E-01-0.368625829E-01-0.356839289E-01-0.343775199E-01
-0.329424725E-01-0.313777565E-01-0.296825646E-01-0.278564176E-01-0.258989457E-01
-0.238098247E-01-0.215888110E-01-0.192357729E-01-0.167506771E-01-0.141335726E-01
-0.113845836E-01-0.850390475E-02-0.549180233E-02-0.234861712E-02 0.925229996E-03
 0.432923172E-02 0.786278693E-02 0.115251921E-01 0.153156311E-01 0.192331617E-01
 0.232766998E-01 0.274449976E-01 0.317366178E-01 0.361499002E-01 0.406829224E-01
 0.453334505E-01 0.500988818E-01 0.549761761E-01 0.599617746E-01 0.650515061E-01
 0.702404774E-01 0.755229481E-01 0.808921881E-01 0.863403174E-01 0.918581295E-01
 0.974348998E-01 0.103058185E+00 0.108713619E+00 0.114384727E+00 0.120052762E+00
 0.125696608E+00 0.131292773E+00 0.136815521E+00 0.142237174E+00 0.147528618E+00
 0.152660019E+00 0.157601709E+00 0.162325183E+00 0.166804103E+00 0.171015218E+00
 0.174939126E+00 0.178560842E+00 0.181870168E+00 0.184861887E+00 0.187535803E+00
 0.189896629E+00 0.191953734E+00 0.193720713E+00 0.195214783E+00 0.196456002E+00
 0.197466334E+00 0.198268646E+00 0.198885723E+00 0.199339417E+00 0.216509093E-01
 0.221131623E-01 0.217086301E-01 0.204655232E-01 0.182965497E-01 0.161586162E-01
 0.141324583E-01 0.121978560E-01 0.103436542E-01 0.855929898E-02 0.683525905E-02
 0.516323160E-02 0.353615294E-02 0.194810904E-02 0.394206980E-03-0.112955954E-02
-0.262643496E-02-0.409901107E-02-0.554931944E-02-0.697890845E-02-0.838890664E-02
-0.978007463E-02-0.111528474E-01-0.125073684E-01-0.138435179E-01-0.151609344E-01
-0.164590332E-01-0.177370196E-01-0.189939003E-01-0.202284906E-01-0.214394211E-01
-0.226251403E-01-0.237839178E-01-0.249138447E-01-0.260128335E-01-0.270786178E-01
-0.281087519E-01-0.291006103E-01-0.300513894E-01-0.309581102E-01-0.318176244E-01
-0.326266233E-01-0.333816507E-01-0.340791189E-01-0.347153313E-01-0.352865014E-01
-0.357887367E-01-0.362179938E-01-0.365700552E-01-0.368406094E-01-0.370254958E-01
-0.371207997E-01-0.371228410E-01-0.370281237E-01-0.368332863E-01-0.365350689E-01
-0.361303030E-01-0.356159270E-01-0.349890280E-01-0.342469125E-01-0.333872026E-01
-0.324079378E-01-0.313076307E-01-0.300851809E-01-0.287395730E-01-0.272697774E-01
-0.256747862E-01-0.239536811E-01-0.221056624E-01-0.201300304E-01-0.180261680E-01
-0.157935366E-01-0.134316760E-01-0.109401985E-01-0.831878278E-02-0.556716740E-02
-0.268514663E-02 0.327432173E-03 0.347066934E-02 0.674461205E-02 0.101492521E-01
 0.136845224E-01 0.173502909E-01 0.211463538E-01 0.250724246E-01 0.291281204E-01
 0.333129431E-01 0.376262564E-01 0.420672546E-01 0.466349254E-01 0.513280018E-01
 0.561449044E-01 0.610836699E-01 0.661418646E-01 0.713164807E-01 0.766038110E-01
 0.819993000E-01 0.874973682E-01 0.930912052E-01 0.987725289E-01 0.104531310E+00
 0.110355459E+00 0.116230483E+00 0.122139121E+00 0.128060973E+00 0.133972174E+00
 0.139845150E+00 0.145648556E+00 0.151347497E+00 0.156904126E+00 0.162278707E+00
 0.167431086E+00 0.172322448E+00 0.176917082E+00 0.181183921E+00 0.185097681E+00
 0.188639574E+00 0.191797674E+00 0.194567048E+00 0.196949732E+00 0.198954612E+00
 0.200597156E+00 0.201898939E+00 0.202886857E+00 0.203591941E+00 0.204047795E+00
 0.204288797E+00 0.204348315E+00 0.204257217E+00 0.191136991E-01 0.194750920E-01
 0.190788890E-01 0.178931367E-01 0.159997545E-01 0.140111926E-01 0.121447694E-01
 0.103848778E-01 0.871258753E-02 0.711190525E-02 0.556991410E-02 0.407639544E-02
 0.262333976E-02 0.120449502E-02-0.185004737E-03-0.154893004E-02-0.289017858E-02
-0.421094456E-02-0.551284741E-02-0.679703015E-02-0.806423486E-02-0.931486096E-02
-0.105490104E-01-0.117665229E-01-0.129670034E-01-0.141498435E-01-0.153142382E-01
-0.164591987E-01-0.175835619E-01-0.186859980E-01-0.197650157E-01-0.208189661E-01
-0.218460446E-01-0.228442935E-01-0.238116023E-01-0.247457087E-01-0.256442002E-01
-0.265045154E-01-0.273239468E-01-0.280996447E-01-0.288286231E-01-0.295077676E-01
-0.301338447E-01-0.307035129E-01-0.312133351E-01-0.316597882E-01-0.320392696E-01
-0.323481039E-01-0.325825620E-01-0.327389063E-01-0.328134567E-01-0.328026367E-01
-0.327029932E-01-0.325111976E-01-0.322240401E-01-0.318384263E-01-0.313513807E-01
-0.307600603E-01-0.300617790E-01-0.292540396E-01-0.283345688E-01-0.273013439E-01
-0.261525941E-01-0.248867640E-01-0.235024457E-01-0.219983325E-01-0.203732038E-01
-0.186259253E-01-0.167554489E-01-0.147608070E-01-0.126411044E-01-0.103955122E-01
-0.802326101E-02-0.552363447E-02-0.289596272E-02-0.139615572E-03 0.274600340E-02
 0.576146207E-02 0.890730390E-02 0.121840511E-01 0.155922068E-01 0.191322557E-01
 0.228046630E-01 0.266098723E-01 0.305482997E-01 0.346203259E-01 0.388262837E-01
 0.431664405E-01 0.476409750E-01 0.522499460E-01 0.569932522E-01 0.618705799E-01
 0.668813372E-01 0.720245707E-01 0.772988619E-01 0.827021968E-01 0.882318063E-01
 0.938839678E-01 0.996537630E-01 0.105534782E+00 0.111518761E+00 0.117595155E+00
 0.123750614E+00 0.129968381E+00 0.136227594E+00 0.142502526E+00 0.148761818E+00
 0.154967831E+00 0.161076357E+00 0.167037012E+00 0.172794685E+00 0.178292189E+00
 0.183473799E+00 0.188288852E+00 0.192694524E+00 0.196657383E+00 0.200153859E+00
 0.203170119E+00 0.205701762E+00 0.207753608E+00 0.209339655E+00 0.210483125E+00
 0.211216356E+00 0.211580189E+00 0.211622420E+00 0.211395074E+00 0.210950763E+00
 0.210338934E+00 0.209602991E+00 0.160691748E-01 0.163252009E-01 0.159141802E-01
 0.148114367E-01 0.130816815E-01 0.113124839E-01 0.969058324E-02 0.818003297E-02
 0.675124295E-02 0.538357567E-02 0.406268253E-02 0.277846473E-02 0.152371586E-02
 0.293239684E-03-0.916727150E-03-0.210889942E-02-0.328520445E-02-0.444696314E-02
-0.559501788E-02-0.672982459E-02-0.785151984E-02-0.895997054E-02-0.100548110E-01
-0.111354710E-01-0.122011965E-01-0.132510660E-01-0.142840025E-01-0.152987820E-01
-0.162940409E-01-0.172682800E-01-0.182198685E-01-0.191470460E-01-0.200479243E-01
-0.209204884E-01-0.217625975E-01-0.225719860E-01-0.233462650E-01-0.240829240E-01
-0.247793342E-01-0.254327517E-01-0.260403232E-01-0.265990923E-01-0.271060070E-01
-0.275579286E-01-0.279516419E-01-0.282838653E-01-0.285512623E-01-0.287504561E-01
-0.288780483E-01-0.289306448E-01-0.289048852E-01-0.287974675E-01-0.286051671E-01
-0.283248476E-01-0.279534688E-01-0.274880933E-01-0.269258948E-01-0.262641693E-01
-0.255003483E-01-0.246320138E-01-0.236569113E-01-0.225729566E-01-0.213782328E-01
-0.200709753E-01-0.186495496E-01-0.171124296E-01-0.154581830E-01-0.136854610E-01
-0.117929899E-01-0.977956340E-02-0.764403410E-02-0.538530537E-02-0.300232312E-02
-0.494067400E-03 0.214045608E-02 0.490222449E-02 0.779220623E-02 0.108113692E-01
 0.139606884E-01 0.172411537E-01 0.206537764E-01 0.241995953E-01 0.278796822E-01
 0.316951456E-01 0.356471328E-01 0.397368302E-01 0.439654604E-01 0.483342749E-01
 0.528445427E-01 0.574975322E-01 0.622944845E-01 0.672365766E-01 0.723248715E-01
 0.775602508E-01 0.829433265E-01 0.884743247E-01 0.941529360E-01 0.999781219E-01
 0.105947866E+00 0.112058856E+00 0.118306079E+00 0.124682300E+00 0.131177406E+00
 0.137777555E+00 0.144464104E+00 0.151212243E+00 0.157989295E+00 0.164752713E+00
 0.171448004E+00 0.178007337E+00 0.184350351E+00 0.190389025E+00 0.196036648E+00
 0.201217317E+00 0.205871546E+00 0.209957021E+00 0.213446690E+00 0.216326419E+00
 0.218593364E+00 0.220255336E+00 0.221331160E+00 0.221851831E+00 0.221862166E+00
 0.221422140E+00 0.220606332E+00 0.219499403E+00 0.218187033E+00 0.216745635E+00
 0.215235849E+00 0.122614913E-01 0.123050788E-01 0.118320896E-01 0.109072805E-01
 0.936520984E-02 0.800392756E-02 0.677920640E-02 0.562433180E-02 0.451258055E-02
 0.342949568E-02 0.236652321E-02 0.131834683E-02 0.281582168E-03-0.745924411E-03
-0.176549896E-02-0.277788469E-02-0.378339709E-02-0.478202591E-02-0.577350400E-02
-0.675735501E-02-0.773292693E-02-0.869941592E-02-0.965588350E-02-0.106012687E-01
-0.115343970E-01-0.124539862E-01-0.133586507E-01-0.142469041E-01-0.151171608E-01
-0.159677368E-01-0.167968498E-01-0.176026190E-01-0.183830652E-01-0.191361096E-01
-0.198595747E-01-0.205511836E-01-0.212085616E-01-0.218292368E-01-0.224106428E-01
-0.229501216E-01-0.234449279E-01-0.238922344E-01-0.242891381E-01-0.246326676E-01
-0.249197919E-01-0.251474301E-01-0.253124623E-01-0.254117426E-01-0.254421139E-01
-0.254004250E-01-0.252835480E-01-0.250883954E-01-0.248119339E-01-0.244511966E-01
-0.240032932E-01-0.234654182E-01-0.228348605E-01-0.221090110E-01-0.212853717E-01
-0.203615633E-01-0.193353302E-01-0.182045433E-01-0.169671968E-01-0.156214014E-01
-0.141653737E-01-0.125974247E-01-0.109159487E-01-0.911941314E-02-0.720634931E-02
-0.517534279E-02-0.302502421E-02-0.754059568E-03 0.163885953E-02 0.415502611E-02
 0.679572837E-02 0.956226058E-02 0.124559343E-01 0.154780898E-01 0.186301081E-01
 0.219134227E-01 0.253295319E-01 0.288800111E-01 0.325665250E-01 0.363908396E-01
 0.403548338E-01 0.444605102E-01 0.487100047E-01 0.531055936E-01 0.576496989E-01
 0.623448887E-01 0.671938726E-01 0.721994898E-01 0.773646869E-01 0.826924822E-01
 0.881859120E-01 0.938479532E-01 0.996814142E-01 0.105688784E+00 0.111872029E+00
 0.118232312E+00 0.124769624E+00 0.131482286E+00 0.138366277E+00 0.145414329E+00
 0.152614675E+00 0.159949293E+00 0.167391349E+00 0.174901362E+00 0.182421329E+00
 0.189866086E+00 0.197113770E+00 0.204007714E+00 0.210388379E+00 0.216134524E+00
 0.221172065E+00 0.225460271E+00 0.228978442E+00 0.231718385E+00 0.233681126E+00
 0.234876238E+00 0.235323084E+00 0.235053947E+00 0.234119568E+00 0.232597816E+00
 0.230604246E+00 0.228293526E+00 0.225830287E+00 0.223342767E+00 0.220907514E+00
 0.713601415E-02 0.653676291E-02 0.596740043E-02 0.542121990E-02 0.487786893E-02
 0.426777173E-02 0.359157954E-02 0.287293378E-02 0.212515030E-02 0.135571971E-02
 0.569428299E-03-0.230312532E-03-0.104085230E-02-0.185998803E-02-0.268579081E-02
-0.351650327E-02-0.435047566E-02-0.518612408E-02-0.602190184E-02-0.685627912E-02
-0.768772781E-02-0.851470971E-02-0.933566705E-02-0.101490146E-01-0.109531326E-01
-0.117463610E-01-0.125269939E-01-0.132932742E-01-0.140433896E-01-0.147754682E-01
-0.154875747E-01-0.161777069E-01-0.168437932E-01-0.174836902E-01-0.180951804E-01
-0.186759716E-01-0.192236962E-01-0.197359115E-01-0.202101011E-01-0.206436765E-01
-0.210339810E-01-0.213782928E-01-0.216738309E-01-0.219177605E-01-0.221072007E-01
-0.222392321E-01-0.223109065E-01-0.223192572E-01-0.222613102E-01-0.221340964E-01
-0.219346646E-01-0.216600931E-01-0.213075012E-01-0.208740596E-01-0.203569998E-01
-0.197536220E-01-0.190613029E-01-0.182775029E-01-0.173997715E-01-0.164257523E-01
-0.153531860E-01-0.141799113E-01-0.129038626E-01-0.115230664E-01-0.100356343E-01
-0.843975605E-02-0.673369056E-02-0.491575721E-02-0.298432659E-02-0.937810793E-03
 0.122534666E-02 0.350668152E-02 0.590771998E-02 0.842999069E-02 0.110750373E-01
 0.138444317E-01 0.167397886E-01 0.197627798E-01 0.229151509E-01 0.261987373E-01
 0.296154825E-01 0.331674568E-01 0.368568771E-01 0.406861281E-01 0.446577841E-01
 0.487746325E-01 0.530396976E-01 0.574562657E-01 0.620279097E-01 0.667585144E-01
 0.716523002E-01 0.767138447E-01 0.819481002E-01 0.873604045E-01 0.929564826E-01
 0.987424325E-01 0.104724692E+00 0.110909973E+00 0.117305161E+00 0.123917152E+00
 0.130752621E+00 0.137817690E+00 0.145117465E+00 0.152655390E+00 0.160432356E+00
 0.168445434E+00 0.176686001E+00 0.185136736E+00 0.193766148E+00 0.202516365E+00
 0.211264380E+00 0.219654328E+00 0.227181736E+00 0.233714271E+00 0.239246020E+00
 0.243785239E+00 0.247340885E+00 0.249920821E+00 0.251531828E+00 0.252180711E+00
 0.251876796E+00 0.250635696E+00 0.248484795E+00 0.245474315E+00 0.241711076E+00
 0.237510491E+00 0.233432644E+00 0.229658848E+00 0.226185553E+00 0.259039533E-02
 0.157075914E-02 0.930907982E-03 0.681427531E-03 0.743708900E-03 0.706829175E-03
 0.503011552E-03 0.180884703E-03-0.226664442E-03-0.698276514E-03-0.121943772E-02
-0.177979959E-02-0.237164062E-02-0.298895591E-02-0.362689888E-02-0.428142674E-02
-0.494906776E-02-0.562676370E-02-0.631176001E-02-0.700152716E-02-0.769370281E-02
-0.838604829E-02-0.907641488E-02-0.976271730E-02-0.104429123E-01-0.111149808E-01
-0.117769139E-01-0.124266996E-01-0.130623129E-01-0.136817064E-01-0.142828027E-01
-0.148634878E-01-0.154216053E-01-0.159549519E-01-0.164612738E-01-0.169382638E-01
-0.173835594E-01-0.177947420E-01-0.181693367E-01-0.185048134E-01-0.187985887E-01
-0.190480283E-01-0.192504513E-01-0.194031345E-01-0.195033183E-01-0.195482128E-01
-0.195350056E-01-0.194608698E-01-0.193229727E-01-0.191184852E-01-0.188445914E-01
-0.184984979E-01-0.180774429E-01-0.175787048E-01-0.169996104E-01-0.163375415E-01
-0.155899423E-01-0.147543243E-01-0.138282714E-01-0.128094431E-01-0.116955770E-01
-0.104844890E-01-0.917407203E-02-0.776229322E-02-0.624718928E-02-0.462686060E-02
-0.289946425E-02-0.106320590E-02 0.883669012E-03 0.294288503E-02 0.511614731E-02
 0.740515310E-02 0.981160418E-02 0.123372204E-01 0.149837540E-01 0.177530055E-01
 0.206468408E-01 0.236672089E-01 0.268161620E-01 0.300958772E-01 0.335086792E-01
 0.370570656E-01 0.407437348E-01 0.445716155E-01 0.485438998E-01 0.526640791E-01
 0.569359834E-01 0.613638246E-01 0.659522437E-01 0.707063629E-01 0.756318417E-01
 0.807349379E-01 0.860225734E-01 0.915024031E-01 0.971828867E-01 0.103073361E+00
 0.109184108E+00 0.115526419E+00 0.122112636E+00 0.128956179E+00 0.136071533E+00
 0.143474191E+00 0.151180547E+00 0.159207737E+00 0.167573461E+00 0.176295866E+00
 0.185393698E+00 0.194887211E+00 0.204801134E+00 0.215173577E+00 0.226073539E+00
 0.236435644E+00 0.245184943E+00 0.252493876E+00 0.258375303E+00 0.263035333E+00
 0.266576750E+00 0.269012503E+00 0.270272385E+00 0.270236764E+00 0.269037310E+00
 0.266718791E+00 0.263246851E+00 0.258495986E+00 0.252270191E+00 0.245503344E+00
 0.239795257E+00 0.234831439E+00 0.230431492E+00-0.964162810E-03-0.216172964E-02
-0.283389698E-02-0.296185209E-02-0.255417848E-02-0.229879951E-02-0.220600429E-02
-0.224230918E-02-0.238256361E-02-0.260676509E-02-0.289924885E-02-0.324770819E-02
-0.364234628E-02-0.407522469E-02-0.453978485E-02-0.503050161E-02-0.554263203E-02
-0.607203184E-02-0.661501961E-02-0.716827454E-02-0.772875845E-02-0.829365518E-02
-0.886032267E-02-0.942625451E-02-0.998904863E-02-0.105463814E-01-0.110959862E-01
-0.116356350E-01-0.121631232E-01-0.126762561E-01-0.131728384E-01-0.136506638E-01
-0.141075078E-01-0.145411204E-01-0.149492210E-01-0.153294937E-01-0.156795843E-01
-0.159970981E-01-0.162795984E-01-0.165246065E-01-0.167296023E-01-0.168920257E-01
-0.170092796E-01-0.170787327E-01-0.170977243E-01-0.170635686E-01-0.169735612E-01
-0.168249848E-01-0.166151167E-01-0.163412355E-01-0.160006293E-01-0.155906027E-01
-0.151084848E-01-0.145516360E-01-0.139174553E-01-0.132033861E-01-0.124069223E-01
-0.115256132E-01-0.105570673E-01-0.949895578E-02-0.834901395E-02-0.710504218E-02
-0.576490496E-02-0.432652867E-02-0.278789802E-02-0.114705105E-02 0.597927053E-03
 0.244891145E-02 0.440774624E-02 0.647625429E-02 0.865624821E-02 0.109495425E-01
 0.133579672E-01 0.158833823E-01 0.185276944E-01 0.212928739E-01 0.241809748E-01
 0.271941557E-01 0.303347027E-01 0.336050553E-01 0.370078338E-01 0.405458706E-01
 0.442222441E-01 0.480403166E-01 0.520037771E-01 0.561166886E-01 0.603835415E-01
 0.648093145E-01 0.693995430E-01 0.741603969E-01 0.790987697E-01 0.842223794E-01
 0.895398844E-01 0.950610146E-01 0.100796721E+00 0.106759346E+00 0.112962810E+00
 0.119422823E+00 0.126157111E+00 0.133185663E+00 0.140530978E+00 0.148218323E+00
 0.156275981E+00 0.164735514E+00 0.173632072E+00 0.183004884E+00 0.192898168E+00
 0.203362944E+00 0.214460445E+00 0.226268326E+00 0.238460794E+00 0.249041751E+00
 0.258077833E+00 0.265670428E+00 0.271755401E+00 0.276356450E+00 0.279676518E+00
 0.281756325E+00 0.282583822E+00 0.281981313E+00 0.279889935E+00 0.276433346E+00
 0.271574307E+00 0.265217288E+00 0.257209865E+00 0.249946670E+00 0.243592446E+00
 0.238000637E+00 0.233040856E+00-0.356214214E-02-0.482820231E-02-0.550946460E-02
-0.558644509E-02-0.514381909E-02-0.473741762E-02-0.446474495E-02-0.430973755E-02
-0.425664774E-02-0.429098851E-02-0.439996646E-02-0.457251565E-02-0.479913968E-02
-0.507168906E-02-0.538313679E-02-0.572737818E-02-0.609906186E-02-0.649345101E-02
-0.690631034E-02-0.733381455E-02-0.777247365E-02-0.821907182E-02-0.867061696E-02
-0.912429861E-02-0.957745273E-02-0.100275319E-01-0.104720800E-01-0.109087105E-01
-0.113350881E-01-0.117489129E-01-0.121479066E-01-0.125298006E-01-0.128923270E-01
-0.132332092E-01-0.135501558E-01-0.138408542E-01-0.141029669E-01-0.143341275E-01
-0.145319387E-01-0.146939711E-01-0.148177625E-01-0.149008184E-01-0.149406140E-01
-0.149345956E-01-0.148801843E-01-0.147747790E-01-0.146157615E-01-0.144005012E-01
-0.141263604E-01-0.137907004E-01-0.133908880E-01-0.129243013E-01-0.123883365E-01
-0.117804141E-01-0.110979850E-01-0.103385365E-01-0.949959714E-02-0.857874187E-02
-0.757359571E-02-0.648183700E-02-0.530119939E-02-0.402947289E-02-0.266450355E-02
-0.120419192E-02 0.353509828E-03 0.201060223E-02 0.376904413E-02 0.563075974E-02
 0.759764710E-02 0.967158786E-02 0.118544586E-01 0.141481436E-01 0.165545490E-01
 0.190756189E-01 0.217133523E-01 0.244698231E-01 0.273472010E-01 0.303477746E-01
 0.334739777E-01 0.367284171E-01 0.401139047E-01 0.436334919E-01 0.472905090E-01
 0.510886093E-01 0.550318184E-01 0.591245908E-01 0.633718742E-01 0.677791835E-01
 0.723526862E-01 0.770993015E-01 0.820268159E-01 0.871440184E-01 0.924608601E-01
 0.979886413E-01 0.103740234E+00 0.109730342E+00 0.115975813E+00 0.122496000E+00
 0.129313184E+00 0.136453063E+00 0.143945294E+00 0.151824087E+00 0.160128802E+00
 0.168904520E+00 0.178202499E+00 0.188080480E+00 0.198602833E+00 0.209840642E+00
 0.221871865E+00 0.234741589E+00 0.246807839E+00 0.257200824E+00 0.265957485E+00
 0.273258390E+00 0.279176530E+00 0.283720987E+00 0.286801311E+00 0.288387223E+00
 0.288581048E+00 0.287369330E+00 0.284674784E+00 0.280320529E+00 0.274203996E+00
 0.266373168E+00 0.258258019E+00 0.251037408E+00 0.244607072E+00 0.238869282E+00
 0.233731754E+00-0.561305661E-02-0.690982747E-02-0.759497968E-02-0.764383978E-02
-0.717922392E-02-0.668377139E-02-0.629688441E-02-0.601338262E-02-0.582346479E-02
-0.571714564E-02-0.568479458E-02-0.571741523E-02-0.580676760E-02-0.594539000E-02
-0.612656371E-02-0.634424966E-02-0.659301437E-02-0.686795502E-02-0.716462865E-02
-0.747898750E-02-0.780732123E-02-0.814620578E-02-0.849245850E-02-0.884309882E-02
-0.919531389E-02-0.954642855E-02-0.989387925E-02-0.102351912E-01-0.105679584E-01
-0.108898269E-01-0.111984793E-01-0.114916222E-01-0.117669751E-01-0.120222613E-01
-0.122551993E-01-0.124634971E-01-0.126448462E-01-0.127969175E-01-0.129173585E-01
-0.130037907E-01-0.130538087E-01-0.130649794E-01-0.130348427E-01-0.129609129E-01
-0.128406803E-01-0.126716139E-01-0.124511652E-01-0.121767714E-01-0.118458606E-01
-0.114558562E-01-0.110041823E-01-0.104882697E-01-0.990556099E-02-0.925351706E-02
-0.852962253E-02-0.773139151E-02-0.685637295E-02-0.590215555E-02-0.486637206E-02
-0.374670289E-02-0.254087875E-02-0.124668235E-02 0.138051104E-03 0.161543468E-02
 0.318753188E-02 0.485636018E-02 0.662389615E-02 0.849208209E-02 0.104628342E-01
 0.125380525E-01 0.147196322E-01 0.170094770E-01 0.194095137E-01 0.219217093E-01
 0.245480887E-01 0.272907561E-01 0.301519165E-01 0.331339011E-01 0.362391943E-01
 0.394704638E-01 0.428305943E-01 0.463227243E-01 0.499502881E-01 0.537170624E-01
 0.576272202E-01 0.616853909E-01 0.658967308E-01 0.702670040E-01 0.748026769E-01
 0.795110291E-01 0.844002846E-01 0.894797676E-01 0.947600893E-01 0.100253372E+00
 0.105973523E+00 0.111936561E+00 0.118161028E+00 0.124668475E+00 0.131484076E+00
 0.138637359E+00 0.146163090E+00 0.154102307E+00 0.162503460E+00 0.171423539E+00
 0.180928940E+00 0.191095654E+00 0.202008277E+00 0.213757582E+00 0.226440231E+00
 0.239246266E+00 0.250605670E+00 0.260521990E+00 0.268814027E+00 0.275632372E+00
 0.281123913E+00 0.285303111E+00 0.288126186E+00 0.289334808E+00 0.289015840E+00
 0.287231027E+00 0.283909475E+00 0.278920037E+00 0.271920923E+00 0.263565288E+00
 0.256008117E+00 0.249199962E+00 0.243063518E+00 0.237524878E+00 0.232515078E+00
-0.733323049E-02-0.866699672E-02-0.935541150E-02-0.937809821E-02-0.876939879E-02
-0.820699634E-02-0.774475156E-02-0.737386126E-02-0.708769778E-02-0.687912713E-02
-0.674083628E-02-0.666560478E-02-0.664648836E-02-0.667692965E-02-0.675081336E-02
-0.686248272E-02-0.700673001E-02-0.717877141E-02-0.737421278E-02-0.758901139E-02
-0.781943643E-02-0.806203053E-02-0.831357308E-02-0.857104634E-02-0.883160434E-02
-0.909254489E-02-0.935128441E-02-0.960533564E-02-0.985228783E-02-0.100897895E-01
-0.103155331E-01-0.105272421E-01-0.107226593E-01-0.108995372E-01-0.110556298E-01
-0.111886852E-01-0.112964403E-01-0.113766155E-01-0.114269116E-01-0.114450063E-01
-0.114285529E-01-0.113751788E-01-0.112824855E-01-0.111480484E-01-0.109694188E-01
-0.107441247E-01-0.104696742E-01-0.101435581E-01-0.976325341E-02-0.932622821E-02
-0.882994583E-02-0.827187030E-02-0.764947183E-02-0.696023258E-02-0.620165266E-02
-0.537125607E-02-0.446659664E-02-0.348526360E-02-0.242488679E-02-0.128314120E-02
-0.577507767E-04 0.125350881E-02 0.265280853E-02 0.414226563E-02 0.572394483E-02
 0.739986099E-02 0.917198351E-02 0.110422425E-01 0.130125365E-01 0.150847428E-01
 0.172607284E-01 0.195423638E-01 0.219315384E-01 0.244301774E-01 0.270402614E-01
 0.297638469E-01 0.326030896E-01 0.355602700E-01 0.386378207E-01 0.418383569E-01
 0.451647103E-01 0.486199659E-01 0.522075035E-01 0.559310443E-01 0.597947036E-01
 0.638030508E-01 0.679611786E-01 0.722747825E-01 0.767502553E-01 0.813947964E-01
 0.862165432E-01 0.912247273E-01 0.964298640E-01 0.101843982E+00 0.107480908E+00
 0.113356613E+00 0.119489658E+00 0.125901744E+00 0.132618429E+00 0.139670038E+00
 0.147092868E+00 0.154930739E+00 0.163237019E+00 0.172077137E+00 0.181531396E+00
 0.191697206E+00 0.202688578E+00 0.214629942E+00 0.227483005E+00 0.239184331E+00
 0.249454216E+00 0.258420346E+00 0.266114857E+00 0.272511531E+00 0.277514438E+00
 0.281156910E+00 0.283494752E+00 0.284484502E+00 0.284015499E+00 0.281897588E+00
 0.278068353E+00 0.272479671E+00 0.265066436E+00 0.257679900E+00 0.250971803E+00
 0.244866432E+00 0.239300312E+00 0.234217743E+00 0.229568902E+00-0.850823186E-02
-0.984812820E-02-0.105339684E-01-0.105442871E-01-0.995740024E-02-0.935849744E-02
-0.884675906E-02-0.841719868E-02-0.806483067E-02-0.778406951E-02-0.756898775E-02
-0.741354318E-02-0.731175586E-02-0.725783573E-02-0.724626647E-02-0.727185348E-02
-0.732974431E-02-0.741542904E-02-0.752472692E-02-0.765376418E-02-0.779894682E-02
-0.795693106E-02-0.812459334E-02-0.829900107E-02-0.847738502E-02-0.865711375E-02
-0.883567022E-02-0.901063082E-02-0.917964665E-02-0.934042690E-02-0.949072431E-02
-0.962832245E-02-0.975102466E-02-0.985664456E-02-0.994299781E-02-0.100078952E-01
-0.100491367E-01-0.100645068E-01-0.100517700E-01-0.100086685E-01-0.993291877E-02
-0.982221079E-02-0.967420655E-02-0.948653992E-02-0.925681706E-02-0.898261742E-02
-0.866149549E-02-0.829098322E-02-0.786859309E-02-0.739182184E-02-0.685815492E-02
-0.626507148E-02-0.561005005E-02-0.489057458E-02-0.410414105E-02-0.324826426E-02
-0.232048479E-02-0.131837594E-02-0.239550379E-03 0.918333665E-03 0.215756691E-02
 0.348038453E-02 0.488896279E-02 0.638541720E-02 0.797180224E-02 0.965011289E-02
 0.114222881E-01 0.132902162E-01 0.152557429E-01 0.173206802E-01 0.194868189E-01
 0.217559422E-01 0.241298414E-01 0.266103335E-01 0.291992811E-01 0.318986136E-01
 0.347103504E-01 0.376366265E-01 0.406797188E-01 0.438420765E-01 0.471263524E-01
 0.505354381E-01 0.540725022E-01 0.577410333E-01 0.615448873E-01 0.654883417E-01
 0.695761564E-01 0.738136452E-01 0.782067567E-01 0.827621713E-01 0.874874138E-01
 0.923909884E-01 0.974825417E-01 0.102773059E+00 0.108275109E+00 0.114003141E+00
 0.119973872E+00 0.126206769E+00 0.132724694E+00 0.139554764E+00 0.146729538E+00
 0.154288735E+00 0.162281806E+00 0.170772006E+00 0.179843175E+00 0.189611105E+00
 0.200238989E+00 0.211955332E+00 0.223574372E+00 0.233977709E+00 0.242982294E+00
 0.250871567E+00 0.257704301E+00 0.263479799E+00 0.268086088E+00 0.271265820E+00
 0.273250098E+00 0.274032856E+00 0.273539845E+00 0.271550733E+00 0.267672093E+00
 0.261953848E+00 0.255343152E+00 0.249282356E+00 0.243693787E+00 0.238523240E+00
 0.233732413E+00 0.229290224E+00 0.225169094E+00-0.931712097E-02-0.106506683E-01
-0.113332721E-01-0.113384412E-01-0.107912904E-01-0.101742098E-01-0.963258336E-02
-0.916676326E-02-0.877233559E-02-0.844427747E-02-0.817724029E-02-0.796575151E-02
-0.780437470E-02-0.768782752E-02-0.761106147E-02-0.756930941E-02-0.755810747E-02
-0.757329810E-02-0.761101971E-02-0.766768751E-02-0.773996932E-02-0.782475860E-02
-0.791914703E-02-0.802039752E-02-0.812591874E-02-0.823324145E-02-0.833999705E-02
-0.844389823E-02-0.854272184E-02-0.863429375E-02-0.871647566E-02-0.878715349E-02
-0.884422743E-02-0.888560328E-02-0.890918497E-02-0.891286817E-02-0.889453473E-02
-0.885204809E-02-0.878324925E-02-0.868595348E-02-0.855794767E-02-0.839698823E-02
-0.820079953E-02-0.796707303E-02-0.769346693E-02-0.737760645E-02-0.701708489E-02
-0.660946529E-02-0.615228298E-02-0.564304885E-02-0.507925361E-02-0.445837283E-02
-0.377787287E-02-0.303521771E-02-0.222787648E-02-0.135333166E-02-0.409087803E-03
 0.607319583E-03 0.169831504E-02 0.286627452E-02 0.411351736E-02 0.544229921E-02
 0.685480623E-02 0.835315100E-02 0.993937023E-02 0.116154247E-01 0.133832016E-01
 0.152445190E-01 0.172011335E-01 0.192547496E-01 0.214070320E-01 0.236596201E-01
 0.260141442E-01 0.284722446E-01 0.310355912E-01 0.337059056E-01 0.364849844E-01
 0.393747233E-01 0.423771439E-01 0.454944202E-01 0.487289083E-01 0.520831765E-01
 0.555600390E-01 0.591625913E-01 0.628942492E-01 0.667587921E-01 0.707604110E-01
 0.749037624E-01 0.791940300E-01 0.836369948E-01 0.882391165E-01 0.930076275E-01
 0.979506441E-01 0.103077297E+00 0.108397885E+00 0.113924068E+00 0.119669087E+00
 0.125648051E+00 0.131878291E+00 0.138379812E+00 0.145175906E+00 0.152293988E+00
 0.159766837E+00 0.167634569E+00 0.175948182E+00 0.184777291E+00 0.194235398E+00
 0.204322048E+00 0.213714515E+00 0.222349376E+00 0.230170688E+00 0.237082770E+00
 0.242984815E+00 0.247918697E+00 0.251908004E+00 0.254918966E+00 0.256853939E+00
 0.257599325E+00 0.257173958E+00 0.255556667E+00 0.252635395E+00 0.248186872E+00
 0.243600524E+00 0.239142446E+00 0.234851539E+00 0.230749545E+00 0.226847244E+00
 0.223148181E+00 0.219650895E+00-0.992628546E-02-0.112740161E-01-0.119561228E-01
-0.119519251E-01-0.113098001E-01-0.106769321E-01-0.101229891E-01-0.964116964E-02
-0.922654097E-02-0.887378244E-02-0.857740759E-02-0.833196045E-02-0.813215531E-02
-0.797296685E-02-0.784968028E-02-0.775791150E-02-0.769360602E-02-0.765302373E-02
-0.763271497E-02-0.762949190E-02-0.764039795E-02-0.766267740E-02-0.769374607E-02
-0.773116423E-02-0.777261173E-02-0.781586582E-02-0.785878146E-02-0.789927405E-02
-0.793530451E-02-0.796486625E-02-0.798597403E-02-0.799665436E-02-0.799493723E-02
-0.797884899E-02-0.794640621E-02-0.789561024E-02-0.782444259E-02-0.773086074E-02
-0.761279449E-02-0.746814272E-02-0.729477056E-02-0.709050692E-02-0.685314241E-02
-0.658042774E-02-0.627007256E-02-0.591974493E-02-0.552707139E-02-0.508963785E-02
-0.460499135E-02-0.407064290E-02-0.348407131E-02-0.284272842E-02-0.214404544E-02
-0.138544074E-02-0.564328865E-03 0.321869327E-03 0.127571546E-02 0.229974176E-02
 0.339643876E-02 0.456824303E-02 0.581752542E-02 0.714658020E-02 0.855761576E-02
 0.100527472E-01 0.116339911E-01 0.133032639E-01 0.150623815E-01 0.169130642E-01
 0.188569429E-01 0.208955696E-01 0.230304307E-01 0.252629619E-01 0.275945671E-01
 0.300266377E-01 0.325605746E-01 0.351978107E-01 0.379398340E-01 0.407882126E-01
 0.437446182E-01 0.468108517E-01 0.499888677E-01 0.532808002E-01 0.566889886E-01
 0.602160044E-01 0.638646791E-01 0.676381334E-01 0.715398082E-01 0.755734979E-01
 0.797433857E-01 0.840540819E-01 0.885106648E-01 0.931187246E-01 0.978844095E-01
 0.102814473E+00 0.107916321E+00 0.113198055E+00 0.118668504E+00 0.124337240E+00
 0.130214551E+00 0.136311343E+00 0.142638911E+00 0.149208446E+00 0.156030035E+00
 0.163110554E+00 0.170449066E+00 0.178026221E+00 0.185781078E+00 0.193583691E+00
 0.201168161E+00 0.208265231E+00 0.214752381E+00 0.220587981E+00 0.225700558E+00
 0.230025964E+00 0.233561798E+00 0.236261129E+00 0.238077729E+00 0.239023270E+00
 0.239065582E+00 0.238183591E+00 0.236432863E+00 0.234049524E+00 0.231280243E+00
 0.228304570E+00 0.225246592E+00 0.222183605E+00 0.219164277E+00 0.216219655E+00
 0.213369335E+00-0.101006753E-01-0.114402875E-01-0.121200693E-01-0.121187147E-01
-0.115021070E-01-0.108773855E-01-0.103307447E-01-0.985460433E-02-0.944249865E-02
-0.908790084E-02-0.878450626E-02-0.852641227E-02-0.830820391E-02-0.812497556E-02
-0.797231308E-02-0.784625417E-02-0.774323839E-02-0.766005448E-02-0.759378889E-02
-0.754177804E-02-0.750156522E-02-0.747086252E-02-0.744751767E-02-0.742948551E-02
-0.741480371E-02-0.740157219E-02-0.738793596E-02-0.737207077E-02-0.735217121E-02
-0.732644089E-02-0.729308424E-02-0.725029976E-02-0.719627428E-02-0.712917808E-02
-0.704716061E-02-0.694834670E-02-0.683083302E-02-0.669268484E-02-0.653193288E-02
-0.634657025E-02-0.613454949E-02-0.589377974E-02-0.562212396E-02-0.531739646E-02
-0.497736070E-02-0.459972748E-02-0.418215383E-02-0.372224263E-02-0.321754324E-02
-0.266555335E-02-0.206372232E-02-0.140945616E-02-0.700124348E-03 0.669313120E-04
 0.894385862E-03 0.178491837E-02 0.274119732E-02 0.376586457E-02 0.486151821E-02
 0.603069512E-02 0.727585361E-02 0.859935713E-02 0.100034597E-01 0.114902938E-01
 0.130618613E-01 0.147200280E-01 0.164665225E-01 0.183029390E-01 0.202307441E-01
 0.222512888E-01 0.243658228E-01 0.265755129E-01 0.288814643E-01 0.312847429E-01
 0.337864003E-01 0.363874975E-01 0.390891307E-01 0.418924549E-01 0.447987075E-01
 0.478092303E-01 0.509254907E-01 0.541491007E-01 0.574818353E-01 0.609256492E-01
 0.644826923E-01 0.681553235E-01 0.719461242E-01 0.758579085E-01 0.798937322E-01
 0.840568987E-01 0.883509592E-01 0.927797077E-01 0.973471653E-01 0.102057550E+00
 0.106915227E+00 0.111924623E+00 0.117090102E+00 0.122415760E+00 0.127905127E+00
 0.133560694E+00 0.139383201E+00 0.145370527E+00 0.151515966E+00 0.157805591E+00
 0.164214318E+00 0.170700654E+00 0.177201164E+00 0.183625698E+00 0.189846823E+00
 0.195734243E+00 0.201194180E+00 0.206154231E+00 0.210557029E+00 0.214357451E+00
 0.217520681E+00 0.220020881E+00 0.221841327E+00 0.222975829E+00 0.223431550E+00
 0.223234838E+00 0.222444228E+00 0.221171901E+00 0.219536823E+00 0.217639278E+00
 0.215565074E+00 0.213383039E+00 0.211145842E+00 0.208892788E+00 0.206652744E+00
-0.988390019E-02-0.111973002E-01-0.118747286E-01-0.118895704E-01-0.113645729E-01
-0.107755632E-01-0.102622554E-01-0.981899328E-02-0.943625982E-02-0.910529993E-02
-0.881843381E-02-0.856909032E-02-0.835172028E-02-0.816166017E-02-0.799498475E-02
-0.784836788E-02-0.771896001E-02-0.760428447E-02-0.750215194E-02-0.741059087E-02
-0.732779152E-02-0.725206113E-02-0.718178835E-02-0.711541518E-02-0.705141504E-02
-0.698827573E-02-0.692448657E-02-0.685852853E-02-0.678886707E-02-0.671394676E-02
-0.663218735E-02-0.654198090E-02-0.644168950E-02-0.632964340E-02-0.620413925E-02
-0.606343837E-02-0.590576482E-02-0.572930325E-02-0.553219644E-02-0.531254251E-02
-0.506839180E-02-0.479774346E-02-0.449854184E-02-0.416867274E-02-0.380595968E-02
-0.340816037E-02-0.297296371E-02-0.249798737E-02-0.198077654E-02-0.141880410E-02
-0.809472541E-03-0.150118195E-03 0.561981927E-03 0.132960038E-02 0.215554638E-02
 0.304264963E-02 0.399374119E-02 0.501163154E-02 0.609908664E-02 0.725880273E-02
 0.849338088E-02 0.980530252E-02 0.111969070E-01 0.126703726E-01 0.142277013E-01
 0.158707095E-01 0.176010238E-01 0.194200828E-01 0.213291453E-01 0.233293037E-01
 0.254215034E-01 0.276065653E-01 0.298852123E-01 0.322580979E-01 0.347258353E-01
 0.372890265E-01 0.399482901E-01 0.427042871E-01 0.455577441E-01 0.485094731E-01
 0.515603882E-01 0.547115192E-01 0.579640213E-01 0.613191817E-01 0.647784228E-01
 0.683433014E-01 0.720155041E-01 0.757968378E-01 0.796892149E-01 0.836946302E-01
 0.878151290E-01 0.920527624E-01 0.964095255E-01 0.100887272E+00 0.105487600E+00
 0.110211692E+00 0.115060097E+00 0.120032442E+00 0.125127020E+00 0.130340245E+00
 0.135665901E+00 0.141094147E+00 0.146610197E+00 0.152192687E+00 0.157811786E+00
 0.163427330E+00 0.168987553E+00 0.174429311E+00 0.179681356E+00 0.184671345E+00
 0.189332876E+00 0.193608774E+00 0.197451648E+00 0.200823613E+00 0.203695956E+00
 0.206049098E+00 0.207873027E+00 0.209168315E+00 0.209947766E+00 0.210238470E+00
 0.210083201E+00 0.209538540E+00 0.208668355E+00 0.207536522E+00 0.206202278E+00
 0.204717793E+00 0.203127273E+00 0.201467106E+00 0.199766612E+00-0.941979033E-02
-0.107179919E-01-0.113965685E-01-0.114355420E-01-0.108887300E-01-0.103616354E-01
-0.992177521E-02-0.954970210E-02-0.923069908E-02-0.895313804E-02-0.870807736E-02
-0.848874289E-02-0.829004069E-02-0.810814353E-02-0.794015683E-02-0.778385810E-02
-0.763749877E-02-0.749965593E-02-0.736912240E-02-0.724482551E-02-0.712576735E-02
-0.701098105E-02-0.689949909E-02-0.679033093E-02-0.668244771E-02-0.657477238E-02
-0.646617408E-02-0.635546542E-02-0.624140212E-02-0.612268398E-02-0.599795676E-02
-0.586581438E-02-0.572480115E-02-0.557341370E-02-0.541010237E-02-0.523327197E-02
-0.504128177E-02-0.483244466E-02-0.460502546E-02-0.435723836E-02-0.408724349E-02
-0.379314279E-02-0.347297506E-02-0.312471053E-02-0.274624497E-02-0.233539358E-02
-0.188988510E-02-0.140735626E-02-0.885347372E-03-0.321299303E-03 0.287447306E-03
 0.943649956E-03 0.165015860E-02 0.240990565E-02 0.322589120E-02 0.410116299E-02
 0.503879129E-02 0.604183891E-02 0.711332738E-02 0.825620030E-02 0.947328565E-02
 0.107672589E-01 0.121406087E-01 0.135956071E-01 0.151342861E-01 0.167584214E-01
 0.184695248E-01 0.202688456E-01 0.221573801E-01 0.241358907E-01 0.262049312E-01
 0.283648789E-01 0.306159705E-01 0.329583402E-01 0.353920584E-01 0.379171687E-01
 0.405337213E-01 0.432418027E-01 0.460415594E-01 0.489332167E-01 0.519170915E-01
 0.549935990E-01 0.581632547E-01 0.614266706E-01 0.647845463E-01 0.682376550E-01
 0.717868235E-01 0.754329059E-01 0.791767499E-01 0.830191530E-01 0.869608082E-01
 0.910022343E-01 0.951436877E-01 0.993850498E-01 0.103725685E+00 0.108164256E+00
 0.112698497E+00 0.117324915E+00 0.122038421E+00 0.126831872E+00 0.131695503E+00
 0.136616262E+00 0.141577057E+00 0.146555967E+00 0.151525546E+00 0.156452394E+00
 0.161297267E+00 0.166015995E+00 0.170561354E+00 0.174885658E+00 0.178943429E+00
 0.182693506E+00 0.186100422E+00 0.189135210E+00 0.191775908E+00 0.194007975E+00
 0.195824725E+00 0.197227815E+00 0.198227687E+00 0.198843732E+00 0.199103807E+00
 0.199042753E+00 0.198699979E+00 0.198116686E+00 0.197333382E+00 0.196388050E+00
 0.195315026E+00 0.194144471E+00 0.192902283E+00-0.842408210E-02-0.965378404E-02
-0.103308851E-01-0.104391364E-01-0.100064579E-01-0.962352000E-02-0.932539080E-02
-0.907976695E-02-0.886750543E-02-0.867620575E-02-0.849779585E-02-0.832716311E-02
-0.816121509E-02-0.799819196E-02-0.783717796E-02-0.767776761E-02-0.751984288E-02
-0.736342518E-02-0.720857670E-02-0.705533433E-02-0.690366554E-02-0.675343971E-02
-0.660441063E-02-0.645620737E-02-0.630833156E-02-0.616015946E-02-0.601094738E-02
-0.585983943E-02-0.570587656E-02-0.554800602E-02-0.538509074E-02-0.521591792E-02
-0.503920679E-02-0.485361499E-02-0.465774365E-02-0.445014093E-02-0.422930414E-02
-0.399368031E-02-0.374166516E-02-0.347160075E-02-0.318177155E-02-0.287039919E-02
-0.253563585E-02-0.217555647E-02-0.178814990E-02-0.137130925E-02-0.922821689E-03
-0.440358254E-03 0.785358240E-04 0.636449470E-03 0.123611181E-02 0.188039478E-02
 0.257231096E-02 0.331500537E-02 0.411173987E-02 0.496586936E-02 0.588080914E-02
 0.685999392E-02 0.790682937E-02 0.902463824E-02 0.102166037E-01 0.114857131E-01
 0.128347051E-01 0.142660236E-01 0.157817809E-01 0.173837321E-01 0.190732623E-01
 0.208513876E-01 0.227187687E-01 0.246757385E-01 0.267223396E-01 0.288583714E-01
 0.310834435E-01 0.333970303E-01 0.357985259E-01 0.382872948E-01 0.408627150E-01
 0.435242142E-01 0.462712959E-01 0.491035565E-01 0.520206934E-01 0.550225048E-01
 0.581088822E-01 0.612797960E-01 0.645352751E-01 0.678753804E-01 0.713001716E-01
 0.748096685E-01 0.784038037E-01 0.820823663E-01 0.858449350E-01 0.896907976E-01
 0.936188541E-01 0.976274995E-01 0.101714483E+00 0.105876738E+00 0.110110179E+00
 0.114409457E+00 0.118767682E+00 0.123176094E+00 0.127623707E+00 0.132096927E+00
 0.136579190E+00 0.141050648E+00 0.145487996E+00 0.149864509E+00 0.154150388E+00
 0.158313467E+00 0.162320268E+00 0.166137305E+00 0.169732448E+00 0.173076179E+00
 0.176142630E+00 0.178910383E+00 0.181363074E+00 0.183489846E+00 0.185285677E+00
 0.186751595E+00 0.187894712E+00 0.188728021E+00 0.189269842E+00 0.189542912E+00
 0.189573156E+00 0.189388310E+00 0.189016583E+00 0.188485519E+00 0.187821131E+00
 0.187047332E+00 0.186185622E+00-0.669497729E-02-0.770595387E-02-0.836921246E-02
-0.866891338E-02-0.866347291E-02-0.859969968E-02-0.854401464E-02-0.848894743E-02
-0.842590571E-02-0.834863625E-02-0.825429644E-02-0.814276225E-02-0.801541131E-02
-0.787426807E-02-0.772154378E-02-0.755940686E-02-0.738986873E-02-0.721472593E-02
-0.703553015E-02-0.685357306E-02-0.666988003E-02-0.648521059E-02-0.630006464E-02
-0.611469364E-02-0.592911618E-02-0.574313672E-02-0.555636637E-02-0.536824454E-02
-0.517806027E-02-0.498497245E-02-0.478802826E-02-0.458617942E-02-0.437829608E-02
-0.416317817E-02-0.393956431E-02-0.370613825E-02-0.346153305E-02-0.320433287E-02
-0.293307268E-02-0.264623572E-02-0.234224898E-02-0.201947645E-02-0.167621053E-02
-0.131066125E-02-0.920943710E-03-0.505063696E-03-0.609017655E-04 0.413803797E-03
 0.921474517E-03 0.146470884E-02 0.204629747E-02 0.266923526E-02 0.333672737E-02
 0.405218726E-02 0.481922387E-02 0.564161548E-02 0.652326880E-02 0.746816274E-02
 0.848027820E-02 0.956351714E-02 0.107216155E-01 0.119580557E-01 0.132759844E-01
 0.146781405E-01 0.161667984E-01 0.177437281E-01 0.194101750E-01 0.211668605E-01
 0.230140032E-01 0.249513601E-01 0.269782855E-01 0.290938042E-01 0.312966938E-01
 0.335855700E-01 0.359589682E-01 0.384154167E-01 0.409534965E-01 0.435718856E-01
 0.462693876E-01 0.490449457E-01 0.518976428E-01 0.548266910E-01 0.578314121E-01
 0.609112103E-01 0.640655390E-01 0.672938627E-01 0.705956127E-01 0.739701380E-01
 0.774166504E-01 0.809341614E-01 0.845214117E-01 0.881767897E-01 0.918982385E-01
 0.956831487E-01 0.995282357E-01 0.103429399E+00 0.107381561E+00 0.111378495E+00
 0.115412626E+00 0.119474830E+00 0.123554228E+00 0.127638001E+00 0.131711232E+00
 0.135756833E+00 0.139755557E+00 0.143686159E+00 0.147525726E+00 0.151250165E+00
 0.154834864E+00 0.158255456E+00 0.161488622E+00 0.164512873E+00 0.167309259E+00
 0.169861964E+00 0.172158780E+00 0.174191465E+00 0.175955980E+00 0.177452585E+00
 0.178685799E+00 0.179664182E+00 0.180399941E+00 0.180908360E+00 0.181207092E+00
 0.181315375E+00 0.181253251E+00 0.181040852E+00 0.180697794E+00 0.180242719E+00
 0.179692972E+00-0.492117521E-02-0.572499222E-02-0.638330366E-02-0.688701929E-02
-0.725857947E-02-0.753817725E-02-0.775784961E-02-0.792731361E-02-0.803682886E-02
-0.808107713E-02-0.806852421E-02-0.800936237E-02-0.791225369E-02-0.778437892E-02
-0.763173948E-02-0.745940036E-02-0.727166058E-02-0.707216850E-02-0.686399851E-02
-0.664970267E-02-0.643134834E-02-0.621055009E-02-0.598850145E-02-0.576600937E-02
-0.554353199E-02-0.532121861E-02-0.509895032E-02-0.487637941E-02-0.465296602E-02
-0.442801122E-02-0.420068583E-02-0.397005481E-02-0.373509743E-02-0.349472341E-02
-0.324778532E-02-0.299308747E-02-0.272939175E-02-0.245542045E-02-0.216985620E-02
-0.187133926E-02-0.155846205E-02-0.122976092E-02-0.883705207E-03-0.518683331E-03
-0.132985957E-03 0.275213921E-03 0.707884002E-03 0.116715868E-02 0.165536764E-02
 0.217506628E-02 0.272906642E-02 0.332046514E-02 0.395266825E-02 0.462940414E-02
 0.535472241E-02 0.613297180E-02 0.696875232E-02 0.786683901E-02 0.883207823E-02
 0.986926183E-02 0.109829885E-01 0.121775238E-01 0.134566698E-01 0.148236534E-01
 0.162810391E-01 0.178306691E-01 0.194736329E-01 0.212102671E-01 0.230401864E-01
 0.249623468E-01 0.269751392E-01 0.290765069E-01 0.312640813E-01 0.335353196E-01
 0.358876352E-01 0.383185076E-01 0.408255660E-01 0.434066431E-01 0.460598017E-01
 0.487833378E-01 0.515757647E-01 0.544357845E-01 0.573622499E-01 0.603541196E-01
 0.634104101E-01 0.665301446E-01 0.697122986E-01 0.729557433E-01 0.762591858E-01
 0.796211051E-01 0.830396823E-01 0.865127260E-01 0.900375892E-01 0.936110794E-01
 0.972293593E-01 0.100887840E+00 0.104581065E+00 0.108302591E+00 0.112044868E+00
 0.115799120E+00 0.119555239E+00 0.123301712E+00 0.127025574E+00 0.130712426E+00
 0.134346521E+00 0.137910928E+00 0.141387803E+00 0.144758735E+00 0.148005182E+00
 0.151108958E+00 0.154052748E+00 0.156820612E+00 0.159398459E+00 0.161774457E+00
 0.163939376E+00 0.165886839E+00 0.167613483E+00 0.169119021E+00 0.170406196E+00
 0.171480621E+00 0.172350522E+00 0.173026373E+00 0.173520466E+00 0.173846429E+00
 0.174018739E+00 0.174052262E+00 0.173961831E+00 0.173761909E+00 0.173466309E+00
-0.359999072E-02-0.434490883E-02-0.502231539E-02-0.562945678E-02-0.617332338E-02
-0.666752105E-02-0.712746227E-02-0.756871833E-02-0.789420862E-02-0.801348144E-02
-0.804336002E-02-0.800439800E-02-0.791101486E-02-0.777428787E-02-0.760310764E-02
-0.740481147E-02-0.718556097E-02-0.695056965E-02-0.670423711E-02-0.645022776E-02
-0.619152178E-02-0.593045863E-02-0.566878492E-02-0.540771125E-02-0.514797683E-02
-0.488991760E-02-0.463353334E-02-0.437855006E-02-0.412447533E-02-0.387064562E-02
-0.361626560E-02-0.336044003E-02-0.310219903E-02-0.284051762E-02-0.257433030E-02
-0.230254145E-02-0.202403186E-02-0.173766193E-02-0.144227162E-02-0.113667727E-02
-0.819665181E-03-0.489982081E-03-0.146322039E-03 0.212690247E-03 0.588520238E-03
 0.982748880E-03 0.139710306E-02 0.183349177E-02 0.229404841E-02 0.278117927E-02
 0.329761752E-02 0.384648048E-02 0.443132619E-02 0.505620247E-02 0.572567817E-02
 0.644484396E-02 0.721926849E-02 0.805489908E-02 0.895790415E-02 0.993446654E-02
 0.109905492E-01 0.121316607E-01 0.133626444E-01 0.146875087E-01 0.161093006E-01
 0.176300230E-01 0.192505903E-01 0.209708241E-01 0.227894919E-01 0.247043962E-01
 0.267125197E-01 0.288102230E-01 0.309934766E-01 0.332581034E-01 0.355999978E-01
 0.380152977E-01 0.405004983E-01 0.430525071E-01 0.456686505E-01 0.483466465E-01
 0.510845535E-01 0.538807080E-01 0.567336576E-01 0.596420911E-01 0.626047726E-01
 0.656204747E-01 0.686879165E-01 0.718057004E-01 0.749722510E-01 0.781857531E-01
 0.814440874E-01 0.847447652E-01 0.880848593E-01 0.914609323E-01 0.948689619E-01
 0.983042637E-01 0.101761414E+00 0.105234173E+00 0.108715418E+00 0.112197077E+00
 0.115670090E+00 0.119124387E+00 0.122548901E+00 0.125931615E+00 0.129259664E+00
 0.132519488E+00 0.135697029E+00 0.138777992E+00 0.141748143E+00 0.144593633E+00
 0.147301343E+00 0.149859219E+00 0.152256590E+00 0.154484453E+00 0.156535702E+00
 0.158405306E+00 0.160090419E+00 0.161590425E+00 0.162906901E+00 0.164043518E+00
 0.165005867E+00 0.165801233E+00 0.166438312E+00 0.166926914E+00 0.167277639E+00
 0.167501573E+00 0.167609996E+00 0.167614131E+00 0.167524930E+00-0.252716143E-02
-0.325707817E-02-0.395953741E-02-0.463595273E-02-0.529236711E-02-0.593908925E-02
-0.659004375E-02-0.726249185E-02-0.787265375E-02-0.817662534E-02-0.825706380E-02
-0.818449681E-02-0.805478221E-02-0.787682005E-02-0.766031072E-02-0.741357422E-02
-0.714384121E-02-0.685741603E-02-0.655974120E-02-0.625540318E-02-0.594812357E-02
-0.564077183E-02-0.533541691E-02-0.503341513E-02-0.473551958E-02-0.444199468E-02
-0.415272301E-02-0.386729811E-02-0.358510076E-02-0.330535967E-02-0.302719844E-02
-0.274967137E-02-0.247179020E-02-0.219254396E-02-0.191091315E-02-0.162587958E-02
-0.133643244E-02-0.104157105E-02-0.740304410E-03-0.431647531E-03-0.114614444E-03
 0.211792347E-03 0.548596150E-03 0.896864478E-03 0.125773213E-02 0.163242992E-02
 0.202232043E-02 0.242894256E-02 0.285406708E-02 0.329976528E-02 0.376849263E-02
 0.426318806E-02 0.478738696E-02 0.534534091E-02 0.594212918E-02 0.658373582E-02
 0.727705503E-02 0.802978375E-02 0.885017565E-02 0.974666847E-02 0.107274430E-01
 0.117999966E-01 0.129707983E-01 0.142450503E-01 0.156265407E-01 0.171175562E-01
 0.187188294E-01 0.204295116E-01 0.222471877E-01 0.241679665E-01 0.261866846E-01
 0.282972429E-01 0.304930467E-01 0.327674746E-01 0.351142829E-01 0.375278816E-01
 0.400034646E-01 0.425370227E-01 0.451252760E-01 0.477655672E-01 0.504557398E-01
 0.531940175E-01 0.559788936E-01 0.588090306E-01 0.616831723E-01 0.646000657E-01
 0.675583903E-01 0.705566943E-01 0.735933349E-01 0.766664217E-01 0.797737610E-01
 0.829128021E-01 0.860805827E-01 0.892736759E-01 0.924881361E-01 0.957194482E-01
 0.989624784E-01 0.102211431E+00 0.105459811E+00 0.108700402E+00 0.111925253E+00
 0.115125692E+00 0.118292357E+00 0.121415258E+00 0.124483871E+00 0.127487263E+00
 0.130414248E+00 0.133253578E+00 0.135994150E+00 0.138625234E+00 0.141136710E+00
 0.143519295E+00 0.145764761E+00 0.147866128E+00 0.149817825E+00 0.151615813E+00
 0.153257659E+00 0.154742570E+00 0.156071376E+00 0.157246457E+00 0.158271641E+00
 0.159152046E+00 0.159893909E+00 0.160504376E+00 0.160991301E+00 0.161363025E+00
 0.161628180E+00 0.161795501E+00 0.161873665E+00-0.158763831E-02-0.231197930E-02
-0.303282676E-02-0.375443975E-02-0.448425007E-02-0.523297624E-02-0.601443973E-02
-0.684505710E-02-0.762116200E-02-0.814585496E-02-0.845066135E-02-0.851538014E-02
-0.836114190E-02-0.810464573E-02-0.781229514E-02-0.749067867E-02-0.714749365E-02
-0.678991346E-02-0.642442106E-02-0.605656331E-02-0.569073718E-02-0.533011123E-02
-0.497670619E-02-0.463158221E-02-0.429506064E-02-0.396692950E-02-0.364661100E-02
-0.333328852E-02-0.302599851E-02-0.272369536E-02-0.242529623E-02-0.212971195E-02
-0.183586810E-02-0.154271947E-02-0.124925995E-02-0.954529200E-03-0.657616759E-03
-0.357663840E-03-0.538626165E-04 0.254547477E-03 0.568286872E-03 0.888046727E-03
 0.121450352E-02 0.154833732E-02 0.189025401E-02 0.224101268E-02 0.260146035E-02
 0.297257744E-02 0.335553844E-02 0.375179365E-02 0.416317873E-02 0.459206037E-02
 0.504152597E-02 0.551562239E-02 0.601963788E-02 0.656039499E-02 0.714647366E-02
 0.778822206E-02 0.849739402E-02 0.928636669E-02 0.101671302E-01 0.111503913E-01
 0.122450222E-01 0.134578478E-01 0.147936234E-01 0.162550528E-01 0.178427590E-01
 0.195551782E-01 0.213884134E-01 0.233361541E-01 0.253898364E-01 0.275392108E-01
 0.297733118E-01 0.320815561E-01 0.344545924E-01 0.368847060E-01 0.393658347E-01
 0.418933637E-01 0.444638425E-01 0.470747054E-01 0.497240279E-01 0.524103269E-01
 0.551324001E-01 0.578891979E-01 0.606797207E-01 0.635029351E-01 0.663577044E-01
 0.692427288E-01 0.721564935E-01 0.750972214E-01 0.780628300E-01 0.810508897E-01
 0.840585857E-01 0.870826808E-01 0.901194809E-01 0.931648038E-01 0.962139520E-01
 0.992616914E-01 0.102302238E+00 0.105329255E+00 0.108335859E+00 0.111314649E+00
 0.114257744E+00 0.117156845E+00 0.120003316E+00 0.122788287E+00 0.125502772E+00
 0.128137815E+00 0.130684637E+00 0.133134796E+00 0.135480360E+00 0.137714058E+00
 0.139829434E+00 0.141820984E+00 0.143684264E+00 0.145415976E+00 0.147014028E+00
 0.148477550E+00 0.149806891E+00 0.151003573E+00 0.152070220E+00 0.153010463E+00
 0.153828816E+00 0.154530542E+00 0.155121514E+00 0.155608062E+00 0.155996832E+00
 0.156294652E+00 0.156508407E+00-0.709382784E-03-0.142280371E-02-0.214668005E-02
-0.288683353E-02-0.365185143E-02-0.445359729E-02-0.530764470E-02-0.623305591E-02
-0.713621583E-02-0.780080816E-02-0.826818529E-02-0.852128712E-02-0.856612951E-02
-0.842496794E-02-0.805324298E-02-0.762824018E-02-0.718535577E-02-0.673300998E-02
-0.627973038E-02-0.583289304E-02-0.539781092E-02-0.497751036E-02-0.457313875E-02
-0.418457008E-02-0.381091658E-02-0.345088019E-02-0.310297292E-02-0.276564823E-02
-0.243737639E-02-0.211668589E-02-0.180218506E-02-0.149257242E-02-0.118664133E-02
-0.883281751E-03-0.581481195E-03-0.280325756E-03 0.209984057E-04 0.323203420E-03
 0.626898916E-03 0.932593788E-03 0.124070239E-02 0.155155608E-02 0.186541916E-02
 0.218250670E-02 0.250300230E-02 0.282707633E-02 0.315490790E-02 0.348671557E-02
 0.382280374E-02 0.416363311E-02 0.450992762E-02 0.486283530E-02 0.522416939E-02
 0.559676887E-02 0.598503164E-02 0.639567567E-02 0.683871514E-02 0.732835642E-02
 0.788294327E-02 0.852295338E-02 0.926768302E-02 0.101328728E-01 0.111302318E-01
 0.122680083E-01 0.135516801E-01 0.149843840E-01 0.165669933E-01 0.182978267E-01
 0.201719809E-01 0.221803849E-01 0.243090585E-01 0.265396961E-01 0.288524333E-01
 0.312294705E-01 0.336571161E-01 0.361258015E-01 0.386291820E-01 0.411631768E-01
 0.437252183E-01 0.463137189E-01 0.489277015E-01 0.515665436E-01 0.542297967E-01
 0.569170576E-01 0.596278738E-01 0.623616721E-01 0.651177032E-01 0.678949979E-01
 0.706923291E-01 0.735081805E-01 0.763407178E-01 0.791877632E-01 0.820467720E-01
 0.849148114E-01 0.877885421E-01 0.906642035E-01 0.935376020E-01 0.964041064E-01
 0.992586482E-01 0.102095731E+00 0.104909450E+00 0.107693521E+00 0.110441324E+00
 0.113145958E+00 0.115800307E+00 0.118397130E+00 0.120929148E+00 0.123389150E+00
 0.125770109E+00 0.128065297E+00 0.130268401E+00 0.132373639E+00 0.134375868E+00
 0.136270675E+00 0.138054459E+00 0.139724491E+00 0.141278957E+00 0.142716972E+00
 0.144038580E+00 0.145244723E+00 0.146337201E+00 0.147318599E+00 0.148192211E+00
 0.148961947E+00 0.149632235E+00 0.150207913E+00 0.150694131E+00 0.151096249E+00
 0.151419743E+00 0.151282812E-03-0.539064396E-03-0.124603254E-02-0.197537918E-02
-0.273516498E-02-0.353658725E-02-0.439579712E-02-0.533933090E-02-0.629438934E-02
-0.706154922E-02-0.766595565E-02-0.808161923E-02-0.829200718E-02-0.832115736E-02
-0.814842189E-02-0.778239800E-02-0.723614775E-02-0.665756252E-02-0.608930168E-02
-0.554513754E-02-0.503169130E-02-0.454946889E-02-0.409616444E-02-0.366859008E-02
-0.326344939E-02-0.287763228E-02-0.250831825E-02-0.215299551E-02-0.180944409E-02
-0.147570654E-02-0.115005747E-02-0.830976436E-03-0.517125741E-03-0.207333621E-03
 0.994170652E-04 0.403994644E-03 0.707118876E-03 0.100935591E-02 0.131110947E-02
 0.161261244E-02 0.191392703E-02 0.221496115E-02 0.251549820E-02 0.281522439E-02
 0.311374010E-02 0.341055605E-02 0.370508355E-02 0.399662793E-02 0.428439194E-02
 0.456749598E-02 0.484502515E-02 0.511611931E-02 0.538013565E-02 0.563693948E-02
 0.588743801E-02 0.613461579E-02 0.638570203E-02 0.665688194E-02 0.698073788E-02
 0.740262584E-02 0.795858702E-02 0.866881349E-02 0.954440963E-02 0.105921481E-01
 0.118165957E-01 0.132209772E-01 0.148073604E-01 0.165762782E-01 0.185255515E-01
 0.206475032E-01 0.229228575E-01 0.253132714E-01 0.277718178E-01 0.302665729E-01
 0.327819007E-01 0.353107503E-01 0.378501827E-01 0.403993074E-01 0.429582717E-01
 0.455277234E-01 0.481085036E-01 0.507014619E-01 0.533073421E-01 0.559267076E-01
 0.585598934E-01 0.612069723E-01 0.638677315E-01 0.665416550E-01 0.692279091E-01
 0.719253313E-01 0.746324192E-01 0.773473222E-01 0.800678333E-01 0.827913823E-01
 0.855150317E-01 0.882354743E-01 0.909490342E-01 0.936516728E-01 0.963389987E-01
 0.990062845E-01 0.101648491E+00 0.104260297E+00 0.106836144E+00 0.109370279E+00
 0.111856816E+00 0.114289803E+00 0.116663294E+00 0.118971430E+00 0.121208522E+00
 0.123369139E+00 0.125448192E+00 0.127441021E+00 0.129343465E+00 0.131151937E+00
 0.132863477E+00 0.134475799E+00 0.135987319E+00 0.137397172E+00 0.138705209E+00
 0.139911982E+00 0.141018711E+00 0.142027244E+00 0.142939997E+00 0.143759894E+00
 0.144490297E+00 0.145134927E+00 0.145697798E+00 0.146183135E+00 0.146595310E+00
 0.101672446E-02 0.362843032E-03-0.307824716E-03-0.999500310E-03-0.171745243E-02
-0.246793611E-02-0.325761937E-02-0.409080614E-02-0.496182645E-02-0.583105737E-02
-0.657029939E-02-0.712547546E-02-0.750285503E-02-0.772885902E-02-0.768919686E-02
-0.748663277E-02-0.710061647E-02-0.649534544E-02-0.577485337E-02-0.511737324E-02
-0.453082169E-02-0.399856887E-02-0.350981731E-02-0.305643156E-02-0.263196504E-02
-0.223126074E-02-0.185017306E-02-0.148533026E-02-0.113395292E-02-0.793723076E-03
-0.462690232E-03-0.139203333E-03 0.178138570E-03 0.490521388E-03 0.798939420E-03
 0.110420823E-02 0.140696648E-02 0.170766443E-02 0.200653464E-02 0.230354197E-02
 0.259833127E-02 0.289024677E-02 0.317846711E-02 0.346211272E-02 0.374022795E-02
 0.401170762E-02 0.427522388E-02 0.452916192E-02 0.477156017E-02 0.500005044E-02
 0.521179503E-02 0.540341843E-02 0.557093061E-02 0.570963363E-02 0.581398738E-02
 0.587735406E-02 0.589131545E-02 0.584282331E-02 0.569515057E-02 0.582603372E-02
 0.612376372E-02 0.662248914E-02 0.740181673E-02 0.833442768E-02 0.946449742E-02
 0.108814716E-01 0.124583774E-01 0.142444957E-01 0.163388173E-01 0.186164234E-01
 0.211398418E-01 0.239478550E-01 0.266496443E-01 0.293060558E-01 0.319287915E-01
 0.345256451E-01 0.371028594E-01 0.396657104E-01 0.422187140E-01 0.447657235E-01
 0.473099887E-01 0.498542020E-01 0.524005359E-01 0.549506758E-01 0.575058481E-01
 0.600668441E-01 0.626340402E-01 0.652074145E-01 0.677865601E-01 0.703706967E-01
 0.729586787E-01 0.755490038E-01 0.781398186E-01 0.807289258E-01 0.833137907E-01
 0.858915495E-01 0.884590196E-01 0.910127123E-01 0.935488496E-01 0.960633847E-01
 0.985520277E-01 0.101010277E+00 0.103433455E+00 0.105816753E+00 0.108155276E+00
 0.110444101E+00 0.112678332E+00 0.114853161E+00 0.116963937E+00 0.119006226E+00
 0.120975876E+00 0.122869079E+00 0.124682430E+00 0.126412971E+00 0.128058238E+00
 0.129616294E+00 0.131085749E+00 0.132465774E+00 0.133756101E+00 0.134957016E+00
 0.136069331E+00 0.137094365E+00 0.138033894E+00 0.138890116E+00 0.139665596E+00
 0.140363216E+00 0.140986115E+00 0.141537642E+00 0.142021296E+00 0.189283596E-02
 0.128652341E-02 0.666581660E-03 0.305775036E-04-0.623928807E-03-0.129899237E-02
-0.199560127E-02-0.271272933E-02-0.344662388E-02-0.419118523E-02-0.493906964E-02
-0.565581983E-02-0.618662256E-02-0.653921036E-02-0.668640078E-02-0.662962579E-02
-0.635384644E-02-0.583768589E-02-0.511535477E-02-0.442761581E-02-0.382003024E-02
-0.327548024E-02-0.278091948E-02-0.232568564E-02-0.190102065E-02-0.150082222E-02
-0.112053403E-02-0.756579137E-03-0.406084945E-03-0.667101475E-04 0.263473926E-03
 0.586067655E-03 0.902404002E-03 0.121359256E-02 0.152055077E-02 0.182402467E-02
 0.212459930E-02 0.242269688E-02 0.271855331E-02 0.301213766E-02 0.330281986E-02
 0.358849913E-02 0.386721519E-02 0.413779657E-02 0.439904577E-02 0.464949358E-02
 0.488728470E-02 0.511008088E-02 0.531495392E-02 0.549825522E-02 0.565544919E-02
 0.578089372E-02 0.586754123E-02 0.590651308E-02 0.588645595E-02 0.579249630E-02
 0.560445361E-02 0.529401030E-02 0.485342215E-02 0.469486453E-02 0.478832424E-02
 0.514300223E-02 0.578069074E-02 0.662854601E-02 0.771579368E-02 0.908096457E-02
 0.106622830E-01 0.125019117E-01 0.146540969E-01 0.170728370E-01 0.198245898E-01
 0.228570876E-01 0.257468514E-01 0.285298457E-01 0.312328889E-01 0.338751266E-01
 0.364707545E-01 0.390306846E-01 0.415635064E-01 0.440760700E-01 0.465738643E-01
 0.490612770E-01 0.515417811E-01 0.540180719E-01 0.564921716E-01 0.589655087E-01
 0.614389804E-01 0.639130021E-01 0.663875468E-01 0.688621767E-01 0.713360697E-01
 0.738080410E-01 0.762765622E-01 0.787397780E-01 0.811955222E-01 0.836413331E-01
 0.860744705E-01 0.884919331E-01 0.908904786E-01 0.932666462E-01 0.956167826E-01
 0.979370713E-01 0.100223566E+00 0.102472226E+00 0.104678958E+00 0.106839662E+00
 0.108950271E+00 0.111006807E+00 0.113005427E+00 0.114942472E+00 0.116814515E+00
 0.118618411E+00 0.120351334E+00 0.122010817E+00 0.123594785E+00 0.125101577E+00
 0.126529968E+00 0.127879173E+00 0.129148853E+00 0.130339110E+00 0.131450468E+00
 0.132483859E+00 0.133440591E+00 0.134322319E+00 0.135131009E+00 0.135868901E+00
 0.136538463E+00 0.137142356E+00 0.137683391E+00 0.277537955E-02 0.222446591E-02
 0.166382671E-02 0.109220712E-02 0.508777214E-03-0.865930746E-04-0.693030829E-03
-0.130839764E-02-0.192918275E-02-0.255063740E-02-0.316710432E-02-0.377238281E-02
-0.436053771E-02-0.489090396E-02-0.517977925E-02-0.526586524E-02-0.512296766E-02
-0.471245099E-02-0.406571803E-02-0.343349151E-02-0.286775057E-02-0.235732836E-02
-0.189307252E-02-0.146501233E-02-0.106157604E-02-0.678511812E-03-0.312267645E-03
 0.400651172E-04 0.380866575E-03 0.712097303E-03 0.103538534E-02 0.135208577E-02
 0.166331300E-02 0.196996986E-02 0.227279217E-02 0.257238992E-02 0.286927415E-02
 0.316388070E-02 0.345660597E-02 0.374788798E-02 0.403842687E-02 0.432157968E-02
 0.459389990E-02 0.485506936E-02 0.510411887E-02 0.533953363E-02 0.555923627E-02
 0.576051317E-02 0.593989793E-02 0.609300914E-02 0.621433188E-02 0.629692707E-02
 0.633204835E-02 0.630864472E-02 0.621273762E-02 0.602670169E-02 0.572859101E-02
 0.529187754E-02 0.472867256E-02 0.443145566E-02 0.441499502E-02 0.468039551E-02
 0.523005517E-02 0.602041465E-02 0.706820221E-02 0.839189992E-02 0.996214407E-02
 0.118112038E-01 0.139745007E-01 0.164392108E-01 0.192561290E-01 0.223382578E-01
 0.252807320E-01 0.280979316E-01 0.308148902E-01 0.334524715E-01 0.360275568E-01
 0.385536391E-01 0.410414698E-01 0.434996166E-01 0.459349078E-01 0.483527709E-01
 0.507574885E-01 0.531523914E-01 0.555400064E-01 0.579221700E-01 0.603001174E-01
 0.626745536E-01 0.650457107E-01 0.674133936E-01 0.697770192E-01 0.721356473E-01
 0.744880088E-01 0.768325287E-01 0.791673486E-01 0.814903465E-01 0.837991569E-01
 0.860911915E-01 0.883636601E-01 0.906135938E-01 0.928378695E-01 0.950332370E-01
 0.971963480E-01 0.993237880E-01 0.101412110E+00 0.103457869E+00 0.105457663E+00
 0.107408167E+00 0.109306173E+00 0.111148631E+00 0.112932682E+00 0.114655694E+00
 0.116315299E+00 0.117909415E+00 0.119436272E+00 0.120894435E+00 0.122282813E+00
 0.123600671E+00 0.124847628E+00 0.126023660E+00 0.127129083E+00 0.128164546E+00
 0.129131007E+00 0.130029716E+00 0.130862182E+00 0.131630148E+00 0.132335565E+00
 0.132980553E+00 0.133567375E+00 0.365667335E-02 0.316652624E-02 0.266983116E-02
 0.216574085E-02 0.165407675E-02 0.113551642E-02 0.611743441E-03 0.855356513E-04
-0.439229705E-03-0.957652293E-03-0.146392838E-02-0.195144863E-02-0.241280818E-02
-0.283969305E-02-0.322521913E-02-0.348176949E-02-0.350269323E-02-0.322809804E-02
-0.270779072E-02-0.218004064E-02-0.169980847E-02-0.125876513E-02-0.850882960E-03
-0.468640538E-03-0.102264132E-03 0.250791815E-03 0.592605197E-03 0.924919227E-03
 0.124920938E-02 0.156672844E-02 0.187854158E-02 0.218554866E-02 0.248849180E-02
 0.278796806E-02 0.308446307E-02 0.337838715E-02 0.367010375E-02 0.395995915E-02
 0.424832164E-02 0.453562540E-02 0.482238248E-02 0.510127331E-02 0.536831724E-02
 0.562313402E-02 0.586482101E-02 0.609192165E-02 0.630239040E-02 0.649352536E-02
 0.666185936E-02 0.680300293E-02 0.691142894E-02 0.698018377E-02 0.700050511E-02
 0.696132474E-02 0.684864452E-02 0.664481398E-02 0.632784993E-02 0.587116499E-02
 0.528601297E-02 0.496693369E-02 0.492623722E-02 0.516574327E-02 0.568879941E-02
 0.644970514E-02 0.746585140E-02 0.875665255E-02 0.102904885E-01 0.121002638E-01
 0.142223835E-01 0.166417513E-01 0.194098905E-01 0.224411020E-01 0.253283261E-01
 0.280867688E-01 0.307414458E-01 0.333132259E-01 0.358190253E-01 0.382724054E-01
 0.406842141E-01 0.430631374E-01 0.454161319E-01 0.477487533E-01 0.500654040E-01
 0.523695223E-01 0.546637286E-01 0.569499429E-01 0.592294791E-01 0.615031216E-01
 0.637711896E-01 0.660335887E-01 0.682898548E-01 0.705391904E-01 0.727804953E-01
 0.750123938E-01 0.772332583E-01 0.794412315E-01 0.816342472E-01 0.838100512E-01
 0.859662219E-01 0.881001924E-01 0.902092724E-01 0.922906732E-01 0.943415321E-01
 0.963589398E-01 0.983399685E-01 0.100281701E+00 0.102181260E+00 0.104035841E+00
 0.105842740E+00 0.107599386E+00 0.109303366E+00 0.110952457E+00 0.112544648E+00
 0.114078162E+00 0.115551475E+00 0.116963332E+00 0.118312758E+00 0.119599064E+00
 0.120821848E+00 0.121980998E+00 0.123076680E+00 0.124109333E+00 0.125079653E+00
 0.125988578E+00 0.126837269E+00 0.127627087E+00 0.128359573E+00 0.129036422E+00
 0.129659461E+00
 0.879566936E+00 0.888292200E+00 0.893436965E+00 0.899504289E+00 0.907011214E+00
 0.912831736E+00 0.919396856E+00 0.925780821E+00 0.932430545E+00 0.939285548E+00
 0.946200366E+00 0.953304009E+00 0.960505046E+00 0.967842121E+00 0.975273912E+00
 0.982855365E+00 0.990497739E+00 0.998340285E+00 0.100619598E+01 0.101431188E+01
 0.102242784E+01 0.103074653E+01 0.103914796E+01 0.104770523E+01 0.105642419E+01
 0.106520284E+01 0.107420202E+01 0.108328007E+01 0.109254035E+01 0.110191274E+01
 0.111146039E+01 0.112113385E+01 0.113100402E+01 0.114098862E+01 0.115113791E+01
 0.116149665E+01 0.117197173E+01 0.118264583E+01 0.119349224E+01 0.120449824E+01
 0.121571145E+01 0.122710328E+01 0.123868278E+01 0.125045138E+01 0.126243603E+01
 0.127461204E+01 0.128699430E+01 0.129960504E+01 0.131241858E+01 0.132545966E+01
 0.133873181E+01 0.135224160E+01 0.136598218E+01 0.137997170E+01 0.139422022E+01
 0.140871600E+01 0.142347648E+01 0.143851862E+01 0.145382677E+01 0.146942545E+01
 0.148530923E+01 0.150150391E+01 0.151800124E+01 0.153480686E+01 0.155194537E+01
 0.156941414E+01 0.158722438E+01 0.160538824E+01 0.162390458E+01 0.164280291E+01
 0.166207588E+01 0.168175092E+01 0.170181835E+01 0.172230319E+01 0.174322705E+01
 0.176458280E+01 0.178640634E+01 0.180867382E+01 0.183144414E+01 0.185472136E+01
 0.187849706E+01 0.190281090E+01 0.192765164E+01 0.195311315E+01 0.197912561E+01
 0.200575166E+01 0.203299636E+01 0.206089320E+01 0.208952191E+01 0.211877550E+01
 0.214878373E+01 0.217955216E+01 0.221113740E+01 0.224349616E+01 0.227670127E+01
 0.231084399E+01 0.234588987E+01 0.238187646E+01 0.241892784E+01 0.245702487E+01
 0.249621261E+01 0.253658472E+01 0.257825545E+01 0.262113429E+01 0.266541932E+01
 0.271121341E+01 0.275855155E+01 0.280746759E+01 0.285830413E+01 0.291092677E+01
 0.296566736E+01 0.302267899E+01 0.308191812E+01 0.314409411E+01 0.320895413E+01
 0.327725846E+01 0.334924955E+01 0.342551425E+01 0.350666308E+01 0.359367414E+01
 0.368730113E+01 0.378970023E+01 0.390222947E+01 0.402885832E+01 0.417586284E+01
 0.435250525E+01 0.458139829E+01 0.493544288E+01 0.659893690E+01
   85   86
 0.110353739E+01-0.500000000E-01 0.110315948E+01 0.500000000E-01 0.110646550E+01
 0.125000000E+00 0.111547533E+01 0.225000000E+00 0.112638085E+01 0.300000000E+00
 0.114142722E+01 0.375000000E+00 0.115875000E+01 0.441263884E+00 0.117752309E+01
 0.500000000E+00 0.119859375E+01 0.555198569E+00 0.122515625E+01 0.613286103E+00
 0.125171875E+01 0.662026329E+00 0.127828125E+01 0.703149474E+00 0.131555661E+01
 0.750000000E+00 0.134468750E+01 0.779378293E+00 0.138453125E+01 0.810738903E+00
 0.142437500E+01 0.833627990E+00 0.146690268E+01 0.850000000E+00 0.151734375E+01
 0.861160722E+00 0.157046875E+01 0.863478924E+00 0.162359375E+01 0.857791997E+00
 0.166343750E+01 0.848105623E+00 0.171656250E+01 0.829758948E+00 0.175640625E+01
 0.811619717E+00 0.179625000E+01 0.790003527E+00 0.183609375E+01 0.765150407E+00
 0.187593750E+01 0.737158519E+00 0.191578125E+01 0.705741035E+00 0.195075809E+01
 0.675000000E+00 0.198218750E+01 0.645076348E+00 0.202203125E+01 0.603195094E+00
 0.204859375E+01 0.571887758E+00 0.208456643E+01 0.525000000E+00 0.211500000E+01
 0.480131575E+00 0.214156250E+01 0.435384597E+00 0.216812500E+01 0.384865043E+00
 0.219468750E+01 0.327169510E+00 0.221537343E+01 0.275000000E+00 0.223453125E+01
 0.218713405E+00 0.225319979E+01 0.150000000E+00 0.226603631E+01 0.750000000E-01
 0.226840562E+01-0.250000000E-01 0.225834618E+01-0.100000000E+00 0.223833585E+01
-0.175000000E+00 0.221955904E+01-0.225000000E+00 0.219468750E+01-0.279624611E+00
 0.216812500E+01-0.328499312E+00 0.213885698E+01-0.375000000E+00 0.210359161E+01
-0.425000000E+00 0.207515625E+01-0.461133981E+00 0.204206521E+01-0.500000000E+00
 0.200875000E+01-0.536549851E+00 0.197151640E+01-0.575000000E+00 0.194234375E+01
-0.603729076E+00 0.190250000E+01-0.641446035E+00 0.186598462E+01-0.675000000E+00
 0.183609375E+01-0.702047973E+00 0.179625000E+01-0.737297820E+00 0.175640625E+01
-0.772033514E+00 0.172438527E+01-0.800000000E+00 0.169000000E+01-0.830430446E+00
 0.165015625E+01-0.865404444E+00 0.161065278E+01-0.900000000E+00 0.158162356E+01
-0.925000000E+00 0.154390625E+01-0.958890538E+00 0.150406250E+01-0.994492107E+00
 0.147000192E+01-0.102500000E+01 0.143765625E+01-0.105589515E+01 0.139781250E+01
-0.109328344E+01 0.137733793E+01-0.110467259E+01 0.134468750E+01-0.104550018E+01
 0.131812500E+01-0.987054366E+00 0.129307139E+01-0.925000000E+00 0.127353368E+01
-0.875000000E+00 0.125171875E+01-0.815043172E+00 0.123000389E+01-0.750000000E+00
 0.121187500E+01-0.691765657E+00 0.119277267E+01-0.625000000E+00 0.117333112E+01
-0.550000000E+00 0.115875000E+01-0.487557979E+00 0.114546875E+01-0.422887492E+00
 0.113218750E+01-0.347716548E+00 0.111890625E+01-0.253325148E+00 0.111091053E+01
-0.175000000E+00 0.110562500E+01-0.998245282E-01 0.110353739E+01-0.500000000E-01
 0.101600000E+01 0.000000000E+00 0.101600000E+01 0.964000000E+00 0.101600000E+01
 0.968000000E+00 0.101600000E+01 0.100100000E+01 0.101600000E+01 0.101900000E+01
 0.101600000E+01 0.107700000E+01 0.101600000E+01 0.107000000E+01 0.101600000E+01
 0.109600000E+01 0.101600000E+01 0.111300000E+01 0.101600000E+01 0.113800000E+01
 0.101600000E+01 0.114700000E+01 0.101200000E+01 0.116500000E+01 0.100100000E+01
 0.121700000E+01 0.102900000E+01 0.121700000E+01 0.104200000E+01 0.116240000E+01
 0.104600000E+01 0.116238000E+01 0.105600000E+01 0.116260000E+01 0.109700000E+01
 0.116450000E+01 0.110800000E+01 0.116594000E+01 0.111600000E+01 0.116591000E+01
 0.113400000E+01 0.116896000E+01 0.114800000E+01 0.117175000E+01 0.116200000E+01
 0.117556000E+01 0.118100000E+01 0.118300000E+01 0.118200000E+01 0.118350000E+01
 0.118500000E+01 0.118500000E+01 0.119000000E+01 0.118800000E+01 0.119500000E+01
 0.119100000E+01 0.120100000E+01 0.119600000E+01 0.120900000E+01 0.120200000E+01
 0.121500000E+01 0.120800000E+01 0.122200000E+01 0.121400000E+01 0.122800000E+01
 0.122100000E+01 0.123400000E+01 0.123100000E+01 0.123900000E+01 0.123800000E+01
 0.124200000E+01 0.124400000E+01 0.124800000E+01 0.125400000E+01 0.125800000E+01
 0.127800000E+01 0.126300000E+01 0.129000000E+01 0.128000000E+01 0.133100000E+01
 0.128000000E+01 0.134700000E+01 0.128000000E+01 0.134800000E+01 0.131000000E+01
 0.134800000E+01 0.132800000E+01 0.134800000E+01 0.136100000E+01 0.134800000E+01
 0.138000000E+01 0.134800000E+01 0.141900000E+01 0.134800000E+01 0.141900000E+01
 0.131000000E+01 0.137200000E+01 0.131000000E+01 0.137200000E+01 0.129200000E+01
 0.160800000E+01 0.109500000E+01 0.164700000E+01 0.107700000E+01 0.178500000E+01
 0.107700000E+01 0.207000000E+01 0.104000000E+01 0.212800000E+01 0.993000000E+00
 0.224500000E+01 0.709000000E+00 0.232300000E+01 0.519000000E+00 0.237700000E+01
 0.389000000E+00 0.236250000E+01 0.400000000E+00 0.236443500E+01 0.222000000E+00
 0.236496900E+01 0.133000000E+00 0.236532400E+01 0.440000000E-01 0.236512100E+01
-0.440000000E-01 0.236484200E+01-0.133000000E+00 0.236433400E+01-0.222000000E+00
 0.236250000E+01-0.400000000E+00 0.237700000E+01-0.389000000E+00 0.213400000E+01
-0.973000000E+00 0.178600000E+01-0.117400000E+01 0.176800000E+01-0.121100000E+01
 0.176800000E+01-0.125000000E+01 0.168200000E+01-0.125000000E+01 0.137200000E+01
-0.125000000E+01 0.137200000E+01-0.132900000E+01 0.142000000E+01-0.132900000E+01
 0.142000000E+01-0.136300000E+01 0.127300000E+01-0.136300000E+01 0.115300000E+01
-0.136300000E+01 0.101600000E+01-0.122300000E+01 0.101600000E+01-0.122300000E+01
 0.101600000E+01-0.830000000E+00 0.101600000E+01-0.800000000E+00 0.101600000E+01
-0.415000000E+00 0.101600000E+01-0.400000000E+00 0.101600000E+01-0.100000000E-02
 0.101600000E+01 0.000000000E+00
    0 0.170000005E+01    0
 0.000000000E+00 0.605111735E-01 0.858402645E-01 0.105358827E+00 0.121216035E+00
 0.135953697E+00 0.149366100E+00 0.161755354E+00 0.173308915E+00 0.184267118E+00
 0.194638989E+00 0.204592333E+00 0.214132735E+00 0.223351253E+00 0.232245279E+00
 0.240910868E+00 0.249320511E+00 0.257507194E+00 0.265529628E+00 0.273356270E+00
 0.281046027E+00 0.288566218E+00 0.295972588E+00 0.303255288E+00 0.310419717E+00
 0.317476553E+00 0.324447866E+00 0.331324451E+00 0.338117543E+00 0.344834505E+00
 0.351473114E+00 0.358057161E+00 0.364569678E+00 0.371024814E+00 0.377428537E+00
 0.383773751E+00 0.390082115E+00 0.396340775E+00 0.402555784E+00 0.408733946E+00
 0.414875904E+00 0.420988361E+00 0.427062704E+00 0.433111471E+00 0.439137620E+00
 0.445129384E+00 0.451106283E+00 0.457062842E+00 0.462993330E+00 0.468913176E+00
 0.474811063E+00 0.480700020E+00 0.486575833E+00 0.492433997E+00 0.498291010E+00
 0.504133010E+00 0.509972899E+00 0.515805596E+00 0.521630022E+00 0.527457499E+00
 0.533278913E+00 0.539100028E+00 0.544923861E+00 0.550746117E+00 0.556574448E+00
 0.562403273E+00 0.568239080E+00 0.574082195E+00 0.579930210E+00 0.585787980E+00
 0.591653644E+00 0.597532880E+00 0.603419922E+00 0.609321448E+00 0.615237287E+00
 0.621165913E+00 0.627114558E+00 0.633073466E+00 0.639056096E+00 0.645057096E+00
 0.651075118E+00 0.657117950E+00 0.663177730E+00 0.669270747E+00 0.675379767E+00
 0.681518548E+00 0.687683387E+00 0.693872966E+00 0.700102937E+00 0.706350861E+00
 0.712637515E+00 0.718955270E+00 0.725312290E+00 0.731701185E+00 0.738124368E+00
 0.744594500E+00 0.751101707E+00 0.757647676E+00 0.764243168E+00 0.770880072E+00
 0.777564086E+00 0.784297580E+00 0.791087679E+00 0.797920168E+00 0.804813735E+00
 0.811765933E+00 0.818778703E+00 0.825845446E+00 0.832987986E+00 0.840190815E+00
 0.847467912E+00 0.854822791E+00 0.862243865E+00 0.869763425E+00 0.877357627E+00
 0.885050153E+00 0.892837613E+00 0.900732315E+00 0.908734490E+00 0.916863382E+00
 0.925119477E+00 0.933527954E+00 0.942089230E+00 0.950840035E+00 0.959813100E+00
 0.969048361E+00 0.978625659E+00 0.988706164E+00 0.100000000E+01
    0
 &OUT1
 ISHOT =       158766
 ITIME =         4200
 BETAP0 =   0.5000000000000000     
 RZERO =    1.695500016212463     
 QENP =   0.9499999880790710     
 ENP =    1.000000000000000     
 EMP =    1.000000000000000     
 PLASMA =    894801.3480400353     
 EXPMP2 =   0.3135430228370383        0.3118822991487742      
   0.2202039547701168        0.2973175091937668        0.2624732147221625      
   0.2276196790370019        0.1781956377206552        0.2150502246992242      
   6.4868759318965116E-002   0.2255527839582637        0.2074964584590553      
   0.2073718374211687        0.2199291929310233        0.2544647727928668      
   0.2152383497067432        0.3154810181264917        0.2430389301626388      
   0.3067704432587816        0.2790534940402413        0.2498085851605373      
   0.1815503789276081        0.2151949005199454        0.3100396997779084      
   0.2705418620850660        0.3274723768578754        0.2661414315648002      
   0.2642313287423004        0.2373442700328738        0.2143731579522301      
   1.7593468769901220E-002   1.9433308689889375E-002   1.7661494404340305E-003 
   6.4780495107860575E-002   0.1062417622654840        0.1710736284256974      
   0.2239295988987386        0.2065390299135292        0.2206871951345760      
   0.2510946348790007        0.2127851196463532        0.2155962289291694      
   0.2365289212300586        0.2636331712115678        0.3327591962664486      
   0.3023235576416476        0.1324287206190632       -0.1349190282013048      
  -9.8931889538487736E-002  -0.1399732653652813       -1.0147902629975064E-002 
   0.1000397807328185        0.1629459252226825        0.2437324085109925      
   0.3096729170652273        0.3134276754054347        0.3018793304894049      
   0.2217395252191642        0.1583488595657928       -8.2383383977545077E-003 
  -5.4265458407997168E-003   4.5813198408763828E-002   6.3270397528397679E-002 
   7.1076028462110766E-002   6.4043161634183582E-002  -3.5677603663383612E-003 
  -6.7761806115751990E-003  -8.5919432192427675E-002  -0.1277650948238069      
   9.0392423672612803E-004  -2.4963458304362997E-003   9.7074860583149292E-002 
  -1.6165312037435178E-002  -1.2642635429236213E-003  -6.1797213004352515E-002 
  -6.2729170025745504E-002  -6.0021310869354028E-002
 COILS =  -1.7167747631731275E-002  -1.7098780250328259E-002 
  -2.2040943512164068E-002   1.0529758974000837E-002   8.1174099320890005E-003 
  -0.1588411955684649       -0.1972470792316045       -6.3602259553678132E-004 
  -1.0166220386681243E-002  -1.8863410102725076E-002  -1.7339970105178539E-002 
  -7.0294964805175351E-003   2.0973299198983452E-002   6.0655970887198866E-002 
  -0.1401351238675567       -0.3377858925028360        0.1132623912262495      
   7.5824711002093023E-002  -7.7395328131949796E-003  -8.2799900925621100E-003 
  -1.5597489948335168E-002  -2.8763699465178920E-003   8.6913141919717565E-003 
   5.0646020311844175E-003  -1.4954337487589467E-002  -0.1660077324810117      
  -0.1531023485443523       -0.1860824203236949       -0.1377689961255601      
  -9.6855092651820882E-003  -7.1426170902105530E-003   9.9065777063098732E-003 
   3.7660073962057422E-002   7.4485820350608828E-002  -4.9316627568417063E-003 
  -0.2735083415568457       -0.2545534000934372       -0.1833647857690389      
  -0.1405600571849604        8.4094820160562744E-002   7.1260342558767675E-002 
   6.0951726790339715E-002   4.2257822834650079E-002  -5.9346800134393364E-004
 BTOR =   -1.468714807012270     
 RCENTR =    1.695500016212463     
 BRSP =   -86062.55787258482        -56546.84091250130      
   -83412.22373145241         66477.71825986767         25717.96158274126      
   -151634.2212370458        -183639.9123691311         779.3275479592791      
    32850.73331155196        -93331.14652555704        -76088.13450660500      
   -52584.64141069807         8282.902911936928         46188.51960979104      
   -85270.49413930066        -365824.2904826058         154589.7929351981      
    116730.1571655890         78.11872992563855         3.133765087337320      
    657.2925731563122        -1548.623062126499         860.9601377869978      
   0.5909435736686521        0.7276846420124944        0.2690673171158129      
  -0.2947545158589395       -0.4760498159547856        0.3290148228523857      
   0.8610346313781796        0.5012210161293676        0.3870235451026136      
    1.396057661605374         1.055466955961254       -7.7346798631554803E-002 
   0.2985147193372807        0.1920555887585359        0.4549782613111518      
   0.1512209072321233       -0.2764503324019068        0.1297942499073470      
   0.7827192399247285       -0.1679370418287587        0.5764220078702833      
  -8.8600112260610653E-002  -0.1919803583030671        0.1910461767659173      
  -4.6915634007747009E-002  -0.1564582367847525       -0.4917522515827042      
   0.2972609471542631        0.1131170124485033       -0.2672526453347384      
   0.1071343981760944        6.0798813727397372E-002  -0.4476843552637693      
   0.3455624557405519       -2.3769432020541159E-002  -2.9355746263997728E-002 
    1.003541543689527       -0.8910141988067086        5.3391708951177730E-002 
  -0.1063272824786939       -0.1373272252291994       -0.1238678465264424      
  -0.2980669983497397        0.6003208516229404       -0.3910073210154772      
  -5.1712289641367315E-002   6.8790932459143805E-002   0.1065625749111507      
  -0.1819055446619098        3.1447951878085689E-002  -0.3567185930200695      
  -0.1364267634009251       -0.3504615777878177       -0.1020311638967568      
   0.1658227066913330       -0.1636671409664437       -1.3311167887615910E-002 
  -0.3530452661678854       -0.2218157701916716       -0.2181340914718844      
   0.1247298611413547         0.000000000000000         0.000000000000000      
    0.000000000000000         0.000000000000000         0.000000000000000      
    0.000000000000000         0.000000000000000         0.000000000000000      
    0.000000000000000         0.000000000000000         0.000000000000000      
    0.000000000000000         0.000000000000000         0.000000000000000      
    0.000000000000000         0.000000000000000         0.000000000000000      
    0.000000000000000         0.000000000000000         0.000000000000000      
    0.000000000000000         0.000000000000000         0.000000000000000      
    0.000000000000000         0.000000000000000         0.000000000000000      
    0.000000000000000         0.000000000000000         0.000000000000000      
    0.000000000000000         0.000000000000000         0.000000000000000      
    0.000000000000000         0.000000000000000         0.000000000000000      
    0.000000000000000         0.000000000000000         0.000000000000000      
    0.000000000000000         0.000000000000000         0.000000000000000      
    0.000000000000000         0.000000000000000         0.000000000000000      
    0.000000000000000         0.000000000000000         0.000000000000000      
    0.000000000000000         0.000000000000000         0.000000000000000      
    0.000000000000000         0.000000000000000         0.000000000000000      
    0.000000000000000         0.000000000000000         0.000000000000000      
    0.000000000000000         0.000000000000000         0.000000000000000      
    0.000000000000000         0.000000000000000         0.000000000000000      
    0.000000000000000         0.000000000000000         0.000000000000000      
    0.000000000000000         0.000000000000000         0.000000000000000      
    0.000000000000000         0.000000000000000         0.000000000000000      
    0.000000000000000         0.000000000000000         0.000000000000000      
    0.000000000000000         0.000000000000000         0.000000000000000      
    0.000000000000000         0.000000000000000         0.000000000000000      
    0.000000000000000         0.000000000000000         0.000000000000000      
    0.000000000000000         0.000000000000000         0.000000000000000      
    0.000000000000000         0.000000000000000         0.000000000000000      
    0.000000000000000         0.000000000000000         0.000000000000000      
    0.000000000000000         0.000000000000000         0.000000000000000      
    0.000000000000000         0.000000000000000         0.000000000000000      
    0.000000000000000         0.000000000000000         0.000000000000000      
    0.000000000000000         0.000000000000000         0.000000000000000      
    0.000000000000000         0.000000000000000         0.000000000000000      
    0.000000000000000         0.000000000000000         0.000000000000000      
    0.000000000000000         0.000000000000000         0.000000000000000      
    0.000000000000000         0.000000000000000         0.000000000000000      
    0.000000000000000         0.000000000000000         0.000000000000000      
    0.000000000000000         0.000000000000000         0.000000000000000      
    0.000000000000000         0.000000000000000         0.000000000000000      
    0.000000000000000         0.000000000000000         0.000000000000000      
    0.000000000000000         0.000000000000000         0.000000000000000      
    0.000000000000000         0.000000000000000         0.000000000000000      
    0.000000000000000         0.000000000000000         0.000000000000000      
    0.000000000000000         0.000000000000000         0.000000000000000      
    0.000000000000000         0.000000000000000         0.000000000000000      
    0.000000000000000         0.000000000000000         0.000000000000000      
    0.000000000000000         0.000000000000000         0.000000000000000      
    0.000000000000000         0.000000000000000         0.000000000000000      
    0.000000000000000         0.000000000000000         0.000000000000000      
    0.000000000000000         0.000000000000000         0.000000000000000      
    0.000000000000000         0.000000000000000         0.000000000000000      
    0.000000000000000         0.000000000000000         0.000000000000000      
    0.000000000000000         0.000000000000000         0.000000000000000      
    0.000000000000000         0.000000000000000         0.000000000000000      
    0.000000000000000         0.000000000000000         0.000000000000000      
    0.000000000000000         0.000000000000000         0.000000000000000      
    0.000000000000000         0.000000000000000         0.000000000000000      
    0.000000000000000         0.000000000000000         0.000000000000000      
    0.000000000000000         0.000000000000000         0.000000000000000      
    0.000000000000000         0.000000000000000         0.000000000000000      
    0.000000000000000         0.000000000000000         0.000000000000000      
    0.000000000000000         0.000000000000000         0.000000000000000      
    0.000000000000000         0.000000000000000         0.000000000000000      
    0.000000000000000         0.000000000000000         0.000000000000000      
    0.000000000000000         0.000000000000000         0.000000000000000      
    0.000000000000000         0.000000000000000         0.000000000000000      
    0.000000000000000         0.000000000000000         0.000000000000000      
    0.000000000000000         0.000000000000000         0.000000000000000      
    0.000000000000000         0.000000000000000         0.000000000000000      
    0.000000000000000         0.000000000000000         0.000000000000000      
    0.000000000000000         0.000000000000000         0.000000000000000      
    0.000000000000000         0.000000000000000         0.000000000000000      
    0.000000000000000         0.000000000000000         0.000000000000000      
    0.000000000000000         0.000000000000000         0.000000000000000      
    0.000000000000000         0.000000000000000         0.000000000000000      
    0.000000000000000         0.000000000000000         0.000000000000000      
    0.000000000000000         0.000000000000000         0.000000000000000      
    0.000000000000000         0.000000000000000         0.000000000000000      
    0.000000000000000         0.000000000000000         0.000000000000000      
    0.000000000000000         0.000000000000000         0.000000000000000      
    0.000000000000000         0.000000000000000         0.000000000000000      
    0.000000000000000         0.000000000000000         0.000000000000000      
    0.000000000000000         0.000000000000000         0.000000000000000      
    0.000000000000000         0.000000000000000         0.000000000000000      
    0.000000000000000         0.000000000000000         0.000000000000000      
    0.000000000000000         0.000000000000000         0.000000000000000      
    0.000000000000000         0.000000000000000         0.000000000000000      
    0.000000000000000         0.000000000000000         0.000000000000000      
    0.000000000000000         0.000000000000000         0.000000000000000      
    0.000000000000000         0.000000000000000         0.000000000000000      
    0.000000000000000         0.000000000000000         0.000000000000000      
    0.000000000000000         0.000000000000000         0.000000000000000      
    0.000000000000000         0.000000000000000         0.000000000000000      
    0.000000000000000         0.000000000000000         0.000000000000000      
    0.000000000000000         0.000000000000000         0.000000000000000      
    0.000000000000000         0.000000000000000         0.000000000000000      
    0.000000000000000         0.000000000000000         0.000000000000000      
    0.000000000000000         0.000000000000000         0.000000000000000      
    0.000000000000000         0.000000000000000         0.000000000000000      
    0.000000000000000         0.000000000000000         0.000000000000000      
    0.000000000000000         0.000000000000000         0.000000000000000      
    0.000000000000000         0.000000000000000         0.000000000000000      
    0.000000000000000         0.000000000000000         0.000000000000000      
    0.000000000000000         0.000000000000000         0.000000000000000      
    0.000000000000000         0.000000000000000         0.000000000000000      
    0.000000000000000         0.000000000000000         0.000000000000000      
    0.000000000000000         0.000000000000000         0.000000000000000      
    0.000000000000000         0.000000000000000         0.000000000000000      
    0.000000000000000         0.000000000000000         0.000000000000000      
    0.000000000000000         0.000000000000000         0.000000000000000      
    0.000000000000000         0.000000000000000         0.000000000000000      
    0.000000000000000         0.000000000000000         0.000000000000000      
    0.000000000000000         0.000000000000000         0.000000000000000      
    0.000000000000000         0.000000000000000         0.000000000000000      
    0.000000000000000         0.000000000000000         0.000000000000000      
    0.000000000000000         0.000000000000000         0.000000000000000      
    0.000000000000000         0.000000000000000         0.000000000000000      
    0.000000000000000         0.000000000000000         0.000000000000000      
    0.000000000000000         0.000000000000000         0.000000000000000      
    0.000000000000000         0.000000000000000         0.000000000000000      
    0.000000000000000         0.000000000000000         0.000000000000000      
    0.000000000000000         0.000000000000000         0.000000000000000      
    0.000000000000000         0.000000000000000         0.000000000000000      
    0.000000000000000         0.000000000000000         0.000000000000000      
    0.000000000000000         0.000000000000000         0.000000000000000      
    0.000000000000000         0.000000000000000         0.000000000000000      
    0.000000000000000         0.000000000000000         0.000000000000000      
    0.000000000000000         0.000000000000000         0.000000000000000      
    0.000000000000000         0.000000000000000         0.000000000000000      
    0.000000000000000         0.000000000000000         0.000000000000000      
    0.000000000000000         0.000000000000000         0.000000000000000      
    0.000000000000000         0.000000000000000         0.000000000000000      
    0.000000000000000         0.000000000000000         0.000000000000000      
    0.000000000000000         0.000000000000000         0.000000000000000      
    0.000000000000000         0.000000000000000         0.000000000000000      
    0.000000000000000         0.000000000000000         0.000000000000000      
    0.000000000000000         0.000000000000000         0.000000000000000      
    0.000000000000000         0.000000000000000         0.000000000000000      
    0.000000000000000         0.000000000000000         0.000000000000000      
    0.000000000000000         0.000000000000000         0.000000000000000      
    0.000000000000000         0.000000000000000         0.000000000000000      
    0.000000000000000         0.000000000000000         0.000000000000000      
    0.000000000000000         0.000000000000000         0.000000000000000      
    0.000000000000000         0.000000000000000         0.000000000000000      
    0.000000000000000         0.000000000000000         0.000000000000000      
    0.000000000000000         0.000000000000000         0.000000000000000      
    0.000000000000000         0.000000000000000         0.000000000000000      
    0.000000000000000         0.000000000000000         0.000000000000000      
    0.000000000000000         0.000000000000000         0.000000000000000      
    0.000000000000000         0.000000000000000         0.000000000000000      
    0.000000000000000         0.000000000000000         0.000000000000000      
    0.000000000000000         0.000000000000000         0.000000000000000      
    0.000000000000000         0.000000000000000         0.000000000000000      
    0.000000000000000         0.000000000000000         0.000000000000000      
    0.000000000000000         0.000000000000000         0.000000000000000      
    0.000000000000000         0.000000000000000         0.000000000000000      
    0.000000000000000         0.000000000000000         0.000000000000000      
    0.000000000000000         0.000000000000000         0.000000000000000      
    0.000000000000000         0.000000000000000         0.000000000000000      
    0.000000000000000         0.000000000000000         0.000000000000000      
    0.000000000000000         0.000000000000000         0.000000000000000      
    0.000000000000000         0.000000000000000         0.000000000000000      
    0.000000000000000         0.000000000000000         0.000000000000000      
    0.000000000000000         0.000000000000000         0.000000000000000      
    0.000000000000000         0.000000000000000         0.000000000000000      
    0.000000000000000         0.000000000000000         0.000000000000000      
    0.000000000000000         0.000000000000000         0.000000000000000      
    0.000000000000000         0.000000000000000         0.000000000000000      
    0.000000000000000         0.000000000000000         0.000000000000000      
    0.000000000000000         0.000000000000000         0.000000000000000      
    0.000000000000000         0.000000000000000         0.000000000000000      
    0.000000000000000         0.000000000000000         0.000000000000000      
    0.000000000000000         0.000000000000000         0.000000000000000     
 ICURRT =            2
 RBDRY =    1.103537393064143         1.103159479693465      
    1.106465500748519         1.115475327914547         1.126380851979877      
    1.141427222213082         1.158750000000000         1.177523086660654      
    1.198593750000000         1.225156250000000         1.251718750000000      
    1.278281250000000         1.315556609422998         1.344687500000000      
    1.384531250000000         1.424375000000000         1.466902682225595      
    1.517343750000000         1.570468750000000         1.623593750000000      
    1.663437500000000         1.716562500000000         1.756406250000000      
    1.796250000000000         1.836093750000000         1.875937500000000      
    1.915781250000000         1.950758094711894         1.982187500000000      
    2.022031250000000         2.048593750000000         2.084566430058110      
    2.115000000000000         2.141562500000000         2.168125000000000      
    2.194687500000000         2.215373430902210         2.234531250000000      
    2.253199790120896         2.266036314671342         2.268405615573011      
    2.258346184839124         2.238335845814644         2.219559039342837      
    2.194687500000000         2.168125000000000         2.138856982075942      
    2.103591609216076         2.075156250000000         2.042065208011256      
    2.008750000000000         1.971516396422299         1.942343750000000      
    1.902500000000000         1.865984623264878         1.836093750000000      
    1.796250000000000         1.756406250000000         1.724385272758415      
    1.690000000000000         1.650156250000000         1.610652784181737      
    1.581623556521569         1.543906250000000         1.504062500000000      
    1.470001924818314         1.437656250000000         1.397812500000000      
    1.377337933728102         1.344687500000000         1.318125000000000      
    1.293071394226197         1.273533678276028         1.251718750000000      
    1.230003893925146         1.211875000000000         1.192772673621790      
    1.173331117911922         1.158750000000000         1.145468750000000      
    1.132187500000000         1.118906250000000         1.110910533624652      
    1.105625000000000         1.103537393064143         0.000000000000000      
    0.000000000000000         0.000000000000000         0.000000000000000      
    0.000000000000000         0.000000000000000         0.000000000000000      
    0.000000000000000         0.000000000000000         0.000000000000000      
    0.000000000000000         0.000000000000000         0.000000000000000      
    0.000000000000000         0.000000000000000         0.000000000000000      
    0.000000000000000         0.000000000000000         0.000000000000000      
    0.000000000000000         0.000000000000000         0.000000000000000      
    0.000000000000000         0.000000000000000         0.000000000000000      
    0.000000000000000         0.000000000000000         0.000000000000000      
    0.000000000000000         0.000000000000000         0.000000000000000      
    0.000000000000000         0.000000000000000         0.000000000000000      
    0.000000000000000         0.000000000000000         0.000000000000000      
    0.000000000000000         0.000000000000000         0.000000000000000      
    0.000000000000000         0.000000000000000         0.000000000000000      
    0.000000000000000         0.000000000000000         0.000000000000000      
    0.000000000000000         0.000000000000000         0.000000000000000      
    0.000000000000000         0.000000000000000         0.000000000000000      
    0.000000000000000         0.000000000000000         0.000000000000000      
    0.000000000000000         0.000000000000000         0.000000000000000      
    0.000000000000000         0.000000000000000         0.000000000000000      
    0.000000000000000         0.000000000000000         0.000000000000000      
    0.000000000000000         0.000000000000000         0.000000000000000      
    0.000000000000000         0.000000000000000         0.000000000000000      
    0.000000000000000         0.000000000000000         0.000000000000000      
    0.000000000000000         0.000000000000000         0.000000000000000      
    0.000000000000000         0.000000000000000         0.000000000000000      
    0.000000000000000         0.000000000000000         0.000000000000000      
    0.000000000000000         0.000000000000000         0.000000000000000      
    0.000000000000000         0.000000000000000         0.000000000000000      
    0.000000000000000         0.000000000000000         0.000000000000000      
    0.000000000000000         0.000000000000000         0.000000000000000      
    0.000000000000000         0.000000000000000         0.000000000000000      
    0.000000000000000         0.000000000000000         0.000000000000000      
    0.000000000000000         0.000000000000000         0.000000000000000      
    0.000000000000000         0.000000000000000         0.000000000000000      
    0.000000000000000         0.000000000000000         0.000000000000000      
    0.000000000000000         0.000000000000000         0.000000000000000      
    0.000000000000000         0.000000000000000         0.000000000000000      
    0.000000000000000         0.000000000000000         0.000000000000000      
    0.000000000000000         0.000000000000000         0.000000000000000      
    0.000000000000000         0.000000000000000         0.000000000000000      
    0.000000000000000         0.000000000000000         0.000000000000000      
    0.000000000000000         0.000000000000000         0.000000000000000      
    0.000000000000000         0.000000000000000         0.000000000000000      
    0.000000000000000         0.000000000000000         0.000000000000000      
    0.000000000000000         0.000000000000000         0.000000000000000      
    0.000000000000000         0.000000000000000         0.000000000000000      
    0.000000000000000         0.000000000000000         0.000000000000000      
    0.000000000000000         0.000000000000000         0.000000000000000      
    0.000000000000000         0.000000000000000         0.000000000000000      
    0.000000000000000         0.000000000000000         0.000000000000000      
    0.000000000000000         0.000000000000000         0.000000000000000      
    0.000000000000000         0.000000000000000         0.000000000000000      
    0.000000000000000         0.000000000000000         0.000000000000000      
    0.000000000000000         0.000000000000000         0.000000000000000      
    0.000000000000000         0.000000000000000         0.000000000000000      
    0.000000000000000         0.000000000000000         0.000000000000000      
    0.000000000000000         0.000000000000000         0.000000000000000      
    0.000000000000000         0.000000000000000         0.000000000000000      
    0.000000000000000         0.000000000000000         0.000000000000000      
    0.000000000000000         0.000000000000000         0.000000000000000      
    0.000000000000000         0.000000000000000         0.000000000000000      
    0.000000000000000         0.000000000000000         0.000000000000000      
    0.000000000000000         0.000000000000000         0.000000000000000      
    0.000000000000000         0.000000000000000         0.000000000000000      
    0.000000000000000         0.000000000000000         0.000000000000000      
    0.000000000000000         0.000000000000000         0.000000000000000      
    0.000000000000000         0.000000000000000         0.000000000000000      
    0.000000000000000         0.000000000000000         0.000000000000000      
    0.000000000000000         0.000000000000000         0.000000000000000      
    0.000000000000000         0.000000000000000         0.000000000000000      
    0.000000000000000     
 ZBDRY =  -5.0000000000000044E-002   5.0000000000000044E-002 
   0.1250000000000000        0.2250000000000001        0.3000000000000000      
   0.3750000000000000        0.4412638835884904        0.5000000000000000      
   0.5551985691864845        0.6132861027952543        0.6620263285982938      
   0.7031494741188767        0.7500000000000000        0.7793782931643450      
   0.8107389031072069        0.8336279902401291        0.8500000000000001      
   0.8611607221565354        0.8634789236917858        0.8577919965925471      
   0.8481056230369305        0.8297589477166393        0.8116197166643364      
   0.7900035273129945        0.7651504066248686        0.7371585186014223      
   0.7057410353178196        0.6749999999999998        0.6450763481592868      
   0.6031950938981183        0.5718877581861126        0.5249999999999999      
   0.4801315748743217        0.4353845970053999        0.3848650434277354      
   0.3271695098502918        0.2749999999999999        0.2187134050551830      
   0.1499999999999999        7.4999999999999956E-002  -2.4999999999999911E-002 
  -0.1000000000000001       -0.1750000000000000       -0.2250000000000001      
  -0.2796246112889175       -0.3284993118332901       -0.3750000000000000      
  -0.4250000000000000       -0.4611339810389419       -0.5000000000000000      
  -0.5365498511846405       -0.5750000000000000       -0.6037290759436259      
  -0.6414460348697621       -0.6750000000000000       -0.7020479731773590      
  -0.7372978195897816       -0.7720335142639827       -0.8000000000000000      
  -0.8304304462374817       -0.8654044444623289       -0.9000000000000000      
  -0.9250000000000000       -0.9588905379422039       -0.9944921067370253      
   -1.025000000000000        -1.055895147156086        -1.093283442295714      
   -1.104672588995162        -1.045500184973159       -0.9870543662494508      
  -0.9250000000000000       -0.8750000000000000       -0.8150431721252775      
  -0.7500000000000000       -0.6917656572684187       -0.6250000000000000      
  -0.5500000000000000       -0.4875579789516121       -0.4228874915862925      
  -0.3477165478730472       -0.2533251482867689       -0.1750000000000000      
  -9.9824528194686277E-002  -5.0000000000000044E-002    0.000000000000000      
    0.000000000000000         0.000000000000000         0.000000000000000      
    0.000000000000000         0.000000000000000         0.000000000000000      
    0.000000000000000         0.000000000000000         0.000000000000000      
    0.000000000000000         0.000000000000000         0.000000000000000      
    0.000000000000000         0.000000000000000         0.000000000000000      
    0.000000000000000         0.000000000000000         0.000000000000000      
    0.000000000000000         0.000000000000000         0.000000000000000      
    0.000000000000000         0.000000000000000         0.000000000000000      
    0.000000000000000         0.000000000000000         0.000000000000000      
    0.000000000000000         0.000000000000000         0.000000000000000      
    0.000000000000000         0.000000000000000         0.000000000000000      
    0.000000000000000         0.000000000000000         0.000000000000000      
    0.000000000000000         0.000000000000000         0.000000000000000      
    0.000000000000000         0.000000000000000         0.000000000000000      
    0.000000000000000         0.000000000000000         0.000000000000000      
    0.000000000000000         0.000000000000000         0.000000000000000      
    0.000000000000000         0.000000000000000         0.000000000000000      
    0.000000000000000         0.000000000000000         0.000000000000000      
    0.000000000000000         0.000000000000000         0.000000000000000      
    0.000000000000000         0.000000000000000         0.000000000000000      
    0.000000000000000         0.000000000000000         0.000000000000000      
    0.000000000000000         0.000000000000000         0.000000000000000      
    0.000000000000000         0.000000000000000         0.000000000000000      
    0.000000000000000         0.000000000000000         0.000000000000000      
    0.000000000000000         0.000000000000000         0.000000000000000      
    0.000000000000000         0.000000000000000         0.000000000000000      
    0.000000000000000         0.000000000000000         0.000000000000000      
    0.000000000000000         0.000000000000000         0.000000000000000      
    0.000000000000000         0.000000000000000         0.000000000000000      
    0.000000000000000         0.000000000000000         0.000000000000000      
    0.000000000000000         0.000000000000000         0.000000000000000      
    0.000000000000000         0.000000000000000         0.000000000000000      
    0.000000000000000         0.000000000000000         0.000000000000000      
    0.000000000000000         0.000000000000000         0.000000000000000      
    0.000000000000000         0.000000000000000         0.000000000000000      
    0.000000000000000         0.000000000000000         0.000000000000000      
    0.000000000000000         0.000000000000000         0.000000000000000      
    0.000000000000000         0.000000000000000         0.000000000000000      
    0.000000000000000         0.000000000000000         0.000000000000000      
    0.000000000000000         0.000000000000000         0.000000000000000      
    0.000000000000000         0.000000000000000         0.000000000000000      
    0.000000000000000         0.000000000000000         0.000000000000000      
    0.000000000000000         0.000000000000000         0.000000000000000      
    0.000000000000000         0.000000000000000         0.000000000000000      
    0.000000000000000         0.000000000000000         0.000000000000000      
    0.000000000000000         0.000000000000000         0.000000000000000      
    0.000000000000000         0.000000000000000         0.000000000000000      
    0.000000000000000         0.000000000000000         0.000000000000000      
    0.000000000000000         0.000000000000000         0.000000000000000      
    0.000000000000000         0.000000000000000         0.000000000000000      
    0.000000000000000         0.000000000000000         0.000000000000000      
    0.000000000000000         0.000000000000000         0.000000000000000      
    0.000000000000000         0.000000000000000         0.000000000000000      
    0.000000000000000         0.000000000000000         0.000000000000000      
    0.000000000000000         0.000000000000000         0.000000000000000      
    0.000000000000000         0.000000000000000         0.000000000000000      
    0.000000000000000         0.000000000000000         0.000000000000000      
    0.000000000000000         0.000000000000000         0.000000000000000      
    0.000000000000000         0.000000000000000         0.000000000000000      
    0.000000000000000         0.000000000000000         0.000000000000000      
    0.000000000000000         0.000000000000000         0.000000000000000      
    0.000000000000000         0.000000000000000         0.000000000000000      
    0.000000000000000         0.000000000000000         0.000000000000000      
    0.000000000000000         0.000000000000000         0.000000000000000      
    0.000000000000000         0.000000000000000         0.000000000000000      
    0.000000000000000         0.000000000000000         0.000000000000000      
    0.000000000000000         0.000000000000000         0.000000000000000      
    0.000000000000000         0.000000000000000         0.000000000000000      
    0.000000000000000         0.000000000000000         0.000000000000000      
    0.000000000000000         0.000000000000000         0.000000000000000      
    0.000000000000000         0.000000000000000         0.000000000000000      
    0.000000000000000     
 NBDRY =           85
 FWTSI =    999.9999525025510         505.4752889403195      
    0.000000000000000         501.9317194995457         501.7930309676274      
    235.7978034945252         0.000000000000000         503.2349623248285      
    499.6166092088650         499.5471310241703         500.6785056760268      
    499.9505773847467         502.3597398002359         443.1487341826488      
    273.2013330558481         103.7324987206012         260.6334523868712      
    367.0905081360290         499.7956781308779         499.7710703509500      
    497.5993597776484         500.3987254007589         501.5756597901424      
    501.1384851617540         497.6835070615903         225.9066504502287      
    248.2195625696236         199.2918816742658         274.2627773538654      
    504.2625385702874         0.000000000000000         505.3706835117000      
    514.6271196777775         358.0922412023268         501.9676136093864      
    134.3457923958230         143.6168747241250         0.000000000000000      
    267.0602266480721         326.7978186609471         376.5513482420387      
    0.000000000000000         498.9027376624995         505.1692152299681     
 FWTCUR =   3.7433035185362835E-005
 MXITER =           25
 NXITER =            1
 LIMITR =           85
 XLIM =    1.016000000000000         1.016000000000000      
    1.016000000000000         1.016000000000000         1.016000000000000      
    1.016000000000000         1.016000000000000         1.016000000000000      
    1.016000000000000         1.016000000000000         1.016000000000000      
    1.012000000000000         1.001000000000000         1.029000000000000      
    1.042000000000000         1.046000000000000         1.056000000000000      
    1.097000000000000         1.108000000000000         1.116000000000000      
    1.134000000000000         1.148000000000000         1.162000000000000      
    1.181000000000000         1.182000000000000         1.185000000000000      
    1.190000000000000         1.195000000000000         1.201000000000000      
    1.209000000000000         1.215000000000000         1.222000000000000      
    1.228000000000000         1.234000000000000         1.239000000000000      
    1.242000000000000         1.248000000000000         1.258000000000000      
    1.263000000000000         1.280000000000000         1.280000000000000      
    1.280000000000000         1.310000000000000         1.328000000000000      
    1.361000000000000         1.380000000000000         1.419000000000000      
    1.419000000000000         1.372000000000000         1.372000000000000      
    1.608000000000000         1.647000000000000         1.785000000000000      
    2.070000000000000         2.128000000000000         2.245000000000000      
    2.323000000000000         2.377000000000000         2.362500000000000      
    2.364435000000000         2.364969000000000         2.365324000000000      
    2.365121000000000         2.364842000000000         2.364334000000000      
    2.362500000000000         2.377000000000000         2.134000000000000      
    1.786000000000000         1.768000000000000         1.768000000000000      
    1.682000000000000         1.372000000000000         1.372000000000000      
    1.420000000000000         1.420000000000000         1.273000000000000      
    1.153000000000000         1.016000000000000         1.016000000000000      
    1.016000000000000         1.016000000000000         1.016000000000000      
    1.016000000000000         1.016000000000000         1.016000000000000      
    0.000000000000000         0.000000000000000         0.000000000000000      
    0.000000000000000         0.000000000000000         0.000000000000000      
    0.000000000000000         0.000000000000000         0.000000000000000      
    0.000000000000000         0.000000000000000         0.000000000000000      
    0.000000000000000         0.000000000000000         0.000000000000000      
    0.000000000000000         0.000000000000000         0.000000000000000      
    0.000000000000000         0.000000000000000         0.000000000000000      
    0.000000000000000         0.000000000000000         0.000000000000000      
    0.000000000000000         0.000000000000000         0.000000000000000      
    0.000000000000000         0.000000000000000         0.000000000000000      
    0.000000000000000         0.000000000000000         0.000000000000000      
    0.000000000000000         0.000000000000000         0.000000000000000      
    0.000000000000000         0.000000000000000         0.000000000000000      
    0.000000000000000         0.000000000000000         0.000000000000000      
    0.000000000000000         0.000000000000000         0.000000000000000      
    0.000000000000000         0.000000000000000         0.000000000000000      
    0.000000000000000         0.000000000000000         0.000000000000000      
    0.000000000000000         0.000000000000000         0.000000000000000      
    0.000000000000000         0.000000000000000         0.000000000000000      
    0.000000000000000         0.000000000000000         0.000000000000000      
    0.000000000000000         0.000000000000000         0.000000000000000      
    0.000000000000000         0.000000000000000         0.000000000000000      
    0.000000000000000         0.000000000000000         0.000000000000000      
    0.000000000000000         0.000000000000000         0.000000000000000      
    0.000000000000000         0.000000000000000     
 YLIM =    0.000000000000000        0.9640000000000000      
   0.9680000000000000         1.001000000000000         1.019000000000000      
    1.077000000000000         1.070000000000000         1.096000000000000      
    1.113000000000000         1.138000000000000         1.147000000000000      
    1.165000000000000         1.217000000000000         1.217000000000000      
    1.162400000000000         1.162380000000000         1.162600000000000      
    1.164500000000000         1.165940000000000         1.165910000000000      
    1.168960000000000         1.171750000000000         1.175560000000000      
    1.183000000000000         1.183500000000000         1.185000000000000      
    1.188000000000000         1.191000000000000         1.196000000000000      
    1.202000000000000         1.208000000000000         1.214000000000000      
    1.221000000000000         1.231000000000000         1.238000000000000      
    1.244000000000000         1.254000000000000         1.278000000000000      
    1.290000000000000         1.331000000000000         1.347000000000000      
    1.348000000000000         1.348000000000000         1.348000000000000      
    1.348000000000000         1.348000000000000         1.348000000000000      
    1.310000000000000         1.310000000000000         1.292000000000000      
    1.095000000000000         1.077000000000000         1.077000000000000      
    1.040000000000000        0.9930000000000000        0.7090000000000000      
   0.5190000000000000        0.3890000000000000        0.4000000000000000      
   0.2220000000000000        0.1330000000000000        4.3999999999999997E-002 
  -4.3999999999999997E-002  -0.1330000000000000       -0.2220000000000000      
  -0.4000000000000000       -0.3890000000000000       -0.9730000000000000      
   -1.174000000000000        -1.211000000000000        -1.250000000000000      
   -1.250000000000000        -1.250000000000000        -1.329000000000000      
   -1.329000000000000        -1.363000000000000        -1.363000000000000      
   -1.363000000000000        -1.223000000000000        -1.223000000000000      
  -0.8300000000000000       -0.8000000000000000       -0.4150000000000000      
  -0.4000000000000000       -1.0000000000000000E-003    0.000000000000000      
    0.000000000000000         0.000000000000000         0.000000000000000      
    0.000000000000000         0.000000000000000         0.000000000000000      
    0.000000000000000         0.000000000000000         0.000000000000000      
    0.000000000000000         0.000000000000000         0.000000000000000      
    0.000000000000000         0.000000000000000         0.000000000000000      
    0.000000000000000         0.000000000000000         0.000000000000000      
    0.000000000000000         0.000000000000000         0.000000000000000      
    0.000000000000000         0.000000000000000         0.000000000000000      
    0.000000000000000         0.000000000000000         0.000000000000000      
    0.000000000000000         0.000000000000000         0.000000000000000      
    0.000000000000000         0.000000000000000         0.000000000000000      
    0.000000000000000         0.000000000000000         0.000000000000000      
    0.000000000000000         0.000000000000000         0.000000000000000      
    0.000000000000000         0.000000000000000         0.000000000000000      
    0.000000000000000         0.000000000000000         0.000000000000000      
    0.000000000000000         0.000000000000000         0.000000000000000      
    0.000000000000000         0.000000000000000         0.000000000000000      
    0.000000000000000         0.000000000000000         0.000000000000000      
    0.000000000000000         0.000000000000000         0.000000000000000      
    0.000000000000000         0.000000000000000         0.000000000000000      
    0.000000000000000         0.000000000000000         0.000000000000000      
    0.000000000000000         0.000000000000000         0.000000000000000      
    0.000000000000000         0.000000000000000         0.000000000000000      
    0.000000000000000         0.000000000000000         0.000000000000000      
    0.000000000000000         0.000000000000000     
 ERROR =   1.0000000000000000E-003
 ICONVR =            2
 IBUNMN =            3
 PRESSR =    0.000000000000000         0.000000000000000      
    0.000000000000000         0.000000000000000         0.000000000000000      
    0.000000000000000         0.000000000000000         0.000000000000000      
    0.000000000000000         0.000000000000000         0.000000000000000      
    0.000000000000000         0.000000000000000         0.000000000000000      
    0.000000000000000         0.000000000000000         0.000000000000000      
    0.000000000000000         0.000000000000000         0.000000000000000      
    0.000000000000000         0.000000000000000         0.000000000000000      
    0.000000000000000         0.000000000000000         0.000000000000000      
    0.000000000000000         0.000000000000000         0.000000000000000      
    0.000000000000000         0.000000000000000         0.000000000000000      
    0.000000000000000         0.000000000000000         0.000000000000000      
    0.000000000000000         0.000000000000000         0.000000000000000      
    0.000000000000000         0.000000000000000         0.000000000000000      
    0.000000000000000         0.000000000000000         0.000000000000000      
    0.000000000000000         0.000000000000000         0.000000000000000      
    0.000000000000000         0.000000000000000         0.000000000000000      
    0.000000000000000         0.000000000000000         0.000000000000000      
    0.000000000000000         0.000000000000000         0.000000000000000      
    0.000000000000000         0.000000000000000         0.000000000000000      
    0.000000000000000         0.000000000000000         0.000000000000000      
    0.000000000000000         0.000000000000000         0.000000000000000      
    0.000000000000000         0.000000000000000         0.000000000000000      
    0.000000000000000         0.000000000000000         0.000000000000000      
    0.000000000000000         0.000000000000000         0.000000000000000      
    0.000000000000000         0.000000000000000         0.000000000000000      
    0.000000000000000         0.000000000000000         0.000000000000000      
    0.000000000000000         0.000000000000000         0.000000000000000      
    0.000000000000000         0.000000000000000         0.000000000000000      
    0.000000000000000         0.000000000000000         0.000000000000000      
    0.000000000000000         0.000000000000000         0.000000000000000      
    0.000000000000000         0.000000000000000         0.000000000000000      
    0.000000000000000         0.000000000000000         0.000000000000000      
    0.000000000000000         0.000000000000000         0.000000000000000      
    0.000000000000000         0.000000000000000         0.000000000000000      
    0.000000000000000         0.000000000000000         0.000000000000000      
    0.000000000000000         0.000000000000000         0.000000000000000      
    0.000000000000000         0.000000000000000         0.000000000000000      
    0.000000000000000         0.000000000000000         0.000000000000000      
    0.000000000000000         0.000000000000000         0.000000000000000      
    0.000000000000000         0.000000000000000         0.000000000000000      
    0.000000000000000         0.000000000000000         0.000000000000000      
    0.000000000000000         0.000000000000000         0.000000000000000      
    0.000000000000000         0.000000000000000         0.000000000000000      
    0.000000000000000         0.000000000000000         0.000000000000000      
    0.000000000000000         0.000000000000000         0.000000000000000      
    0.000000000000000         0.000000000000000         0.000000000000000      
    0.000000000000000         0.000000000000000         0.000000000000000      
    0.000000000000000         0.000000000000000         0.000000000000000      
    0.000000000000000         0.000000000000000         0.000000000000000      
    0.000000000000000         0.000000000000000         0.000000000000000      
    0.000000000000000         0.000000000000000         0.000000000000000      
    0.000000000000000         0.000000000000000         0.000000000000000      
    0.000000000000000         0.000000000000000         0.000000000000000      
    0.000000000000000         0.000000000000000         0.000000000000000      
    0.000000000000000         0.000000000000000         0.000000000000000      
    0.000000000000000         0.000000000000000         0.000000000000000      
    0.000000000000000         0.000000000000000         0.000000000000000      
    0.000000000000000         0.000000000000000         0.000000000000000      
    0.000000000000000         0.000000000000000         0.000000000000000      
    0.000000000000000         0.000000000000000         0.000000000000000      
    0.000000000000000         0.000000000000000         0.000000000000000      
    0.000000000000000         0.000000000000000         0.000000000000000      
    0.000000000000000         0.000000000000000         0.000000000000000      
    0.000000000000000         0.000000000000000         0.000000000000000      
    0.000000000000000         0.000000000000000         0.000000000000000      
    0.000000000000000         0.000000000000000         0.000000000000000      
    0.000000000000000     
 RPRESS =    0.000000000000000         0.000000000000000      
    0.000000000000000         0.000000000000000         0.000000000000000      
    0.000000000000000         0.000000000000000         0.000000000000000      
    0.000000000000000         0.000000000000000         0.000000000000000      
    0.000000000000000         0.000000000000000         0.000000000000000      
    0.000000000000000         0.000000000000000         0.000000000000000      
    0.000000000000000         0.000000000000000         0.000000000000000      
    0.000000000000000         0.000000000000000         0.000000000000000      
    0.000000000000000         0.000000000000000         0.000000000000000      
    0.000000000000000         0.000000000000000         0.000000000000000      
    0.000000000000000         0.000000000000000         0.000000000000000      
    0.000000000000000         0.000000000000000         0.000000000000000      
    0.000000000000000         0.000000000000000         0.000000000000000      
    0.000000000000000         0.000000000000000         0.000000000000000      
    0.000000000000000         0.000000000000000         0.000000000000000      
    0.000000000000000         0.000000000000000         0.000000000000000      
    0.000000000000000         0.000000000000000         0.000000000000000      
    0.000000000000000         0.000000000000000         0.000000000000000      
    0.000000000000000         0.000000000000000         0.000000000000000      
    0.000000000000000         0.000000000000000         0.000000000000000      
    0.000000000000000         0.000000000000000         0.000000000000000      
    0.000000000000000         0.000000000000000         0.000000000000000      
    0.000000000000000         0.000000000000000         0.000000000000000      
    0.000000000000000         0.000000000000000         0.000000000000000      
    0.000000000000000         0.000000000000000         0.000000000000000      
    0.000000000000000         0.000000000000000         0.000000000000000      
    0.000000000000000         0.000000000000000         0.000000000000000      
    0.000000000000000         0.000000000000000         0.000000000000000      
    0.000000000000000         0.000000000000000         0.000000000000000      
    0.000000000000000         0.000000000000000         0.000000000000000      
    0.000000000000000         0.000000000000000         0.000000000000000      
    0.000000000000000         0.000000000000000         0.000000000000000      
    0.000000000000000         0.000000000000000         0.000000000000000      
    0.000000000000000         0.000000000000000         0.000000000000000      
    0.000000000000000         0.000000000000000         0.000000000000000      
    0.000000000000000         0.000000000000000         0.000000000000000      
    0.000000000000000         0.000000000000000         0.000000000000000      
    0.000000000000000         0.000000000000000         0.000000000000000      
    0.000000000000000         0.000000000000000         0.000000000000000      
    0.000000000000000         0.000000000000000         0.000000000000000      
    0.000000000000000         0.000000000000000         0.000000000000000      
    0.000000000000000         0.000000000000000         0.000000000000000      
    0.000000000000000         0.000000000000000         0.000000000000000      
    0.000000000000000         0.000000000000000         0.000000000000000      
    0.000000000000000         0.000000000000000         0.000000000000000      
    0.000000000000000         0.000000000000000         0.000000000000000      
    0.000000000000000         0.000000000000000         0.000000000000000      
    0.000000000000000         0.000000000000000         0.000000000000000      
    0.000000000000000         0.000000000000000         0.000000000000000      
    0.000000000000000         0.000000000000000         0.000000000000000      
    0.000000000000000         0.000000000000000         0.000000000000000      
    0.000000000000000         0.000000000000000         0.000000000000000      
    0.000000000000000         0.000000000000000         0.000000000000000      
    0.000000000000000         0.000000000000000         0.000000000000000      
    0.000000000000000         0.000000000000000         0.000000000000000      
    0.000000000000000         0.000000000000000         0.000000000000000      
    0.000000000000000         0.000000000000000         0.000000000000000      
    0.000000000000000         0.000000000000000         0.000000000000000      
    0.000000000000000         0.000000000000000         0.000000000000000      
    0.000000000000000         0.000000000000000         0.000000000000000      
    0.000000000000000         0.000000000000000         0.000000000000000      
    0.000000000000000         0.000000000000000         0.000000000000000      
    0.000000000000000         0.000000000000000         0.000000000000000      
    0.000000000000000         0.000000000000000         0.000000000000000      
    0.000000000000000         0.000000000000000         0.000000000000000      
    0.000000000000000         0.000000000000000         0.000000000000000      
    0.000000000000000         0.000000000000000         0.000000000000000      
    0.000000000000000     
 QPSI =   0.8795669362184968        0.8882921995042397      
   0.8934369648403494        0.8995042893345360        0.9070112138877667      
   0.9128317361808060        0.9193968555002685        0.9257808206504925      
   0.9324305448885887        0.9392855483144893        0.9462003663887880      
   0.9533040093196338        0.9605050459235326        0.9678421207340110      
   0.9752739124082017        0.9828553648428003        0.9904977389477535      
   0.9983402850364023         1.006195977896104         1.014311884102714      
    1.022427837988078         1.030746529607711         1.039147962221318      
    1.047705227358978         1.056424187576126         1.065202838252096      
    1.074202019234421         1.083280070401103         1.092540347445646      
    1.101912742733383         1.111460392995239         1.121133850396694      
    1.131004022205933         1.140988623626901         1.151137908045935      
    1.161496650342566         1.171971731153734         1.182645834779631      
    1.193492242930960         1.204498242651645         1.215711452041187      
    1.227103284560870         1.238682777961563         1.250451379165499      
    1.262436029546391         1.274612044990045         1.286994300816752      
    1.299605044721899         1.312418575143594         1.325459658638885      
    1.338731806106916         1.352241598995126         1.365982179780392      
    1.379971697349562         1.394220216272742         1.408716000387429      
    1.423476479361123         1.438518615191773         1.453826774072763      
    1.469425445777156         1.485309234548819         1.501503910650596      
    1.518001243754796         1.534806858360501         1.551945370371688      
    1.569414143999831         1.587224377067099         1.605388239277996      
    1.623904577048061         1.642802905249810         1.662075880251389      
    1.681750922645234         1.701818347051689         1.722303194636506      
    1.743227054182476         1.764582803191937         1.786406337817696      
    1.808673821505074         1.831444138599189         1.854721359527205      
    1.878497057660402         1.902810904719022         1.927651636321992      
    1.953113146227213         1.979125614204847         2.005751664728781      
    2.032996363960666         2.060893197669716         2.089521909360770      
    2.118775498224498         2.148783734493299         2.179552163215106      
    2.211137397386129         2.243496157526089         2.276701274305119      
    2.310843992520291         2.345889869034210         2.381876456834029      
    2.418927841483410         2.457024874571971         2.496212609011778      
    2.536584720294648         2.578255452456681         2.621134285193819      
    2.665419318391192         2.711213407759565         2.758551552939226      
    2.807467585393567         2.858304125148232         2.910926770112686      
    2.965667363495256         3.022678986044028         3.081918121515933      
    3.144094113058836         3.208954130499805         3.277258464467574      
    3.349249552745255         3.425514252760455         3.506663077552150      
    3.593674135195365         3.687301128666157         3.789700230483381      
    3.902229465170392         4.028858317675221         4.175862838144323      
    4.352505251330433         4.581398290652720         4.935442878784167      
    6.598936897455310     
 PRESSW =    0.000000000000000         0.000000000000000      
    0.000000000000000         0.000000000000000         0.000000000000000      
    0.000000000000000         0.000000000000000         0.000000000000000      
    0.000000000000000         0.000000000000000         0.000000000000000      
    0.000000000000000         0.000000000000000         0.000000000000000      
    0.000000000000000         0.000000000000000         0.000000000000000      
    0.000000000000000         0.000000000000000         0.000000000000000      
    0.000000000000000         0.000000000000000         0.000000000000000      
    0.000000000000000         0.000000000000000         0.000000000000000      
    0.000000000000000         0.000000000000000         0.000000000000000      
    0.000000000000000         0.000000000000000         0.000000000000000      
    0.000000000000000         0.000000000000000         0.000000000000000      
    0.000000000000000         0.000000000000000         0.000000000000000      
    0.000000000000000         0.000000000000000         0.000000000000000      
    0.000000000000000         0.000000000000000         0.000000000000000      
    0.000000000000000         0.000000000000000         0.000000000000000      
    0.000000000000000         0.000000000000000         0.000000000000000      
    0.000000000000000         0.000000000000000         0.000000000000000      
    0.000000000000000         0.000000000000000         0.000000000000000      
    0.000000000000000         0.000000000000000         0.000000000000000      
    0.000000000000000         0.000000000000000         0.000000000000000      
    0.000000000000000         0.000000000000000         0.000000000000000      
    0.000000000000000         0.000000000000000         0.000000000000000      
    0.000000000000000         0.000000000000000         0.000000000000000      
    0.000000000000000         0.000000000000000         0.000000000000000      
    0.000000000000000         0.000000000000000         0.000000000000000      
    0.000000000000000         0.000000000000000         0.000000000000000      
    0.000000000000000         0.000000000000000         0.000000000000000      
    0.000000000000000         0.000000000000000         0.000000000000000      
    0.000000000000000         0.000000000000000         0.000000000000000      
    0.000000000000000         0.000000000000000         0.000000000000000      
    0.000000000000000         0.000000000000000         0.000000000000000      
    0.000000000000000         0.000000000000000         0.000000000000000      
    0.000000000000000         0.000000000000000         0.000000000000000      
    0.000000000000000         0.000000000000000         0.000000000000000      
    0.000000000000000         0.000000000000000         0.000000000000000      
    0.000000000000000         0.000000000000000         0.000000000000000      
    0.000000000000000         0.000000000000000         0.000000000000000      
    0.000000000000000         0.000000000000000         0.000000000000000      
    0.000000000000000         0.000000000000000         0.000000000000000      
    0.000000000000000         0.000000000000000         0.000000000000000      
    0.000000000000000         0.000000000000000         0.000000000000000      
    0.000000000000000         0.000000000000000         0.000000000000000      
    0.000000000000000     
 PRES =    51250.06452951854         50857.48490556723      
    50464.78226578623         50071.95661017553         49679.00793873514      
    49285.93625146506         48892.74154836528         48499.42382943581      
    48105.98309467665         47712.41934408779         47318.73257766923      
    46924.92279542099         46530.98999734304         46136.93418343541      
    45742.75535369808         45348.45350813106         44954.02864673435      
    44559.48076950794         44164.80987645184         43770.01596756604      
    43375.09904285055         42980.05910230536         42584.89614593048      
    42189.61017372592         41794.20118569165         41398.66918182769      
    41003.01416213404         40607.23612661069         40211.33507525764      
    39815.31100807491         39419.16392506248         39022.89382622036      
    38626.50071154854         38229.98458104703         37833.34543471583      
    37436.58327255493         37039.69809456434         36642.68990074405      
    36245.55869109407         35848.30446561440         35450.92722430503      
    35053.42696716597         34655.80369419722         34258.05740539877      
    33860.18810077063         33462.19578031279         33064.08044402526      
    32665.84209190804         32267.48072396112         31868.99634018451      
    31470.38894057821         31071.65852514221         30672.80509387652      
    30273.82864678113         29874.72918385606         29475.50670510128      
    29076.16121051682         28676.69270010266         28277.10117385880      
    27877.38663178526         27477.54907388202         27077.58850014908      
    26677.50491058645         26277.29830519413         25876.96868397211      
    25476.51604692040         25075.94039403900         24675.24172532790      
    24274.42004078711         23873.47534041662         23472.40762421644      
    23071.21689218657         22669.90314432700         22268.46638063774      
    21866.90660111879         21465.22380577014         21063.41799459180      
    20661.48916758376         20259.43732474603         19857.26246607861      
    19454.96459158149         19052.54370125468         18649.99979509817      
    18247.33287311198         17844.54293529609         17441.62998165050      
    17038.59401217522         16635.43502687024         16232.15302573558      
    15828.74800877121         15425.21997597716         15021.56892735341      
    14617.79486289997         14213.89778261683         13809.87768650400      
    13405.73457456148         13001.46844678926         12597.07930318735      
    12192.56714375575         11787.93196849445         11383.17377740346      
    10978.29257048277         10573.28834773239         10168.16110915232      
    9762.910854742548         9357.537584503087         8952.041298433931      
    8546.421996535082         8140.679678806540         7734.814345248304      
    7328.825995860374         6922.714630642750         6516.480249595433      
    6110.122852718421         5703.642440011716         5297.039011475317      
    4890.312567109225         4483.463106913438         4076.490630887958      
    3669.395139032784         3262.176631347917         2854.835107833355      
    2447.370568489100         2039.783013315151         1632.072442311509      
    1224.238855478172         816.2822528151419         408.2026343224178      
    0.000000000000000     
 NQPSI =          129
 NPRESS =            0
 SIGPRE =    0.000000000000000         0.000000000000000      
    0.000000000000000         0.000000000000000         0.000000000000000      
    0.000000000000000         0.000000000000000         0.000000000000000      
    0.000000000000000         0.000000000000000         0.000000000000000      
    0.000000000000000         0.000000000000000         0.000000000000000      
    0.000000000000000         0.000000000000000         0.000000000000000      
    0.000000000000000         0.000000000000000         0.000000000000000      
    0.000000000000000         0.000000000000000         0.000000000000000      
    0.000000000000000         0.000000000000000         0.000000000000000      
    0.000000000000000         0.000000000000000         0.000000000000000      
    0.000000000000000         0.000000000000000         0.000000000000000      
    0.000000000000000         0.000000000000000         0.000000000000000      
    0.000000000000000         0.000000000000000         0.000000000000000      
    0.000000000000000         0.000000000000000         0.000000000000000      
    0.000000000000000         0.000000000000000         0.000000000000000      
    0.000000000000000         0.000000000000000         0.000000000000000      
    0.000000000000000         0.000000000000000         0.000000000000000      
    0.000000000000000         0.000000000000000         0.000000000000000      
    0.000000000000000         0.000000000000000         0.000000000000000      
    0.000000000000000         0.000000000000000         0.000000000000000      
    0.000000000000000         0.000000000000000         0.000000000000000      
    0.000000000000000         0.000000000000000         0.000000000000000      
    0.000000000000000         0.000000000000000         0.000000000000000      
    0.000000000000000         0.000000000000000         0.000000000000000      
    0.000000000000000         0.000000000000000         0.000000000000000      
    0.000000000000000         0.000000000000000         0.000000000000000      
    0.000000000000000         0.000000000000000         0.000000000000000      
    0.000000000000000         0.000000000000000         0.000000000000000      
    0.000000000000000         0.000000000000000         0.000000000000000      
    0.000000000000000         0.000000000000000         0.000000000000000      
    0.000000000000000         0.000000000000000         0.000000000000000      
    0.000000000000000         0.000000000000000         0.000000000000000      
    0.000000000000000         0.000000000000000         0.000000000000000      
    0.000000000000000         0.000000000000000         0.000000000000000      
    0.000000000000000         0.000000000000000         0.000000000000000      
    0.000000000000000         0.000000000000000         0.000000000000000      
    0.000000000000000         0.000000000000000         0.000000000000000      
    0.000000000000000         0.000000000000000         0.000000000000000      
    0.000000000000000         0.000000000000000         0.000000000000000      
    0.000000000000000         0.000000000000000         0.000000000000000      
    0.000000000000000         0.000000000000000         0.000000000000000      
    0.000000000000000         0.000000000000000         0.000000000000000      
    0.000000000000000         0.000000000000000         0.000000000000000      
    0.000000000000000         0.000000000000000         0.000000000000000      
    0.000000000000000         0.000000000000000         0.000000000000000      
    0.000000000000000         0.000000000000000         0.000000000000000      
    0.000000000000000         0.000000000000000         0.000000000000000      
    0.000000000000000         0.000000000000000         0.000000000000000      
    0.000000000000000         0.000000000000000         0.000000000000000      
    0.000000000000000         0.000000000000000         0.000000000000000      
    0.000000000000000         0.000000000000000         0.000000000000000      
    0.000000000000000         0.000000000000000         0.000000000000000      
    0.000000000000000         0.000000000000000         0.000000000000000      
    0.000000000000000         0.000000000000000         0.000000000000000      
    0.000000000000000         0.000000000000000         0.000000000000000      
    0.000000000000000         0.000000000000000         0.000000000000000      
    0.000000000000000         0.000000000000000         0.000000000000000      
    0.000000000000000         0.000000000000000         0.000000000000000      
    0.000000000000000         0.000000000000000         0.000000000000000      
    0.000000000000000         0.000000000000000         0.000000000000000      
    0.000000000000000         0.000000000000000         0.000000000000000      
    0.000000000000000         0.000000000000000         0.000000000000000      
    0.000000000000000         0.000000000000000         0.000000000000000      
    0.000000000000000         0.000000000000000         0.000000000000000      
    0.000000000000000         0.000000000000000         0.000000000000000      
    0.000000000000000         0.000000000000000         0.000000000000000      
    0.000000000000000         0.000000000000000         0.000000000000000      
    0.000000000000000     
 /
 &BASIS
 KPPFNC =            0,
 KPPKNT =            0,
 PPKNT =    0.000000000000000     ,
            0.000000000000000     ,
            0.000000000000000     ,
            0.000000000000000     ,
            0.000000000000000     ,
            0.000000000000000     ,
            0.000000000000000     ,
            0.000000000000000     ,
            0.000000000000000     ,
            0.000000000000000     ,
            0.000000000000000     ,
            0.000000000000000     ,
            0.000000000000000     ,
            0.000000000000000     ,
            0.000000000000000     ,
            0.000000000000000     ,
            0.000000000000000     ,
            0.000000000000000     ,
            0.000000000000000     ,
            0.000000000000000     ,
            0.000000000000000     ,
            0.000000000000000     ,
            0.000000000000000     ,
            0.000000000000000     ,
            0.000000000000000     ,
            0.000000000000000     ,
            0.000000000000000     ,
            0.000000000000000     ,
            0.000000000000000     ,
            0.000000000000000     ,
            0.000000000000000     ,
            0.000000000000000     ,
            0.000000000000000     ,
            0.000000000000000     ,
            0.000000000000000     ,
            0.000000000000000     ,
            0.000000000000000     ,
            0.000000000000000     ,
            0.000000000000000     ,
            0.000000000000000     ,
            0.000000000000000     ,
            0.000000000000000     ,
            0.000000000000000     ,
            0.000000000000000     ,
            0.000000000000000     ,
            0.000000000000000     ,
            0.000000000000000     ,
            0.000000000000000     ,
            0.000000000000000     ,
            0.000000000000000     ,
            0.000000000000000     ,
            0.000000000000000     ,
            0.000000000000000     ,
            0.000000000000000     ,
            0.000000000000000     ,
            0.000000000000000     ,
            0.000000000000000     ,
            0.000000000000000     ,
            0.000000000000000     ,
            0.000000000000000     ,
            0.000000000000000     ,
            0.000000000000000     ,
            0.000000000000000     ,
            0.000000000000000     ,
 PPTENS =    0.000000000000000     ,
 KFFFNC =            0,
 KFFKNT =            0,
 FFKNT =    0.000000000000000     ,
            0.000000000000000     ,
            0.000000000000000     ,
            0.000000000000000     ,
            0.000000000000000     ,
            0.000000000000000     ,
            0.000000000000000     ,
            0.000000000000000     ,
            0.000000000000000     ,
            0.000000000000000     ,
            0.000000000000000     ,
            0.000000000000000     ,
            0.000000000000000     ,
            0.000000000000000     ,
            0.000000000000000     ,
            0.000000000000000     ,
            0.000000000000000     ,
            0.000000000000000     ,
            0.000000000000000     ,
            0.000000000000000     ,
            0.000000000000000     ,
            0.000000000000000     ,
            0.000000000000000     ,
            0.000000000000000     ,
            0.000000000000000     ,
            0.000000000000000     ,
            0.000000000000000     ,
            0.000000000000000     ,
            0.000000000000000     ,
            0.000000000000000     ,
            0.000000000000000     ,
            0.000000000000000     ,
            0.000000000000000     ,
            0.000000000000000     ,
            0.000000000000000     ,
            0.000000000000000     ,
            0.000000000000000     ,
            0.000000000000000     ,
            0.000000000000000     ,
            0.000000000000000     ,
            0.000000000000000     ,
            0.000000000000000     ,
            0.000000000000000     ,
            0.000000000000000     ,
            0.000000000000000     ,
            0.000000000000000     ,
            0.000000000000000     ,
            0.000000000000000     ,
            0.000000000000000     ,
            0.000000000000000     ,
            0.000000000000000     ,
            0.000000000000000     ,
            0.000000000000000     ,
            0.000000000000000     ,
            0.000000000000000     ,
            0.000000000000000     ,
            0.000000000000000     ,
            0.000000000000000     ,
            0.000000000000000     ,
            0.000000000000000     ,
            0.000000000000000     ,
            0.000000000000000     ,
            0.000000000000000     ,
            0.000000000000000     ,
 FFTENS =    0.000000000000000     ,
 KWWFNC =            0,
 KWWKNT =            0,
 WWKNT =    0.000000000000000     ,
            0.000000000000000     ,
            0.000000000000000     ,
            0.000000000000000     ,
            0.000000000000000     ,
            0.000000000000000     ,
            0.000000000000000     ,
            0.000000000000000     ,
            0.000000000000000     ,
            0.000000000000000     ,
            0.000000000000000     ,
            0.000000000000000     ,
            0.000000000000000     ,
            0.000000000000000     ,
            0.000000000000000     ,
            0.000000000000000     ,
            0.000000000000000     ,
            0.000000000000000     ,
            0.000000000000000     ,
            0.000000000000000     ,
            0.000000000000000     ,
            0.000000000000000     ,
            0.000000000000000     ,
            0.000000000000000     ,
            0.000000000000000     ,
            0.000000000000000     ,
            0.000000000000000     ,
            0.000000000000000     ,
            0.000000000000000     ,
            0.000000000000000     ,
            0.000000000000000     ,
            0.000000000000000     ,
            0.000000000000000     ,
            0.000000000000000     ,
            0.000000000000000     ,
            0.000000000000000     ,
            0.000000000000000     ,
            0.000000000000000     ,
            0.000000000000000     ,
            0.000000000000000     ,
            0.000000000000000     ,
            0.000000000000000     ,
            0.000000000000000     ,
            0.000000000000000     ,
            0.000000000000000     ,
            0.000000000000000     ,
            0.000000000000000     ,
            0.000000000000000     ,
            0.000000000000000     ,
            0.000000000000000     ,
            0.000000000000000     ,
            0.000000000000000     ,
            0.000000000000000     ,
            0.000000000000000     ,
            0.000000000000000     ,
            0.000000000000000     ,
            0.000000000000000     ,
            0.000000000000000     ,
            0.000000000000000     ,
            0.000000000000000     ,
            0.000000000000000     ,
            0.000000000000000     ,
            0.000000000000000     ,
            0.000000000000000     ,
 WWTENS =    0.000000000000000     ,
 PPBDRY =    235275.2336583942     ,
             9438.163086568889     ,
             0.000000000000000     ,
             0.000000000000000     ,
             0.000000000000000     ,
             0.000000000000000     ,
             0.000000000000000     ,
             0.000000000000000     ,
             0.000000000000000     ,
             0.000000000000000     ,
             0.000000000000000     ,
             0.000000000000000     ,
             0.000000000000000     ,
             0.000000000000000     ,
             0.000000000000000     ,
             0.000000000000000     ,
             0.000000000000000     ,
             0.000000000000000     ,
             0.000000000000000     ,
             0.000000000000000     ,
             0.000000000000000     ,
             0.000000000000000     ,
             0.000000000000000     ,
             0.000000000000000     ,
             0.000000000000000     ,
             0.000000000000000     ,
             0.000000000000000     ,
             0.000000000000000     ,
             0.000000000000000     ,
             0.000000000000000     ,
             0.000000000000000     ,
             0.000000000000000     ,
             0.000000000000000     ,
             0.000000000000000     ,
             0.000000000000000     ,
             0.000000000000000     ,
             0.000000000000000     ,
             0.000000000000000     ,
             0.000000000000000     ,
             0.000000000000000     ,
             0.000000000000000     ,
             0.000000000000000     ,
             0.000000000000000     ,
             0.000000000000000     ,
             0.000000000000000     ,
             0.000000000000000     ,
             0.000000000000000     ,
             0.000000000000000     ,
             0.000000000000000     ,
             0.000000000000000     ,
             0.000000000000000     ,
             0.000000000000000     ,
             0.000000000000000     ,
             0.000000000000000     ,
             0.000000000000000     ,
             0.000000000000000     ,
             0.000000000000000     ,
             0.000000000000000     ,
             0.000000000000000     ,
             0.000000000000000     ,
             0.000000000000000     ,
             0.000000000000000     ,
             0.000000000000000     ,
             0.000000000000000     ,
 PP2BDRY =    0.000000000000000     ,
              0.000000000000000     ,
              0.000000000000000     ,
              0.000000000000000     ,
              0.000000000000000     ,
              0.000000000000000     ,
              0.000000000000000     ,
              0.000000000000000     ,
              0.000000000000000     ,
              0.000000000000000     ,
              0.000000000000000     ,
              0.000000000000000     ,
              0.000000000000000     ,
              0.000000000000000     ,
              0.000000000000000     ,
              0.000000000000000     ,
              0.000000000000000     ,
              0.000000000000000     ,
              0.000000000000000     ,
              0.000000000000000     ,
              0.000000000000000     ,
              0.000000000000000     ,
              0.000000000000000     ,
              0.000000000000000     ,
              0.000000000000000     ,
              0.000000000000000     ,
              0.000000000000000     ,
              0.000000000000000     ,
              0.000000000000000     ,
              0.000000000000000     ,
              0.000000000000000     ,
              0.000000000000000     ,
              0.000000000000000     ,
              0.000000000000000     ,
              0.000000000000000     ,
              0.000000000000000     ,
              0.000000000000000     ,
              0.000000000000000     ,
              0.000000000000000     ,
              0.000000000000000     ,
              0.000000000000000     ,
              0.000000000000000     ,
              0.000000000000000     ,
              0.000000000000000     ,
              0.000000000000000     ,
              0.000000000000000     ,
              0.000000000000000     ,
              0.000000000000000     ,
              0.000000000000000     ,
              0.000000000000000     ,
              0.000000000000000     ,
              0.000000000000000     ,
              0.000000000000000     ,
              0.000000000000000     ,
              0.000000000000000     ,
              0.000000000000000     ,
              0.000000000000000     ,
              0.000000000000000     ,
              0.000000000000000     ,
              0.000000000000000     ,
              0.000000000000000     ,
              0.000000000000000     ,
              0.000000000000000     ,
              0.000000000000000     ,
 KPPBDRY =            0,
                      0,
                      0,
                      0,
                      0,
                      0,
                      0,
                      0,
                      0,
                      0,
                      0,
                      0,
                      0,
                      0,
                      0,
                      0,
                      0,
                      0,
                      0,
                      0,
                      0,
                      0,
                      0,
                      0,
                      0,
                      0,
                      0,
                      0,
                      0,
                      0,
                      0,
                      0,
                      0,
                      0,
                      0,
                      0,
                      0,
                      0,
                      0,
                      0,
                      0,
                      0,
                      0,
                      0,
                      0,
                      0,
                      0,
                      0,
                      0,
                      0,
                      0,
                      0,
                      0,
                      0,
                      0,
                      0,
                      0,
                      0,
                      0,
                      0,
                      0,
                      0,
                      0,
                      0,
 KPP2BDRY =            0,
                       0,
                       0,
                       0,
                       0,
                       0,
                       0,
                       0,
                       0,
                       0,
                       0,
                       0,
                       0,
                       0,
                       0,
                       0,
                       0,
                       0,
                       0,
                       0,
                       0,
                       0,
                       0,
                       0,
                       0,
                       0,
                       0,
                       0,
                       0,
                       0,
                       0,
                       0,
                       0,
                       0,
                       0,
                       0,
                       0,
                       0,
                       0,
                       0,
                       0,
                       0,
                       0,
                       0,
                       0,
                       0,
                       0,
                       0,
                       0,
                       0,
                       0,
                       0,
                       0,
                       0,
                       0,
                       0,
                       0,
                       0,
                       0,
                       0,
                       0,
                       0,
                       0,
                       0,
 FFBDRY =    2.487652111878632     ,
            -5.861066423592136     ,
             3.258471786352901     ,
             0.000000000000000     ,
             0.000000000000000     ,
             0.000000000000000     ,
             0.000000000000000     ,
             0.000000000000000     ,
             0.000000000000000     ,
             0.000000000000000     ,
             0.000000000000000     ,
             0.000000000000000     ,
             0.000000000000000     ,
             0.000000000000000     ,
             0.000000000000000     ,
             0.000000000000000     ,
             0.000000000000000     ,
             0.000000000000000     ,
             0.000000000000000     ,
             0.000000000000000     ,
             0.000000000000000     ,
             0.000000000000000     ,
             0.000000000000000     ,
             0.000000000000000     ,
             0.000000000000000     ,
             0.000000000000000     ,
             0.000000000000000     ,
             0.000000000000000     ,
             0.000000000000000     ,
             0.000000000000000     ,
             0.000000000000000     ,
             0.000000000000000     ,
             0.000000000000000     ,
             0.000000000000000     ,
             0.000000000000000     ,
             0.000000000000000     ,
             0.000000000000000     ,
             0.000000000000000     ,
             0.000000000000000     ,
             0.000000000000000     ,
             0.000000000000000     ,
             0.000000000000000     ,
             0.000000000000000     ,
             0.000000000000000     ,
             0.000000000000000     ,
             0.000000000000000     ,
             0.000000000000000     ,
             0.000000000000000     ,
             0.000000000000000     ,
             0.000000000000000     ,
             0.000000000000000     ,
             0.000000000000000     ,
             0.000000000000000     ,
             0.000000000000000     ,
             0.000000000000000     ,
             0.000000000000000     ,
             0.000000000000000     ,
             0.000000000000000     ,
             0.000000000000000     ,
             0.000000000000000     ,
             0.000000000000000     ,
             0.000000000000000     ,
             0.000000000000000     ,
             0.000000000000000     ,
 FF2BDRY =    0.000000000000000     ,
              0.000000000000000     ,
              0.000000000000000     ,
              0.000000000000000     ,
              0.000000000000000     ,
              0.000000000000000     ,
              0.000000000000000     ,
              0.000000000000000     ,
              0.000000000000000     ,
              0.000000000000000     ,
              0.000000000000000     ,
              0.000000000000000     ,
              0.000000000000000     ,
              0.000000000000000     ,
              0.000000000000000     ,
              0.000000000000000     ,
              0.000000000000000     ,
              0.000000000000000     ,
              0.000000000000000     ,
              0.000000000000000     ,
              0.000000000000000     ,
              0.000000000000000     ,
              0.000000000000000     ,
              0.000000000000000     ,
              0.000000000000000     ,
              0.000000000000000     ,
              0.000000000000000     ,
              0.000000000000000     ,
              0.000000000000000     ,
              0.000000000000000     ,
              0.000000000000000     ,
              0.000000000000000     ,
              0.000000000000000     ,
              0.000000000000000     ,
              0.000000000000000     ,
              0.000000000000000     ,
              0.000000000000000     ,
              0.000000000000000     ,
              0.000000000000000     ,
              0.000000000000000     ,
              0.000000000000000     ,
              0.000000000000000     ,
              0.000000000000000     ,
              0.000000000000000     ,
              0.000000000000000     ,
              0.000000000000000     ,
              0.000000000000000     ,
              0.000000000000000     ,
              0.000000000000000     ,
              0.000000000000000     ,
              0.000000000000000     ,
              0.000000000000000     ,
              0.000000000000000     ,
              0.000000000000000     ,
              0.000000000000000     ,
              0.000000000000000     ,
              0.000000000000000     ,
              0.000000000000000     ,
              0.000000000000000     ,
              0.000000000000000     ,
              0.000000000000000     ,
              0.000000000000000     ,
              0.000000000000000     ,
              0.000000000000000     ,
 KFFBDRY =            0,
                      0,
                      0,
                      0,
                      0,
                      0,
                      0,
                      0,
                      0,
                      0,
                      0,
                      0,
                      0,
                      0,
                      0,
                      0,
                      0,
                      0,
                      0,
                      0,
                      0,
                      0,
                      0,
                      0,
                      0,
                      0,
                      0,
                      0,
                      0,
                      0,
                      0,
                      0,
                      0,
                      0,
                      0,
                      0,
                      0,
                      0,
                      0,
                      0,
                      0,
                      0,
                      0,
                      0,
                      0,
                      0,
                      0,
                      0,
                      0,
                      0,
                      0,
                      0,
                      0,
                      0,
                      0,
                      0,
                      0,
                      0,
                      0,
                      0,
                      0,
                      0,
                      0,
                      0,
 KFF2BDRY =            0,
                       0,
                       0,
                       0,
                       0,
                       0,
                       0,
                       0,
                       0,
                       0,
                       0,
                       0,
                       0,
                       0,
                       0,
                       0,
                       0,
                       0,
                       0,
                       0,
                       0,
                       0,
                       0,
                       0,
                       0,
                       0,
                       0,
                       0,
                       0,
                       0,
                       0,
                       0,
                       0,
                       0,
                       0,
                       0,
                       0,
                       0,
                       0,
                       0,
                       0,
                       0,
                       0,
                       0,
                       0,
                       0,
                       0,
                       0,
                       0,
                       0,
                       0,
                       0,
                       0,
                       0,
                       0,
                       0,
                       0,
                       0,
                       0,
                       0,
                       0,
                       0,
                       0,
                       0,
 WWBDRY =    1779.782998343238     ,
             2191.614921825870     ,
             0.000000000000000     ,
             0.000000000000000     ,
             0.000000000000000     ,
             0.000000000000000     ,
             0.000000000000000     ,
             0.000000000000000     ,
             0.000000000000000     ,
             0.000000000000000     ,
             0.000000000000000     ,
             0.000000000000000     ,
             0.000000000000000     ,
             0.000000000000000     ,
             0.000000000000000     ,
             0.000000000000000     ,
             0.000000000000000     ,
             0.000000000000000     ,
             0.000000000000000     ,
             0.000000000000000     ,
             0.000000000000000     ,
             0.000000000000000     ,
             0.000000000000000     ,
             0.000000000000000     ,
             0.000000000000000     ,
             0.000000000000000     ,
             0.000000000000000     ,
             0.000000000000000     ,
             0.000000000000000     ,
             0.000000000000000     ,
             0.000000000000000     ,
             0.000000000000000     ,
             0.000000000000000     ,
             0.000000000000000     ,
             0.000000000000000     ,
             0.000000000000000     ,
             0.000000000000000     ,
             0.000000000000000     ,
             0.000000000000000     ,
             0.000000000000000     ,
             0.000000000000000     ,
             0.000000000000000     ,
             0.000000000000000     ,
             0.000000000000000     ,
             0.000000000000000     ,
             0.000000000000000     ,
             0.000000000000000     ,
             0.000000000000000     ,
             0.000000000000000     ,
             0.000000000000000     ,
             0.000000000000000     ,
             0.000000000000000     ,
             0.000000000000000     ,
             0.000000000000000     ,
             0.000000000000000     ,
             0.000000000000000     ,
             0.000000000000000     ,
             0.000000000000000     ,
             0.000000000000000     ,
             0.000000000000000     ,
             0.000000000000000     ,
             0.000000000000000     ,
             0.000000000000000     ,
             0.000000000000000     ,
 WW2BDRY =    0.000000000000000     ,
              0.000000000000000     ,
              0.000000000000000     ,
              0.000000000000000     ,
              0.000000000000000     ,
              0.000000000000000     ,
              0.000000000000000     ,
              0.000000000000000     ,
              0.000000000000000     ,
              0.000000000000000     ,
              0.000000000000000     ,
              0.000000000000000     ,
              0.000000000000000     ,
              0.000000000000000     ,
              0.000000000000000     ,
              0.000000000000000     ,
              0.000000000000000     ,
              0.000000000000000     ,
              0.000000000000000     ,
              0.000000000000000     ,
              0.000000000000000     ,
              0.000000000000000     ,
              0.000000000000000     ,
              0.000000000000000     ,
              0.000000000000000     ,
              0.000000000000000     ,
              0.000000000000000     ,
              0.000000000000000     ,
              0.000000000000000     ,
              0.000000000000000     ,
              0.000000000000000     ,
              0.000000000000000     ,
              0.000000000000000     ,
              0.000000000000000     ,
              0.000000000000000     ,
              0.000000000000000     ,
              0.000000000000000     ,
              0.000000000000000     ,
              0.000000000000000     ,
              0.000000000000000     ,
              0.000000000000000     ,
              0.000000000000000     ,
              0.000000000000000     ,
              0.000000000000000     ,
              0.000000000000000     ,
              0.000000000000000     ,
              0.000000000000000     ,
              0.000000000000000     ,
              0.000000000000000     ,
              0.000000000000000     ,
              0.000000000000000     ,
              0.000000000000000     ,
              0.000000000000000     ,
              0.000000000000000     ,
              0.000000000000000     ,
              0.000000000000000     ,
              0.000000000000000     ,
              0.000000000000000     ,
              0.000000000000000     ,
              0.000000000000000     ,
              0.000000000000000     ,
              0.000000000000000     ,
              0.000000000000000     ,
              0.000000000000000     ,
 KWWBDRY =            0,
                      0,
                      0,
                      0,
                      0,
                      0,
                      0,
                      0,
                      0,
                      0,
                      0,
                      0,
                      0,
                      0,
                      0,
                      0,
                      0,
                      0,
                      0,
                      0,
                      0,
                      0,
                      0,
                      0,
                      0,
                      0,
                      0,
                      0,
                      0,
                      0,
                      0,
                      0,
                      0,
                      0,
                      0,
                      0,
                      0,
                      0,
                      0,
                      0,
                      0,
                      0,
                      0,
                      0,
                      0,
                      0,
                      0,
                      0,
                      0,
                      0,
                      0,
                      0,
                      0,
                      0,
                      0,
                      0,
                      0,
                      0,
                      0,
                      0,
                      0,
                      0,
                      0,
                      0,
 KWW2BDRY =            0,
                       0,
                       0,
                       0,
                       0,
                       0,
                       0,
                       0,
                       0,
                       0,
                       0,
                       0,
                       0,
                       0,
                       0,
                       0,
                       0,
                       0,
                       0,
                       0,
                       0,
                       0,
                       0,
                       0,
                       0,
                       0,
                       0,
                       0,
                       0,
                       0,
                       0,
                       0,
                       0,
                       0,
                       0,
                       0,
                       0,
                       0,
                       0,
                       0,
                       0,
                       0,
                       0,
                       0,
                       0,
                       0,
                       0,
                       0,
                       0,
                       0,
                       0,
                       0,
                       0,
                       0,
                       0,
                       0,
                       0,
                       0,
                       0,
                       0,
                       0,
                       0,
                       0,
                       0,
 KEEFNC =            0,
 KEEKNT =            0,
 EEKNT =    0.000000000000000     ,
            0.000000000000000     ,
            0.000000000000000     ,
            0.000000000000000     ,
            0.000000000000000     ,
            0.000000000000000     ,
            0.000000000000000     ,
            0.000000000000000     ,
            0.000000000000000     ,
            0.000000000000000     ,
            0.000000000000000     ,
            0.000000000000000     ,
            0.000000000000000     ,
            0.000000000000000     ,
            0.000000000000000     ,
            0.000000000000000     ,
            0.000000000000000     ,
            0.000000000000000     ,
            0.000000000000000     ,
            0.000000000000000     ,
            0.000000000000000     ,
            0.000000000000000     ,
            0.000000000000000     ,
            0.000000000000000     ,
            0.000000000000000     ,
            0.000000000000000     ,
            0.000000000000000     ,
            0.000000000000000     ,
            0.000000000000000     ,
            0.000000000000000     ,
            0.000000000000000     ,
            0.000000000000000     ,
 EETENS =    5.000000000000000     ,
 EEBDRY =    0.000000000000000     ,
             0.000000000000000     ,
             0.000000000000000     ,
             0.000000000000000     ,
             0.000000000000000     ,
             0.000000000000000     ,
             0.000000000000000     ,
             0.000000000000000     ,
             0.000000000000000     ,
             0.000000000000000     ,
             0.000000000000000     ,
             0.000000000000000     ,
             0.000000000000000     ,
             0.000000000000000     ,
             0.000000000000000     ,
             0.000000000000000     ,
             0.000000000000000     ,
             0.000000000000000     ,
             0.000000000000000     ,
             0.000000000000000     ,
             0.000000000000000     ,
             0.000000000000000     ,
             0.000000000000000     ,
             0.000000000000000     ,
             0.000000000000000     ,
             0.000000000000000     ,
             0.000000000000000     ,
             0.000000000000000     ,
             0.000000000000000     ,
             0.000000000000000     ,
             0.000000000000000     ,
             0.000000000000000     ,
 EE2BDRY =    0.000000000000000     ,
              0.000000000000000     ,
              0.000000000000000     ,
              0.000000000000000     ,
              0.000000000000000     ,
              0.000000000000000     ,
              0.000000000000000     ,
              0.000000000000000     ,
              0.000000000000000     ,
              0.000000000000000     ,
              0.000000000000000     ,
              0.000000000000000     ,
              0.000000000000000     ,
              0.000000000000000     ,
              0.000000000000000     ,
              0.000000000000000     ,
              0.000000000000000     ,
              0.000000000000000     ,
              0.000000000000000     ,
              0.000000000000000     ,
              0.000000000000000     ,
              0.000000000000000     ,
              0.000000000000000     ,
              0.000000000000000     ,
              0.000000000000000     ,
              0.000000000000000     ,
              0.000000000000000     ,
              0.000000000000000     ,
              0.000000000000000     ,
              0.000000000000000     ,
              0.000000000000000     ,
              0.000000000000000     ,
 KEEBDRY =            0,
                      0,
                      0,
                      0,
                      0,
                      0,
                      0,
                      0,
                      0,
                      0,
                      0,
                      0,
                      0,
                      0,
                      0,
                      0,
                      0,
                      0,
                      0,
                      0,
                      0,
                      0,
                      0,
                      0,
                      0,
                      0,
                      0,
                      0,
                      0,
                      0,
                      0,
                      0,
 KEE2BDRY =            0,
                       0,
                       0,
                       0,
                       0,
                       0,
                       0,
                       0,
                       0,
                       0,
                       0,
                       0,
                       0,
                       0,
                       0,
                       0,
                       0,
                       0,
                       0,
                       0,
                       0,
                       0,
                       0,
                       0,
                       0,
                       0,
                       0,
                       0,
                       0,
                       0,
                       0,
                       0
 /
 &CHIOUT
 SAISIL =   5.0259039221111196E-005,
            1.5212640500268808E-004,
             0.000000000000000     ,
            2.0310145186268357E-002,
            5.1807133846734057E-004,
            5.0811381735685803E-003,
             0.000000000000000     ,
            9.1843012567942859E-004,
            7.9510416857806535E-003,
            1.0090678177548652E-004,
            1.0612147488538134E-002,
            3.9907858009454976E-003,
            0.1035575653433157     ,
             1.339319945408471     ,
            6.7381884723624927E-002,
            5.7075264304264905E-003,
            0.4395305895104155     ,
            0.6495026163764355     ,
            2.1076050353517495E-003,
            2.5476417979220750E-003,
            6.1212838421527055E-002,
            4.1924685619196163E-003,
            3.5887759556721750E-002,
            6.7841375038013129E-004,
            3.4790540199146423E-002,
            8.3524940909194031E-002,
            0.1652693890938834     ,
            0.1079622092152144     ,
            6.7000766151223398E-002,
            1.0895815327109716E-002,
             0.000000000000000     ,
            6.4105174206789887E-005,
            0.4738652755711827     ,
            0.2604712697164691     ,
            1.5123897928305977E-003,
             1.218802111342418     ,
            0.5749177077924776     ,
             0.000000000000000     ,
            0.1459615980357796     ,
            5.6944765637604138E-002,
            1.0855697897164702E-003,
             0.000000000000000     ,
            6.8758009016525123E-002,
            4.0473892367539691E-002,
 SAIMPI =   2.8542279318858471E-004,
             0.000000000000000     ,
            1.3085137068921447E-002,
             0.000000000000000     ,
             0.000000000000000     ,
             0.000000000000000     ,
             0.000000000000000     ,
             0.000000000000000     ,
             0.000000000000000     ,
             0.000000000000000     ,
             0.000000000000000     ,
            0.7547779342751842     ,
             0.000000000000000     ,
             0.000000000000000     ,
            3.4341845819269426E-002,
             0.000000000000000     ,
            9.8814220447960392E-003,
             0.000000000000000     ,
             0.000000000000000     ,
             0.000000000000000     ,
             0.000000000000000     ,
             0.000000000000000     ,
             0.000000000000000     ,
             0.000000000000000     ,
             0.000000000000000     ,
             0.000000000000000     ,
             0.000000000000000     ,
             0.000000000000000     ,
             0.000000000000000     ,
            1.1512142829412559E-002,
            1.3246736173056151E-002,
            1.2613842756575137E-003,
            1.1625223889838374E-002,
            6.8815728321813558E-003,
            8.3391384496968507E-002,
            0.2120184176130393     ,
            3.6835729905084859E-002,
            7.5304623164310455E-002,
            7.7101440572194049E-005,
            1.9809976433382971E-003,
             0.000000000000000     ,
            0.1091461816640838     ,
            0.2371747447913738     ,
            2.0571128585588395E-002,
            2.4828489156246799E-002,
             1.454246611653045     ,
            0.7184258422645191     ,
            8.5264217649795200E-003,
            4.1866193051812432E-002,
            9.2292220463185068E-002,
            0.1713735977886148     ,
            1.2478894911821391E-003,
            4.1130319156328105E-003,
             0.000000000000000     ,
            1.6718763104924064E-002,
            2.6878205049115932E-002,
            3.1255816470569407E-003,
            8.4386795291660974E-003,
            2.2186494877482962E-002,
            2.1697682392335577E-002,
            0.1635479304810404     ,
             0.000000000000000     ,
            2.2064483935552069E-002,
             0.000000000000000     ,
             0.000000000000000     ,
            0.1661765673373080     ,
            6.3286289323309722E-002,
            4.5478360983727505E-003,
             0.000000000000000     ,
             0.000000000000000     ,
            2.5907612222614194E-002,
            3.1717564218336444E-003,
             0.000000000000000     ,
             0.000000000000000     ,
            0.1121314973495741     ,
             0.000000000000000     ,
 SAIPR =    0.000000000000000     ,
 SAIIP =   2.6178031918487263E-002
 /
                                            MAG
